[Licensing::Module] Trying to connect to existing licensing client channel...
Built from '6000.5/staging' branch; Version is '6000.5.9f1 (b57deb96f08d) revision 11894251'; Using compiler version '194234433'; Build Type 'Release'
OS: 'Windows 11  (10.0.26200) Core' Language: 'en' Physical Memory: 32637 MB
BatchMode: 1, IsHumanControllingUs: 0, StartBugReporterOnCrash: 0, Is64bit: 1
System  architecture: x64
Process architecture: x64
Date: 2026-08-21T02:53:21Z
[Licensing::IpcConnector] Successfully connected to: "LicenseClient-cmcca" at "2026-08-21T02:53:21.3160736Z"

COMMAND LINE ARGUMENTS:
C:\Program Files\Unity\Hub\Editor\6000.5.9f1\Editor\Unity.exe
-adb2
-batchMode
-noUpm
-name
AssetImportWorkerHW3
-projectPath
D:/Unity/Projects/Arch.OS
-logFile
Logs/AssetImportWorkerHW3.log
-srvPort
62258
-parentPid
39832
-analyticsCloudUserId
2476016361725
-analyticsCloudProjectId
093096ea-3254-48d0-bbc1-a85d6b7b45af
-analyticsLocalProjectId
dc460dc31702128468bb1a836be1d25f
-editorAnalyticsEnabled
1
-cbmEditorLicense
497f7d8950bfecf116d24cb625c129292b19c80c
-cbmMachineId
Ami7h+YzfzBZ3SQjOCt1Cm0Mzzs=
-licensingIpc
LicenseClient-cmcca
-noDiagnosticSwitchPersistentStore
-job-worker-count
7
-background-job-worker-count
8
-asset-garbage-collectors
1
-force-d3d12
-name
AssetImport
Successfully changed project path to: D:/Unity/Projects/Arch.OS
D:/Unity/Projects/Arch.OS
[UnityMemory] Configuration Parameters - Can be set up in boot.config
    "memorysetup-temp-allocator-size-gi-baking-worker=262144"
    "memorysetup-temp-allocator-size-gi-baking-worker=262144"
    "memorysetup-temp-allocator-size-gi-baking-worker=262144"
    "memorysetup-temp-allocator-size-gi-baking-worker=262144"
    "memorysetup-temp-allocator-size-gi-baking-worker=262144"
    "memorysetup-temp-allocator-size-nav-mesh-worker=65536"
    "memorysetup-temp-allocator-size-audio-worker=65536"
    "memorysetup-temp-allocator-size-cloud-worker=32768"
    "memorysetup-temp-allocator-size-gfx=262144"
    "memorysetup-remapper-allocator-initial-capacity=32768"
    "memorysetup-temp-allocator-size-preload-manager=33554432"
    "memorysetup-allocator-temp-initial-block-size-main=262144"
    "memorysetup-allocator-temp-initial-block-size-worker=262144"
    "memorysetup-temp-allocator-size-job-worker=262144"
    "memorysetup-temp-allocator-size-background-worker=32768"
    "memorysetup-bucket-allocator-granularity=16"
    "memorysetup-bucket-allocator-bucket-count=8"
    "memorysetup-bucket-allocator-block-size=33554432"
    "memorysetup-bucket-allocator-block-count=8"
    "memorysetup-main-allocator-block-size=16777216"
    "memorysetup-thread-allocator-block-size=16777216"
    "memorysetup-main-allocator-mimalloc-enabled=0"
    "memorysetup-gfx-main-allocator-block-size=16777216"
    "memorysetup-gfx-thread-allocator-block-size=16777216"
    "memorysetup-cache-allocator-block-size=4194304"
    "memorysetup-typetree-allocator-block-size=2097152"
    "memorysetup-profiler-bucket-allocator-granularity=16"
    "memorysetup-profiler-bucket-allocator-bucket-count=8"
    "memorysetup-profiler-bucket-allocator-block-size=33554432"
    "memorysetup-profiler-bucket-allocator-block-count=8"
    "memorysetup-profiler-allocator-block-size=16777216"
    "memorysetup-profiler-editor-allocator-block-size=1048576"
    "memorysetup-temp-allocator-size-main=16777216"
    "memorysetup-job-temp-allocator-block-size=2097152"
    "memorysetup-job-temp-allocator-block-size-background=1048576"
    "memorysetup-job-temp-allocator-reduction-small-platforms=262144"
Player connection [29400]  Target information:

Player connection [29400]  * "[IP] 192.168.0.16 [Port] 0 [Flags] 2 [Guid] 1676348057 [EditorId] 1676348057 [Version] 1048832 [Id] WindowsEditor(7,DadsHouse) [Debug] 1 [PackageName] WindowsEditor [ProjectName] Editor" 

Player connection [29400] Host joined multi-casting on [225.0.0.222:54997]...
Player connection [29400] Host joined alternative multi-casting on [225.0.0.222:34997]...
JobSystem: Creating JobQueue using job-worker-count value 7
Input System module state changed to: Initialized.
[Physics::Module] Initialized fallback backend.
[Physics::Module] Id: 0xdecafbad
Library Redirect Path: Library/
[Physics::Module] Selected backend.
[Physics::Module] Name: PhysX
[Physics::Module] Id: 0xf2b8ea05
[Physics::Module] SDK Version: 4.1.2
[Physics::Module] Integration Version: 1.0.0
[Physics::Module] Threading Mode: Multi-Threaded
Refreshing native plugins compatible for Editor in 9.86 ms, found 5 plugins.
Initialize engine version: 6000.5.9f1 (b57deb96f08d)
[Subsystems] Discovering subsystems at path C:/Program Files/Unity/Hub/Editor/6000.5.9f1/Editor/Data/Resources/UnitySubsystems
[Subsystems] Discovering subsystems at path D:/Unity/Projects/Arch.OS/Assets
Forcing GfxDevice: Direct3D 12
GfxDevice: creating device client; kGfxThreadingModeNonThreaded
d3d12: failed to query info queue interface (0x80004002).
Direct3D:
    Version:         Direct3D 12 [level 12.2]
    Renderer:        NVIDIA GeForce RTX 3060 Ti (ID=0x2489)
    Vendor:          NVIDIA
    VRAM:            8024 MB
    App VRAM Budget: 7256 MB
    Driver:          32.0.15.9186
Initialize mono
Mono path[0] = 'C:/Program Files/Unity/Hub/Editor/6000.5.9f1/Editor/Data/Managed'
Mono path[1] = 'C:/Program Files/Unity/Hub/Editor/6000.5.9f1/Editor/Data/BCLExtensions/runtime/netstandard2.1'
Mono path[2] = 'C:/Program Files/Unity/Hub/Editor/6000.5.9f1/Editor/Data/MonoBleedingEdge/lib/mono/unityjit-win32'
Mono config path = 'C:/Program Files/Unity/Hub/Editor/6000.5.9f1/Editor/Data/MonoBleedingEdge/etc'
Using monoOptions --debugger-agent=transport=dt_socket,embedding=1,server=y,suspend=n,address=127.0.0.1:56568
CodeReloadManager initialized
Begin MonoManager ReloadAssembly
Registering precompiled unity dll's ...
Register platform support module: C:/Program Files/Unity/Hub/Editor/6000.5.9f1/Editor/Data/PlaybackEngines/WebGLSupport/UnityEditor.WebGL.Extensions.dll
Register platform support module: C:/Program Files/Unity/Hub/Editor/6000.5.9f1/Editor/Data/PlaybackEngines/WindowsStandaloneSupport/UnityEditor.WindowsStandalone.Extensions.dll
Registered in 0.004340 seconds.
[Licensing::Client] Error: HandshakeResponse reported an error:
	ResponseCode: 505
	ResponseStatus: Unsupported protocol version '1.18.3'.
[Licensing::Module] Error: Failed to handshake to channel: "LicenseClient-cmcca"
[Licensing::IpcConnector] LicenseClient-cmcca channel disconnected successfully.
[Licensing::IpcConnector] Successfully connected to: "LicenseClient-cmcca-6000.5.9" at "2026-08-21T02:53:22.73439Z"
[Licensing::Client] Code 10 while verifying Licensing Client signature (process Id: 36708, path: "C:/Program Files/Unity/Hub/Editor/6000.5.9f1/Editor/Data/Resources/Licensing/Client/Unity.Licensing.Client.exe")
[Licensing::Module] LicensingClient has failed validation; ignoring
[Licensing::Client] Handshaking with LicensingClient:
  Version:                 1.18.3+d7ffd15
  Session Id:              695eb0bc4493482197d7f636f666cd49
  Correlation Id:          fb09ff000f902e754870547e7332f76c
  External correlation Id: 8177608145831015223
  Machine Id:              Ami7h+YzfzBZ3SQjOCt1Cm0Mzzs=
[Licensing::Module] Successfully connected to LicensingClient on channel: "LicenseClient-cmcca-6000.5.9" (connect: 0.00s, validation: 0.01s, handshake: 0.01s)
[Licensing::IpcConnector] Successfully connected to: "LicenseClient-cmcca-6000.5.9-notifications" at "2026-08-21T02:53:22.7535205Z"
[Licensing::Module] Licensing Background thread has ended after 1.44s
Native extension for WindowsStandalone target not found
Native extension for WebGL target not found
Package Manager log level set to [2]
[Package Manager] Failed to launch server process. Reason: Unity was launched with the -noUpm command-line argument
[Package Manager] Unable to send message (not connected to server process).
[Package Manager] Cannot connect to Unity Package Manager local server
ScheduleIndexationOnStartup MainProcess:False IndexOnStartup:True
Mono: successfully reloaded assembly
- Finished resetting the current domain, in  0.671 seconds
Domain Reload Profiling: 1402ms
	BeginReloadAssembly (218ms)
	RebuildCommonClasses (7ms)
	RebuildNativeTypeToScriptingClass (20ms)
	initialDomainReloadingComplete (120ms)
	LoadAllAssembliesAndSetupDomain (364ms)
		LoadAssemblies (213ms)
		AnalyzeDomain (268ms)
			TypeCache.Refresh (267ms)
				TypeCache.ScanAssembly (250ms)
	FinalizeReload (672ms)
		SetupLoadedEditorAssemblies (0ms)
			InitializePlatformSupportModulesInManaged (3ms)
			BeforeProcessingInitializeOnLoad (117ms)
			ProcessInitializeOnLoadAttributes (113ms)
			ProcessInitializeOnLoadMethodAttributes (334ms)
Initializing Unity extensions:
[Licensing::Client] Successfully resolved entitlement details
[Licensing::Module] License group:
  Id: 2476016361725-UnityPersXXXX
  Product: Unity Personal
  Type: Assigned
  Expiration: Unlimited
========================================================================
Worker process is ready to serve import requests
Import Worker Mode flag is 0x00
Begin MonoManager ReloadAssembly
Refreshing native plugins compatible for Editor in 4.83 ms, found 5 plugins.
Native extension for WindowsStandalone target not found
Native extension for WebGL target not found
[Package Manager] Failed to launch server process. Reason: Unity was launched with the -noUpm command-line argument
[Package Manager] Unable to send message (not connected to server process).
[Package Manager] Cannot connect to Unity Package Manager local server
Refreshing native plugins compatible for Editor in 4.98 ms, found 5 plugins.
[Package Manager] Failed to launch server process. Reason: Unity was launched with the -noUpm command-line argument
[Package Manager] Unable to send message (not connected to server process).
[Package Manager] Cannot connect to Unity Package Manager local server
ScheduleIndexationOnStartup MainProcess:False IndexOnStartup:True
Mono: successfully reloaded assembly
- Finished resetting the current domain, in  1.147 seconds
Domain Reload Profiling: 2432ms
	BeginReloadAssembly (268ms)
		DisableScriptedObjects (14ms)
		CreateAndSetChildDomain (39ms)
	RebuildCommonClasses (10ms)
	RebuildNativeTypeToScriptingClass (22ms)
	initialDomainReloadingComplete (125ms)
	LoadAllAssembliesAndSetupDomain (860ms)
		LoadAssemblies (545ms)
		AnalyzeDomain (335ms)
			TypeCache.Refresh (250ms)
				TypeCache.ScanAssembly (230ms)
			BuildScriptInfoCaches (77ms)
			ResolveRequiredComponents (6ms)
	FinalizeReload (1148ms)
		SetupLoadedEditorAssemblies (0ms)
			BeforeProcessingInitializeOnLoad (115ms)
			ProcessInitializeOnLoadAttributes (410ms)
			ProcessInitializeOnLoadMethodAttributes (316ms)
			AfterProcessingInitializeOnLoad (9ms)
		AwakeInstancesAfterBackupRestoration (11ms)
AcceleratorClientConnectionCallback - disconnected - :0
Launched and connected shader compiler UnityShaderCompiler.exe after 0.04 seconds
Refreshing native plugins compatible for Editor in 4.63 ms, found 5 plugins.
Unloading 22 Unused Serialized files (Serialized files now loaded: 0)
Curl error 3: URL rejected: Malformed input to a URL function
Unloading 7359 unused Assets / (6.6 MB). Loaded Objects now: 8369.
Memory consumption went from 353.7 MB to 347.1 MB.
Total: 11.190800 ms (FindLiveObjects: 0.673400 ms CreateObjectMapping: 2.845000 ms MarkObjects: 4.959200 ms  DeleteObjects: 2.710200 ms)

========================================================================
Received Import Request.
  Time of request: 2026-08-21T02:53:27.7552045Z
  Time since last request: 127482.18386039999314 seconds.
  importAddress: GUID: 332fa5bbacd1429da13c8290552956d3 - Path: Packages/com.unity.shadergraph/Editor/Data/Graphs/CategoryData.cs - Importer: ScriptedImporter/UnityEditor.QuickSearchModule:UnityEditor.Search:ASIAI0B
Importing 'GUID: 332fa5bbacd1429da13c8290552956d3 - Path: Packages/com.unity.shadergraph/Editor/Data/Graphs/CategoryData.cs - Importer: ScriptedImporter/UnityEditor.QuickSearchModule:UnityEditor.Search:ASIAI0B' with importer (ScriptedImporter : UnityEditor.QuickSearchModule:UnityEditor.Search:ASIAI0B)
Imported 'GUID: 332fa5bbacd1429da13c8290552956d3' -> (Import Result ID: 'd03af0355b4124d6e29586a4ccbe1197') in 0.109 seconds [static and dynamic dependencies]. Details - ImportResultOutputID=9ce213c78b113e36b9d2c7b951fdf306 DependenciesID=05b3a58fa5a677f7c99ccbdbde1d0395 StaticDependenciesID=0f4c5366c923da5e430ac1a88c3618fd 
Number of updated asset objects reloaded before import = 0
Number of asset objects unloaded after import = 0
========================================================================
Received Import Request.
  Time of request: 2026-08-21T02:53:27.876303Z
  Time since last request: 0.0002382 seconds.
  importAddress: GUID: 8b4aa8c48881d4142b1c30e408b503d8 - Path: Packages/com.unity.shadergraph/ShaderGraphLibrary/Nature/SpeedTree8Wind.hlsl - Importer: ScriptedImporter/UnityEditor.QuickSearchModule:UnityEditor.Search:ASIAI0B
Importing 'GUID: 8b4aa8c48881d4142b1c30e408b503d8 - Path: Packages/com.unity.shadergraph/ShaderGraphLibrary/Nature/SpeedTree8Wind.hlsl - Importer: ScriptedImporter/UnityEditor.QuickSearchModule:UnityEditor.Search:ASIAI0B' with importer (ScriptedImporter : UnityEditor.QuickSearchModule:UnityEditor.Search:ASIAI0B)
Imported 'GUID: 8b4aa8c48881d4142b1c30e408b503d8' -> (Import Result ID: '15b7e890448691af0ae33a7ede7ab48d') in 0.005 seconds [static and dynamic dependencies]. Details - ImportResultOutputID=3660834ab98bbc8787601ddae1bafff5 DependenciesID=dfb4994d9cea8624c805ea4f442b763e StaticDependenciesID=c93618d885d6e3cc1265244e94c89454 
Number of updated asset objects reloaded before import = 0
Number of asset objects unloaded after import = 1
========================================================================
Received Import Request.
  Time of request: 2026-08-21T02:53:27.8922188Z
  Time since last request: 0.0003915 seconds.
  importAddress: GUID: efad93f5b8245a54fb4fee128fc0f3f6 - Path: Packages/com.unity.shadergraph/Editor/Data/Graphs/BooleanMaterialSlot.cs - Importer: ScriptedImporter/UnityEditor.QuickSearchModule:UnityEditor.Search:ASIAI0B
Importing 'GUID: efad93f5b8245a54fb4fee128fc0f3f6 - Path: Packages/com.unity.shadergraph/Editor/Data/Graphs/BooleanMaterialSlot.cs - Importer: ScriptedImporter/UnityEditor.QuickSearchModule:UnityEditor.Search:ASIAI0B' with importer (ScriptedImporter : UnityEditor.QuickSearchModule:UnityEditor.Search:ASIAI0B)
Imported 'GUID: efad93f5b8245a54fb4fee128fc0f3f6' -> (Import Result ID: 'a170198e0522acefbe67f7702ec8e64b') in 0.009 seconds [static and dynamic dependencies]. Details - ImportResultOutputID=3dac6c5cf169d4532632195b10a43641 DependenciesID=73f6dbdf4fb0f6cef57bbea70ba4caa9 StaticDependenciesID=aa3303cf96d10b43e3d594cf04567067 
Number of updated asset objects reloaded before import = 0
Number of asset objects unloaded after import = 0
========================================================================
Received Import Request.
  Time of request: 2026-08-21T02:53:27.9135929Z
  Time since last request: 0.0003904 seconds.
  importAddress: GUID: 54e6f853237cbe244b9d890b2a1eba6e - Path: Packages/com.unity.shadergraph/Editor/Data/Graphs/GraphConcretization.cs - Importer: ScriptedImporter/UnityEditor.QuickSearchModule:UnityEditor.Search:ASIAI0B
Importing 'GUID: 54e6f853237cbe244b9d890b2a1eba6e - Path: Packages/com.unity.shadergraph/Editor/Data/Graphs/GraphConcretization.cs - Importer: ScriptedImporter/UnityEditor.QuickSearchModule:UnityEditor.Search:ASIAI0B' with importer (ScriptedImporter : UnityEditor.QuickSearchModule:UnityEditor.Search:ASIAI0B)
Imported 'GUID: 54e6f853237cbe244b9d890b2a1eba6e' -> (Import Result ID: '9923d99389c64dca5291ee2b339d1c29') in 0.004 seconds [static and dynamic dependencies]. Details - ImportResultOutputID=9a0e32130eaaeae542991d081e8adf1d DependenciesID=a7fe15f9433bc700c073b473d43fc249 StaticDependenciesID=27e56d34eb640764efe920b11e43d86f 
Number of updated asset objects reloaded before import = 0
Number of asset objects unloaded after import = 0
========================================================================
Received Import Request.
  Time of request: 2026-08-21T02:53:27.9286671Z
  Time since last request: 0.0003432 seconds.
  importAddress: GUID: a5dfe8ebe34ab064fb2769846adaa6a3 - Path: Packages/com.unity.shadergraph/Editor/Data/Graphs/DynamicVectorMaterialSlot.cs - Importer: ScriptedImporter/UnityEditor.QuickSearchModule:UnityEditor.Search:ASIAI0B
Importing 'GUID: a5dfe8ebe34ab064fb2769846adaa6a3 - Path: Packages/com.unity.shadergraph/Editor/Data/Graphs/DynamicVectorMaterialSlot.cs - Importer: ScriptedImporter/UnityEditor.QuickSearchModule:UnityEditor.Search:ASIAI0B' with importer (ScriptedImporter : UnityEditor.QuickSearchModule:UnityEditor.Search:ASIAI0B)
Imported 'GUID: a5dfe8ebe34ab064fb2769846adaa6a3' -> (Import Result ID: '3679989313eb97c0d341e487dd354e52') in 0.004 seconds [static and dynamic dependencies]. Details - ImportResultOutputID=9e61fed1b98d676078b6b2cfb06fc22d DependenciesID=e311d91163420311d8a55fcd32c21301 StaticDependenciesID=593a8c12dfa21a5534d9bf13052298cc 
Number of updated asset objects reloaded before import = 0
Number of asset objects unloaded after import = 0
========================================================================
Received Import Request.
  Time of request: 2026-08-21T02:53:27.9426257Z
  Time since last request: 0.0003463 seconds.
  importAddress: GUID: 7b961f6f7e2617446afb6a8e329d84d4 - Path: Packages/com.unity.shadergraph/Editor/Data/Graphs/CubemapInputMaterialSlot.cs - Importer: ScriptedImporter/UnityEditor.QuickSearchModule:UnityEditor.Search:ASIAI0B
Importing 'GUID: 7b961f6f7e2617446afb6a8e329d84d4 - Path: Packages/com.unity.shadergraph/Editor/Data/Graphs/CubemapInputMaterialSlot.cs - Importer: ScriptedImporter/UnityEditor.QuickSearchModule:UnityEditor.Search:ASIAI0B' with importer (ScriptedImporter : UnityEditor.QuickSearchModule:UnityEditor.Search:ASIAI0B)
Imported 'GUID: 7b961f6f7e2617446afb6a8e329d84d4' -> (Import Result ID: '1fc7ca89523612e4e3d6af5e7b3f21e6') in 0.004 seconds [static and dynamic dependencies]. Details - ImportResultOutputID=2df02391e03dc0ff9adaac68ccd18625 DependenciesID=3c2646736d900d67bd77c92d1c928a37 StaticDependenciesID=37c7036997661086819c38fb7b14ef5a 
Number of updated asset objects reloaded before import = 0
Number of asset objects unloaded after import = 0
========================================================================
Received Import Request.
  Time of request: 2026-08-21T02:53:27.9565909Z
  Time since last request: 0.0003944 seconds.
  importAddress: GUID: 38b2d4645340d4274a793e2e12ec097c - Path: Packages/com.unity.shadergraph/Editor/Data/Graphs/DynamicValueMaterialSlot.cs - Importer: ScriptedImporter/UnityEditor.QuickSearchModule:UnityEditor.Search:ASIAI0B
Importing 'GUID: 38b2d4645340d4274a793e2e12ec097c - Path: Packages/com.unity.shadergraph/Editor/Data/Graphs/DynamicValueMaterialSlot.cs - Importer: ScriptedImporter/UnityEditor.QuickSearchModule:UnityEditor.Search:ASIAI0B' with importer (ScriptedImporter : UnityEditor.QuickSearchModule:UnityEditor.Search:ASIAI0B)
Imported 'GUID: 38b2d4645340d4274a793e2e12ec097c' -> (Import Result ID: '1dbb3130502b05825a598533c16bca77') in 0.005 seconds [static and dynamic dependencies]. Details - ImportResultOutputID=b3e6cd54e068f4432cba9fc7ee130267 DependenciesID=6b5ca463c79b654f6915d81cca5ec4b4 StaticDependenciesID=d693cb5e54b7ba0785409e58aadef007 
Number of updated asset objects reloaded before import = 0
Number of asset objects unloaded after import = 0
========================================================================
Received Import Request.
  Time of request: 2026-08-21T02:53:27.9879786Z
  Time since last request: 0.0153534 seconds.
  importAddress: GUID: 79075442664faac49b00b4c93d28e08b - Path: Packages/com.unity.shadergraph/Editor/Data/Graphs/MatrixShaderProperty.cs - Importer: ScriptedImporter/UnityEditor.QuickSearchModule:UnityEditor.Search:ASIAI0B
Importing 'GUID: 79075442664faac49b00b4c93d28e08b - Path: Packages/com.unity.shadergraph/Editor/Data/Graphs/MatrixShaderProperty.cs - Importer: ScriptedImporter/UnityEditor.QuickSearchModule:UnityEditor.Search:ASIAI0B' with importer (ScriptedImporter : UnityEditor.QuickSearchModule:UnityEditor.Search:ASIAI0B)
Imported 'GUID: 79075442664faac49b00b4c93d28e08b' -> (Import Result ID: 'ebd1ebf6497092c70fe11ba989c6f854') in 0.005 seconds [static and dynamic dependencies]. Details - ImportResultOutputID=cc79ecb9cfe6acd29148cad9b1b9e879 DependenciesID=85055f94a8dd74432e18dfc520a572a1 StaticDependenciesID=39ceb491f2ca5f1dbdff8696744d6c3c 
Number of updated asset objects reloaded before import = 0
Number of asset objects unloaded after import = 0
========================================================================
Received Import Request.
  Time of request: 2026-08-21T02:53:28.0033745Z
  Time since last request: 0.0007367 seconds.
  importAddress: GUID: 0612806deec2f154587fad5a1f7b060a - Path: Packages/com.unity.shadergraph/Editor/Data/Graphs/PositionMaterialSlot.cs - Importer: ScriptedImporter/UnityEditor.QuickSearchModule:UnityEditor.Search:ASIAI0B
Importing 'GUID: 0612806deec2f154587fad5a1f7b060a - Path: Packages/com.unity.shadergraph/Editor/Data/Graphs/PositionMaterialSlot.cs - Importer: ScriptedImporter/UnityEditor.QuickSearchModule:UnityEditor.Search:ASIAI0B' with importer (ScriptedImporter : UnityEditor.QuickSearchModule:UnityEditor.Search:ASIAI0B)
Imported 'GUID: 0612806deec2f154587fad5a1f7b060a' -> (Import Result ID: '9c0247e939d265ed8b854a1ba5b617fe') in 0.004 seconds [static and dynamic dependencies]. Details - ImportResultOutputID=20d177a1f847d412bebebca071acdf07 DependenciesID=22712321d607bad78da383fe4df412e9 StaticDependenciesID=91c3a3a6493d89d0cac58cc13440cd19 
Number of updated asset objects reloaded before import = 0
Number of asset objects unloaded after import = 0
========================================================================
Received Import Request.
  Time of request: 2026-08-21T02:53:28.0180523Z
  Time since last request: 0.0005998 seconds.
  importAddress: GUID: 94492244ef44a2e48b3e7790d7ac681d - Path: Packages/com.unity.shadergraph/Editor/Data/Graphs/IMaterialSlotHasValue.cs - Importer: ScriptedImporter/UnityEditor.QuickSearchModule:UnityEditor.Search:ASIAI0B
Importing 'GUID: 94492244ef44a2e48b3e7790d7ac681d - Path: Packages/com.unity.shadergraph/Editor/Data/Graphs/IMaterialSlotHasValue.cs - Importer: ScriptedImporter/UnityEditor.QuickSearchModule:UnityEditor.Search:ASIAI0B' with importer (ScriptedImporter : UnityEditor.QuickSearchModule:UnityEditor.Search:ASIAI0B)
Imported 'GUID: 94492244ef44a2e48b3e7790d7ac681d' -> (Import Result ID: '0103d97eaf68cb7bf561e292077b9897') in 0.006 seconds [static and dynamic dependencies]. Details - ImportResultOutputID=0749f4b6d8f0c71464e62140de435813 DependenciesID=bdb687135a6ef5ae52811435f2a0dd87 StaticDependenciesID=45ace3fabb3a88b4f8d2922fd1f736b4 
Number of updated asset objects reloaded before import = 0
Number of asset objects unloaded after import = 0
========================================================================
Received Import Request.
  Time of request: 2026-08-21T02:53:28.0346639Z
  Time since last request: 0.0002949 seconds.
  importAddress: GUID: ebeb3a21d05d49caa5d3318fb49b7612 - Path: Packages/com.unity.shadergraph/Editor/Data/Graphs/Texture2DInputMaterialSlot.cs - Importer: ScriptedImporter/UnityEditor.QuickSearchModule:UnityEditor.Search:ASIAI0B
Importing 'GUID: ebeb3a21d05d49caa5d3318fb49b7612 - Path: Packages/com.unity.shadergraph/Editor/Data/Graphs/Texture2DInputMaterialSlot.cs - Importer: ScriptedImporter/UnityEditor.QuickSearchModule:UnityEditor.Search:ASIAI0B' with importer (ScriptedImporter : UnityEditor.QuickSearchModule:UnityEditor.Search:ASIAI0B)
Imported 'GUID: ebeb3a21d05d49caa5d3318fb49b7612' -> (Import Result ID: '24a79f151b1ae54f93f8988d1b9d11c4') in 0.004 seconds [static and dynamic dependencies]. Details - ImportResultOutputID=eb72aa92fc235a2880d1523724d89523 DependenciesID=0af92b610ab53259a8a146c45ffb9ec4 StaticDependenciesID=ded5709cd3a186b43e4d4170854bdde6 
Number of updated asset objects reloaded before import = 0
Number of asset objects unloaded after import = 0
========================================================================
Received Import Request.
  Time of request: 2026-08-21T02:53:28.0490669Z
  Time since last request: 0.0005359 seconds.
  importAddress: GUID: 46a51e4c13978a8458c259f50331fc7c - Path: Packages/com.unity.shadergraph/Editor/Data/Graphs/SerializableVirtualTexture.cs - Importer: ScriptedImporter/UnityEditor.QuickSearchModule:UnityEditor.Search:ASIAI0B
Importing 'GUID: 46a51e4c13978a8458c259f50331fc7c - Path: Packages/com.unity.shadergraph/Editor/Data/Graphs/SerializableVirtualTexture.cs - Importer: ScriptedImporter/UnityEditor.QuickSearchModule:UnityEditor.Search:ASIAI0B' with importer (ScriptedImporter : UnityEditor.QuickSearchModule:UnityEditor.Search:ASIAI0B)
Imported 'GUID: 46a51e4c13978a8458c259f50331fc7c' -> (Import Result ID: '20a9ea46324caf3a56dbb2f891c124fe') in 0.005 seconds [static and dynamic dependencies]. Details - ImportResultOutputID=da7f18419ea0f49302ca172029320bbb DependenciesID=e3832bc1c56fc880d723ec10cf8a395f StaticDependenciesID=3816c330379a7b5d7d1cf6efd1b46963 
Number of updated asset objects reloaded before import = 0
Number of asset objects unloaded after import = 0
========================================================================
Received Import Request.
  Time of request: 2026-08-21T02:53:28.0656328Z
  Time since last request: 0.0002774 seconds.
  importAddress: GUID: eb19b5420cdd2894c92c1683993bee49 - Path: Packages/com.unity.shadergraph/Editor/Data/Graphs/Vector3MaterialSlot.cs - Importer: ScriptedImporter/UnityEditor.QuickSearchModule:UnityEditor.Search:ASIAI0B
Importing 'GUID: eb19b5420cdd2894c92c1683993bee49 - Path: Packages/com.unity.shadergraph/Editor/Data/Graphs/Vector3MaterialSlot.cs - Importer: ScriptedImporter/UnityEditor.QuickSearchModule:UnityEditor.Search:ASIAI0B' with importer (ScriptedImporter : UnityEditor.QuickSearchModule:UnityEditor.Search:ASIAI0B)
Imported 'GUID: eb19b5420cdd2894c92c1683993bee49' -> (Import Result ID: '6ebcbc80e69183e6fc89bbd28811945c') in 0.004 seconds [static and dynamic dependencies]. Details - ImportResultOutputID=dec3b5ad9daef6bc6838b06e319ad68b DependenciesID=c27db69dd06d63592804ba3c29369573 StaticDependenciesID=98edad0e57a7f790f09a87d414b31eeb 
Number of updated asset objects reloaded before import = 0
Number of asset objects unloaded after import = 0
========================================================================
Received Import Request.
  Time of request: 2026-08-21T02:53:28.0805953Z
  Time since last request: 0.0002529 seconds.
  importAddress: GUID: 0bad33a4425b4be4f9c5d2aa0d6db854 - Path: Packages/com.unity.shadergraph/Editor/Data/Graphs/StickyNoteData.cs - Importer: ScriptedImporter/UnityEditor.QuickSearchModule:UnityEditor.Search:ASIAI0B
Importing 'GUID: 0bad33a4425b4be4f9c5d2aa0d6db854 - Path: Packages/com.unity.shadergraph/Editor/Data/Graphs/StickyNoteData.cs - Importer: ScriptedImporter/UnityEditor.QuickSearchModule:UnityEditor.Search:ASIAI0B' with importer (ScriptedImporter : UnityEditor.QuickSearchModule:UnityEditor.Search:ASIAI0B)
Imported 'GUID: 0bad33a4425b4be4f9c5d2aa0d6db854' -> (Import Result ID: '93f525541d49fa5905469b2babc6e7c3') in 0.004 seconds [static and dynamic dependencies]. Details - ImportResultOutputID=dbb81c4cadf9feca328d2dd3763338ec DependenciesID=704a2f29ed0e1b57710173df84d34f1e StaticDependenciesID=8b67ddcc03103356f2acf4d3e26db7a7 
Number of updated asset objects reloaded before import = 0
Number of asset objects unloaded after import = 0
========================================================================
Received Import Request.
  Time of request: 2026-08-21T02:53:28.0948519Z
  Time since last request: 0.0004355 seconds.
  importAddress: GUID: 56d6d3c32403e4aa1af1fc8b307c0133 - Path: Packages/com.unity.shadergraph/Editor/Data/Graphs/Texture2DArrayInputMaterialSlot.cs - Importer: ScriptedImporter/UnityEditor.QuickSearchModule:UnityEditor.Search:ASIAI0B
Importing 'GUID: 56d6d3c32403e4aa1af1fc8b307c0133 - Path: Packages/com.unity.shadergraph/Editor/Data/Graphs/Texture2DArrayInputMaterialSlot.cs - Importer: ScriptedImporter/UnityEditor.QuickSearchModule:UnityEditor.Search:ASIAI0B' with importer (ScriptedImporter : UnityEditor.QuickSearchModule:UnityEditor.Search:ASIAI0B)
Imported 'GUID: 56d6d3c32403e4aa1af1fc8b307c0133' -> (Import Result ID: '120a1083d254e22bd205daa4d9328386') in 0.005 seconds [static and dynamic dependencies]. Details - ImportResultOutputID=8535c594365f8efbb64321745b9078f9 DependenciesID=f49f883c73484e811e7bc76a9f325541 StaticDependenciesID=9b64f02d263fd3bd35b4f5d2cc0353f0 
Number of updated asset objects reloaded before import = 0
Number of asset objects unloaded after import = 0
========================================================================
Received Import Request.
  Time of request: 2026-08-21T02:53:28.1134717Z
  Time since last request: 0.0004871 seconds.
  importAddress: GUID: dd9ae74f463480e49a2f6f1ed7f7fb2e - Path: Packages/com.unity.shadergraph/Editor/Data/Graphs/GroupData.cs - Importer: ScriptedImporter/UnityEditor.QuickSearchModule:UnityEditor.Search:ASIAI0B
Importing 'GUID: dd9ae74f463480e49a2f6f1ed7f7fb2e - Path: Packages/com.unity.shadergraph/Editor/Data/Graphs/GroupData.cs - Importer: ScriptedImporter/UnityEditor.QuickSearchModule:UnityEditor.Search:ASIAI0B' with importer (ScriptedImporter : UnityEditor.QuickSearchModule:UnityEditor.Search:ASIAI0B)
Imported 'GUID: dd9ae74f463480e49a2f6f1ed7f7fb2e' -> (Import Result ID: 'bd0872703a5c1a46cd1d6c86b5ea2ada') in 0.004 seconds [static and dynamic dependencies]. Details - ImportResultOutputID=05b11be7b0c4b9ba3096e9b6111d3ade DependenciesID=80db8a577b4379df898a961aae8969d8 StaticDependenciesID=dff755ff5cb0409a99dbf4c14b7a0b94 
Number of updated asset objects reloaded before import = 0
Number of asset objects unloaded after import = 0
========================================================================
Received Import Request.
  Time of request: 2026-08-21T02:53:28.1283781Z
  Time since last request: 0.0007446 seconds.
  importAddress: GUID: 1a465b9562de8ef4eb8d8169e41b7e90 - Path: Packages/com.unity.shadergraph/Editor/Data/Graphs/Vector2MaterialSlot.cs - Importer: ScriptedImporter/UnityEditor.QuickSearchModule:UnityEditor.Search:ASIAI0B
Importing 'GUID: 1a465b9562de8ef4eb8d8169e41b7e90 - Path: Packages/com.unity.shadergraph/Editor/Data/Graphs/Vector2MaterialSlot.cs - Importer: ScriptedImporter/UnityEditor.QuickSearchModule:UnityEditor.Search:ASIAI0B' with importer (ScriptedImporter : UnityEditor.QuickSearchModule:UnityEditor.Search:ASIAI0B)
Imported 'GUID: 1a465b9562de8ef4eb8d8169e41b7e90' -> (Import Result ID: 'ac848d0d611633e4c8a029b20e763837') in 0.005 seconds [static and dynamic dependencies]. Details - ImportResultOutputID=aabd360ac4f120eb439bdbb23e0634fd DependenciesID=842ed8ea2feab0d01c125a9b97687f89 StaticDependenciesID=49d692084f541e2b0d42434754524f41 
Number of updated asset objects reloaded before import = 0
Number of asset objects unloaded after import = 0
========================================================================
Received Import Request.
  Time of request: 2026-08-21T02:53:28.1436545Z
  Time since last request: 0.0004816 seconds.
  importAddress: GUID: b87c46f06c359416e8bf44a90c7737d8 - Path: Packages/com.unity.shadergraph/Editor/Data/Graphs/Texture2DArrayMaterialSlot.cs - Importer: ScriptedImporter/UnityEditor.QuickSearchModule:UnityEditor.Search:ASIAI0B
Importing 'GUID: b87c46f06c359416e8bf44a90c7737d8 - Path: Packages/com.unity.shadergraph/Editor/Data/Graphs/Texture2DArrayMaterialSlot.cs - Importer: ScriptedImporter/UnityEditor.QuickSearchModule:UnityEditor.Search:ASIAI0B' with importer (ScriptedImporter : UnityEditor.QuickSearchModule:UnityEditor.Search:ASIAI0B)
Imported 'GUID: b87c46f06c359416e8bf44a90c7737d8' -> (Import Result ID: '552508f12f78516b210bf7270bdaa2a7') in 0.004 seconds [static and dynamic dependencies]. Details - ImportResultOutputID=1bf0f00757f93b64b2a83dccabb49c62 DependenciesID=56b90880a4006624f3a77aa52e443baf StaticDependenciesID=1f23732677847b6d6ee6dfe3980117b4 
Number of updated asset objects reloaded before import = 0
Number of asset objects unloaded after import = 0
========================================================================
Received Import Request.
  Time of request: 2026-08-21T02:53:28.1584771Z
  Time since last request: 0.0005788 seconds.
  importAddress: GUID: 4cba4fbdefbdfa04cb2f6f84376a1353 - Path: Packages/com.unity.shadergraph/Editor/Data/Graphs/Matrix2MaterialSlot.cs - Importer: ScriptedImporter/UnityEditor.QuickSearchModule:UnityEditor.Search:ASIAI0B
Importing 'GUID: 4cba4fbdefbdfa04cb2f6f84376a1353 - Path: Packages/com.unity.shadergraph/Editor/Data/Graphs/Matrix2MaterialSlot.cs - Importer: ScriptedImporter/UnityEditor.QuickSearchModule:UnityEditor.Search:ASIAI0B' with importer (ScriptedImporter : UnityEditor.QuickSearchModule:UnityEditor.Search:ASIAI0B)
Imported 'GUID: 4cba4fbdefbdfa04cb2f6f84376a1353' -> (Import Result ID: '6fa7e4b2ca930f205256d5403247c711') in 0.005 seconds [static and dynamic dependencies]. Details - ImportResultOutputID=dd9585100cac5ac8bd71466e0436d6c9 DependenciesID=e8bb4f0645b7b60e85d5349bcdd9745c StaticDependenciesID=a99ad80fce7cea978f90de88dafbc0e2 
Number of updated asset objects reloaded before import = 0
Number of asset objects unloaded after import = 0
========================================================================
Received Import Request.
  Time of request: 2026-08-21T02:53:28.1743239Z
  Time since last request: 0.0007458 seconds.
  importAddress: GUID: 34a68571f5ae4ebe8221824597dc0675 - Path: Packages/com.unity.shadergraph/Editor/Data/Graphs/Vector3ShaderProperty.cs - Importer: ScriptedImporter/UnityEditor.QuickSearchModule:UnityEditor.Search:ASIAI0B
Importing 'GUID: 34a68571f5ae4ebe8221824597dc0675 - Path: Packages/com.unity.shadergraph/Editor/Data/Graphs/Vector3ShaderProperty.cs - Importer: ScriptedImporter/UnityEditor.QuickSearchModule:UnityEditor.Search:ASIAI0B' with importer (ScriptedImporter : UnityEditor.QuickSearchModule:UnityEditor.Search:ASIAI0B)
Imported 'GUID: 34a68571f5ae4ebe8221824597dc0675' -> (Import Result ID: 'd793904845c70420b92d556b555acd0b') in 0.004 seconds [static and dynamic dependencies]. Details - ImportResultOutputID=ee2a231f68c5bedfeb394eb3c41d5b9f DependenciesID=2dc7f915961039908f6262e099238218 StaticDependenciesID=621de03f0696931e171707f70b588a36 
Number of updated asset objects reloaded before import = 0
Number of asset objects unloaded after import = 0
========================================================================
Received Import Request.
  Time of request: 2026-08-21T02:53:28.1915072Z
  Time since last request: 0.0002311 seconds.
  importAddress: GUID: e0a5780bf979b06409897f2eb2c23c13 - Path: Packages/com.unity.shadergraph/Editor/Data/Graphs/GraphDataUtils.cs - Importer: ScriptedImporter/UnityEditor.QuickSearchModule:UnityEditor.Search:ASIAI0B
Importing 'GUID: e0a5780bf979b06409897f2eb2c23c13 - Path: Packages/com.unity.shadergraph/Editor/Data/Graphs/GraphDataUtils.cs - Importer: ScriptedImporter/UnityEditor.QuickSearchModule:UnityEditor.Search:ASIAI0B' with importer (ScriptedImporter : UnityEditor.QuickSearchModule:UnityEditor.Search:ASIAI0B)
Imported 'GUID: e0a5780bf979b06409897f2eb2c23c13' -> (Import Result ID: 'cb44a35966ceaa92f17e990e8b11d9e0') in 0.004 seconds [static and dynamic dependencies]. Details - ImportResultOutputID=77ba59ab9ee7d6145bef74b1dd536057 DependenciesID=6cbf5720a6bb065eab71f2555e21514c StaticDependenciesID=3b15ce865457bd946897aa4ab29227a1 
Number of updated asset objects reloaded before import = 0
Number of asset objects unloaded after import = 0
========================================================================
Received Import Request.
  Time of request: 2026-08-21T02:53:28.2055351Z
  Time since last request: 0.0006509 seconds.
  importAddress: GUID: 8f3b525478c843a4ba4a2ab758392ece - Path: Packages/com.unity.shadergraph/Editor/Data/Graphs/Vector1MaterialRangeSlot.cs - Importer: ScriptedImporter/UnityEditor.QuickSearchModule:UnityEditor.Search:ASIAI0B
Importing 'GUID: 8f3b525478c843a4ba4a2ab758392ece - Path: Packages/com.unity.shadergraph/Editor/Data/Graphs/Vector1MaterialRangeSlot.cs - Importer: ScriptedImporter/UnityEditor.QuickSearchModule:UnityEditor.Search:ASIAI0B' with importer (ScriptedImporter : UnityEditor.QuickSearchModule:UnityEditor.Search:ASIAI0B)
Imported 'GUID: 8f3b525478c843a4ba4a2ab758392ece' -> (Import Result ID: '3aad3fb12081cec13ef1fb1672563f2b') in 0.004 seconds [static and dynamic dependencies]. Details - ImportResultOutputID=61ff5907cdd572e2e04f45e87b591a3a DependenciesID=fa6596d25af3c713bb37d5fbc17684ad StaticDependenciesID=6f2c2b598da7e96cad3832e2b1696ce0 
Number of updated asset objects reloaded before import = 0
Number of asset objects unloaded after import = 0
========================================================================
Received Import Request.
  Time of request: 2026-08-21T02:53:28.2204574Z
  Time since last request: 0.0009395 seconds.
  importAddress: GUID: ca28a7e4d7fc7644a99f49e5a48574dd - Path: Packages/com.unity.shadergraph/Editor/Data/Graphs/GraphDataReadOnly.cs - Importer: ScriptedImporter/UnityEditor.QuickSearchModule:UnityEditor.Search:ASIAI0B
Importing 'GUID: ca28a7e4d7fc7644a99f49e5a48574dd - Path: Packages/com.unity.shadergraph/Editor/Data/Graphs/GraphDataReadOnly.cs - Importer: ScriptedImporter/UnityEditor.QuickSearchModule:UnityEditor.Search:ASIAI0B' with importer (ScriptedImporter : UnityEditor.QuickSearchModule:UnityEditor.Search:ASIAI0B)
Imported 'GUID: ca28a7e4d7fc7644a99f49e5a48574dd' -> (Import Result ID: '34ccc4ccdd621a0f9201e4813897c7be') in 0.004 seconds [static and dynamic dependencies]. Details - ImportResultOutputID=22a0dd60abad7eaa365c374ea6725d19 DependenciesID=6aaeaa0e6a3e38bc0d0fc68b528a78d7 StaticDependenciesID=c204186c8e73c6d822137cf5fa96948a 
Number of updated asset objects reloaded before import = 0
Number of asset objects unloaded after import = 0
========================================================================
Received Import Request.
  Time of request: 2026-08-21T02:53:28.2415878Z
  Time since last request: 0.006877 seconds.
  importAddress: GUID: 36fb54922b1048cea6faba93b33ab02c - Path: Packages/com.unity.shadergraph/Editor/Data/Legacy/AbstractMaterialNode0.cs - Importer: ScriptedImporter/UnityEditor.QuickSearchModule:UnityEditor.Search:ASIAI0B
Importing 'GUID: 36fb54922b1048cea6faba93b33ab02c - Path: Packages/com.unity.shadergraph/Editor/Data/Legacy/AbstractMaterialNode0.cs - Importer: ScriptedImporter/UnityEditor.QuickSearchModule:UnityEditor.Search:ASIAI0B' with importer (ScriptedImporter : UnityEditor.QuickSearchModule:UnityEditor.Search:ASIAI0B)
Imported 'GUID: 36fb54922b1048cea6faba93b33ab02c' -> (Import Result ID: 'd94e19641535f840b743ebde38f4363a') in 0.004 seconds [static and dynamic dependencies]. Details - ImportResultOutputID=39dd718a5197fb79307ebe0e61e3154b DependenciesID=d56ff43290aeb1e5749cf137ec661a68 StaticDependenciesID=0a80b7ae57b3012ce90d441b8ffa4a57 
Number of updated asset objects reloaded before import = 0
Number of asset objects unloaded after import = 0
========================================================================
Received Import Request.
  Time of request: 2026-08-21T02:53:28.2560842Z
  Time since last request: 0.0006769 seconds.
  importAddress: GUID: 82af0e247bcd4dc47b7050e51d1bbd97 - Path: Packages/com.unity.shadergraph/Editor/Data/Interfaces/IMayObsolete.cs - Importer: ScriptedImporter/UnityEditor.QuickSearchModule:UnityEditor.Search:ASIAI0B
Importing 'GUID: 82af0e247bcd4dc47b7050e51d1bbd97 - Path: Packages/com.unity.shadergraph/Editor/Data/Interfaces/IMayObsolete.cs - Importer: ScriptedImporter/UnityEditor.QuickSearchModule:UnityEditor.Search:ASIAI0B' with importer (ScriptedImporter : UnityEditor.QuickSearchModule:UnityEditor.Search:ASIAI0B)
Imported 'GUID: 82af0e247bcd4dc47b7050e51d1bbd97' -> (Import Result ID: '92ec4956d8c494771b546c642250e669') in 0.005 seconds [static and dynamic dependencies]. Details - ImportResultOutputID=0e492ab52c3ea770d2030a8badf8c3bd DependenciesID=a30794abae43a3734c1e4fc1911d0618 StaticDependenciesID=d1784039cab0a51b546d234e0fe90f1f 
Number of updated asset objects reloaded before import = 0
Number of asset objects unloaded after import = 0
========================================================================
Received Import Request.
  Time of request: 2026-08-21T02:53:28.2716336Z
  Time since last request: 0.0006164 seconds.
  importAddress: GUID: 52cd086fd60734d89b34f49bd73e7510 - Path: Packages/com.unity.shadergraph/Editor/Data/Interfaces/IInspectable.cs - Importer: ScriptedImporter/UnityEditor.QuickSearchModule:UnityEditor.Search:ASIAI0B
Importing 'GUID: 52cd086fd60734d89b34f49bd73e7510 - Path: Packages/com.unity.shadergraph/Editor/Data/Interfaces/IInspectable.cs - Importer: ScriptedImporter/UnityEditor.QuickSearchModule:UnityEditor.Search:ASIAI0B' with importer (ScriptedImporter : UnityEditor.QuickSearchModule:UnityEditor.Search:ASIAI0B)
Imported 'GUID: 52cd086fd60734d89b34f49bd73e7510' -> (Import Result ID: '4ce8e5a166dc64a669561aea6affd882') in 0.004 seconds [static and dynamic dependencies]. Details - ImportResultOutputID=ec8ef0f30d3b75bc0c1a596481e53375 DependenciesID=996de6c904a5fa469b09af0fbf26ed28 StaticDependenciesID=60547f8bb7a4d10d9554dbce56754289 
Number of updated asset objects reloaded before import = 0
Number of asset objects unloaded after import = 0
========================================================================
Received Import Request.
  Time of request: 2026-08-21T02:53:28.2857426Z
  Time since last request: 0.0005277 seconds.
  importAddress: GUID: 0af67b17919f687478340e3af5ea9a52 - Path: Packages/com.unity.shadergraph/Editor/Data/Legacy/ILegacyTarget.cs - Importer: ScriptedImporter/UnityEditor.QuickSearchModule:UnityEditor.Search:ASIAI0B
Importing 'GUID: 0af67b17919f687478340e3af5ea9a52 - Path: Packages/com.unity.shadergraph/Editor/Data/Legacy/ILegacyTarget.cs - Importer: ScriptedImporter/UnityEditor.QuickSearchModule:UnityEditor.Search:ASIAI0B' with importer (ScriptedImporter : UnityEditor.QuickSearchModule:UnityEditor.Search:ASIAI0B)
Imported 'GUID: 0af67b17919f687478340e3af5ea9a52' -> (Import Result ID: '0b44da0e2b57cd77ad3d70e597467490') in 0.005 seconds [static and dynamic dependencies]. Details - ImportResultOutputID=269109adf07c327bb7dcc7a2ac3ca63f DependenciesID=5bbbf8c53c059790e2d17669eec95538 StaticDependenciesID=a240073f7304e843aff4930558757fef 
Number of updated asset objects reloaded before import = 0
Number of asset objects unloaded after import = 0
========================================================================
Received Import Request.
  Time of request: 2026-08-21T02:53:28.3007548Z
  Time since last request: 0.0005403 seconds.
  importAddress: GUID: ab1ebec1bc4dee54c9b0df228d5f6609 - Path: Packages/com.unity.shadergraph/Editor/Data/Interfaces/IMayRequireTangent.cs - Importer: ScriptedImporter/UnityEditor.QuickSearchModule:UnityEditor.Search:ASIAI0B
Importing 'GUID: ab1ebec1bc4dee54c9b0df228d5f6609 - Path: Packages/com.unity.shadergraph/Editor/Data/Interfaces/IMayRequireTangent.cs - Importer: ScriptedImporter/UnityEditor.QuickSearchModule:UnityEditor.Search:ASIAI0B' with importer (ScriptedImporter : UnityEditor.QuickSearchModule:UnityEditor.Search:ASIAI0B)
Imported 'GUID: ab1ebec1bc4dee54c9b0df228d5f6609' -> (Import Result ID: '439c81855171327bc02e2ec0df77a193') in 0.004 seconds [static and dynamic dependencies]. Details - ImportResultOutputID=847de40564cac6613dcbedfe954b19d7 DependenciesID=5e0aa368c4bc1b0145c5a7a808b0965a StaticDependenciesID=4cafd91adf29bc6a6a9649bc804622bd 
Number of updated asset objects reloaded before import = 0
Number of asset objects unloaded after import = 0
========================================================================
Received Import Request.
  Time of request: 2026-08-21T02:53:28.314924Z
  Time since last request: 0.0004646 seconds.
  importAddress: GUID: d35a1ba1f2dabea42ab1fc3d040eec81 - Path: Packages/com.unity.shadergraph/Editor/Data/Implementation/Edge.cs - Importer: ScriptedImporter/UnityEditor.QuickSearchModule:UnityEditor.Search:ASIAI0B
Importing 'GUID: d35a1ba1f2dabea42ab1fc3d040eec81 - Path: Packages/com.unity.shadergraph/Editor/Data/Implementation/Edge.cs - Importer: ScriptedImporter/UnityEditor.QuickSearchModule:UnityEditor.Search:ASIAI0B' with importer (ScriptedImporter : UnityEditor.QuickSearchModule:UnityEditor.Search:ASIAI0B)
Imported 'GUID: d35a1ba1f2dabea42ab1fc3d040eec81' -> (Import Result ID: '4e9bc1b4b79b68c0ed9c08fafdffb2b6') in 0.004 seconds [static and dynamic dependencies]. Details - ImportResultOutputID=053bf0ccb4302fa138f34605b912cb9b DependenciesID=d188545adf86c3974fbc5d6ceedf1a70 StaticDependenciesID=454850d8562b4cd63a7d7af3688ec2c7 
Number of updated asset objects reloaded before import = 0
Number of asset objects unloaded after import = 0
========================================================================
Received Import Request.
  Time of request: 2026-08-21T02:53:28.3305591Z
  Time since last request: 0.0003287 seconds.
  importAddress: GUID: df26ecc5724d46aca68c8392ca3afb29 - Path: Packages/com.unity.shadergraph/Editor/Data/Legacy/SlotReference0.cs - Importer: ScriptedImporter/UnityEditor.QuickSearchModule:UnityEditor.Search:ASIAI0B
Importing 'GUID: df26ecc5724d46aca68c8392ca3afb29 - Path: Packages/com.unity.shadergraph/Editor/Data/Legacy/SlotReference0.cs - Importer: ScriptedImporter/UnityEditor.QuickSearchModule:UnityEditor.Search:ASIAI0B' with importer (ScriptedImporter : UnityEditor.QuickSearchModule:UnityEditor.Search:ASIAI0B)
Imported 'GUID: df26ecc5724d46aca68c8392ca3afb29' -> (Import Result ID: '60cc2f1075af15a880f81431933737bd') in 0.005 seconds [static and dynamic dependencies]. Details - ImportResultOutputID=6e85a513b32c1f8a03486822536950ce DependenciesID=3a845fb05109f396695f5709011cf929 StaticDependenciesID=a7a4babcad9d27047ebaf2840cd606ec 
Number of updated asset objects reloaded before import = 0
Number of asset objects unloaded after import = 0
========================================================================
Received Import Request.
  Time of request: 2026-08-21T02:53:28.3465087Z
  Time since last request: 0.0005226 seconds.
  importAddress: GUID: 04d654703054418c8db537b52ae070dc - Path: Packages/com.unity.shadergraph/Editor/Data/Interfaces/IMayRequireVertexColor.cs - Importer: ScriptedImporter/UnityEditor.QuickSearchModule:UnityEditor.Search:ASIAI0B
Importing 'GUID: 04d654703054418c8db537b52ae070dc - Path: Packages/com.unity.shadergraph/Editor/Data/Interfaces/IMayRequireVertexColor.cs - Importer: ScriptedImporter/UnityEditor.QuickSearchModule:UnityEditor.Search:ASIAI0B' with importer (ScriptedImporter : UnityEditor.QuickSearchModule:UnityEditor.Search:ASIAI0B)
Imported 'GUID: 04d654703054418c8db537b52ae070dc' -> (Import Result ID: '77940e873b2e7f7905b338707b2314a9') in 0.004 seconds [static and dynamic dependencies]. Details - ImportResultOutputID=d9df7a5bfc459d6096c2b313eea3018a DependenciesID=5edd7f0e8426032ee6d929029e1aa6ff StaticDependenciesID=2af44ae5e5e66d876db4be6bb9ebbadb 
Number of updated asset objects reloaded before import = 0
Number of asset objects unloaded after import = 0
========================================================================
Received Import Request.
  Time of request: 2026-08-21T02:53:28.3606361Z
  Time since last request: 0.0006678 seconds.
  importAddress: GUID: f908e994cc0047c99385d710cbbb0853 - Path: Packages/com.unity.shadergraph/Editor/Data/Interfaces/IMaySupportVFX.cs - Importer: ScriptedImporter/UnityEditor.QuickSearchModule:UnityEditor.Search:ASIAI0B
Importing 'GUID: f908e994cc0047c99385d710cbbb0853 - Path: Packages/com.unity.shadergraph/Editor/Data/Interfaces/IMaySupportVFX.cs - Importer: ScriptedImporter/UnityEditor.QuickSearchModule:UnityEditor.Search:ASIAI0B' with importer (ScriptedImporter : UnityEditor.QuickSearchModule:UnityEditor.Search:ASIAI0B)
Imported 'GUID: f908e994cc0047c99385d710cbbb0853' -> (Import Result ID: '7e90ad9ad29b0df5cf6865116d6b6be8') in 0.005 seconds [static and dynamic dependencies]. Details - ImportResultOutputID=3ba859c67dce6a0f0c096ee02fef9276 DependenciesID=fe3759a3d23ec4e42d65e7a37a623f8c StaticDependenciesID=6bfc28a3f6fa2e9722087f9b6a78c501 
Number of updated asset objects reloaded before import = 0
Number of asset objects unloaded after import = 0
========================================================================
Received Import Request.
  Time of request: 2026-08-21T02:53:28.3772501Z
  Time since last request: 0.0006412 seconds.
  importAddress: GUID: 463ff292c8554dc18fb52fb725707a21 - Path: Packages/com.unity.shadergraph/Editor/Data/Implementation/GraphObject.cs - Importer: ScriptedImporter/UnityEditor.QuickSearchModule:UnityEditor.Search:ASIAI0B
Importing 'GUID: 463ff292c8554dc18fb52fb725707a21 - Path: Packages/com.unity.shadergraph/Editor/Data/Implementation/GraphObject.cs - Importer: ScriptedImporter/UnityEditor.QuickSearchModule:UnityEditor.Search:ASIAI0B' with importer (ScriptedImporter : UnityEditor.QuickSearchModule:UnityEditor.Search:ASIAI0B)
Imported 'GUID: 463ff292c8554dc18fb52fb725707a21' -> (Import Result ID: '55d41766820f1b14bd792b7f608e3a0f') in 0.005 seconds [static and dynamic dependencies]. Details - ImportResultOutputID=408c52436f7173a0f790057827f7e03f DependenciesID=c3778429d0e74ebfbfc8c0483ada544b StaticDependenciesID=a790668350c300f795e7e77fd8531a74 
Number of updated asset objects reloaded before import = 0
Number of asset objects unloaded after import = 0
========================================================================
Received Import Request.
  Time of request: 2026-08-21T02:53:28.3931011Z
  Time since last request: 0.0006641 seconds.
  importAddress: GUID: fd41e705ec44f6a428a22f08da1b19b3 - Path: Packages/com.unity.shadergraph/Editor/Data/Graphs/ViewDirectionMaterialSlot.cs - Importer: ScriptedImporter/UnityEditor.QuickSearchModule:UnityEditor.Search:ASIAI0B
Importing 'GUID: fd41e705ec44f6a428a22f08da1b19b3 - Path: Packages/com.unity.shadergraph/Editor/Data/Graphs/ViewDirectionMaterialSlot.cs - Importer: ScriptedImporter/UnityEditor.QuickSearchModule:UnityEditor.Search:ASIAI0B' with importer (ScriptedImporter : UnityEditor.QuickSearchModule:UnityEditor.Search:ASIAI0B)
Imported 'GUID: fd41e705ec44f6a428a22f08da1b19b3' -> (Import Result ID: '9c759acd1b97dc0405cde9ca51e4de1c') in 0.005 seconds [static and dynamic dependencies]. Details - ImportResultOutputID=c5b45cc9d3ae2c37080db1b0faabf6d7 DependenciesID=09718c91f80c3eafb01c2033fd358c52 StaticDependenciesID=a27d2737024f619bef3402b7fd78dafb 
Number of updated asset objects reloaded before import = 0
Number of asset objects unloaded after import = 0
========================================================================
Received Import Request.
  Time of request: 2026-08-21T02:53:28.4081867Z
  Time since last request: 0.0004448 seconds.
  importAddress: GUID: c645ecec95c53644b9b9777b4faeb75d - Path: Packages/com.unity.shadergraph/Editor/Data/Interfaces/ICanChangeShaderGUI.cs - Importer: ScriptedImporter/UnityEditor.QuickSearchModule:UnityEditor.Search:ASIAI0B
Importing 'GUID: c645ecec95c53644b9b9777b4faeb75d - Path: Packages/com.unity.shadergraph/Editor/Data/Interfaces/ICanChangeShaderGUI.cs - Importer: ScriptedImporter/UnityEditor.QuickSearchModule:UnityEditor.Search:ASIAI0B' with importer (ScriptedImporter : UnityEditor.QuickSearchModule:UnityEditor.Search:ASIAI0B)
Imported 'GUID: c645ecec95c53644b9b9777b4faeb75d' -> (Import Result ID: '109d87a2cd2af454e9ff9d1033ad7f35') in 0.005 seconds [static and dynamic dependencies]. Details - ImportResultOutputID=8f72277432c76fa52baa0a540c05d065 DependenciesID=861a42eadd56bd640d15e1f6f021b49d StaticDependenciesID=3313e7d94495364c0fbef0db02195d52 
Number of updated asset objects reloaded before import = 0
Number of asset objects unloaded after import = 0
========================================================================
Received Import Request.
  Time of request: 2026-08-21T02:53:28.4236361Z
  Time since last request: 0.0006676 seconds.
  importAddress: GUID: f1daf78dc4be7634f9d1b8a5115e8730 - Path: Packages/com.unity.shadergraph/Editor/Data/Implementation/HasDependenciesAttribute.cs - Importer: ScriptedImporter/UnityEditor.QuickSearchModule:UnityEditor.Search:ASIAI0B
Importing 'GUID: f1daf78dc4be7634f9d1b8a5115e8730 - Path: Packages/com.unity.shadergraph/Editor/Data/Implementation/HasDependenciesAttribute.cs - Importer: ScriptedImporter/UnityEditor.QuickSearchModule:UnityEditor.Search:ASIAI0B' with importer (ScriptedImporter : UnityEditor.QuickSearchModule:UnityEditor.Search:ASIAI0B)
Imported 'GUID: f1daf78dc4be7634f9d1b8a5115e8730' -> (Import Result ID: '39b9a3ffc5caffa0d4c021a48db97501') in 0.005 seconds [static and dynamic dependencies]. Details - ImportResultOutputID=c664e9d8b7a55745c8efdd4d691f4607 DependenciesID=117b56413bdc21a1d58d6d061d69018c StaticDependenciesID=faa0589d64f6a011c93cc1582f6b8d6e 
Number of updated asset objects reloaded before import = 0
Number of asset objects unloaded after import = 0
========================================================================
Received Import Request.
  Time of request: 2026-08-21T02:53:28.4395157Z
  Time since last request: 0.000587 seconds.
  importAddress: GUID: f557c79fd76a40d6a39798750426c9f8 - Path: Packages/com.unity.shadergraph/Editor/Data/Legacy/GraphData0.cs - Importer: ScriptedImporter/UnityEditor.QuickSearchModule:UnityEditor.Search:ASIAI0B
Importing 'GUID: f557c79fd76a40d6a39798750426c9f8 - Path: Packages/com.unity.shadergraph/Editor/Data/Legacy/GraphData0.cs - Importer: ScriptedImporter/UnityEditor.QuickSearchModule:UnityEditor.Search:ASIAI0B' with importer (ScriptedImporter : UnityEditor.QuickSearchModule:UnityEditor.Search:ASIAI0B)
Imported 'GUID: f557c79fd76a40d6a39798750426c9f8' -> (Import Result ID: '11d64d216bd78c8cba100ec441bbc50a') in 0.005 seconds [static and dynamic dependencies]. Details - ImportResultOutputID=5c6458e1da2865e955dbda5778c08e56 DependenciesID=b0a93ab23434461226fa0554777a53eb StaticDependenciesID=91213fd82e60af3d0219357b15595819 
Number of updated asset objects reloaded before import = 0
Number of asset objects unloaded after import = 0
========================================================================
Received Import Request.
  Time of request: 2026-08-21T02:53:28.4564004Z
  Time since last request: 0.0002723 seconds.
  importAddress: GUID: 8ad845bb8ef34e4589bcf630a8a8a31a - Path: Packages/com.unity.shadergraph/Editor/Data/Interfaces/NeededCoordinateSpace.cs - Importer: ScriptedImporter/UnityEditor.QuickSearchModule:UnityEditor.Search:ASIAI0B
Importing 'GUID: 8ad845bb8ef34e4589bcf630a8a8a31a - Path: Packages/com.unity.shadergraph/Editor/Data/Interfaces/NeededCoordinateSpace.cs - Importer: ScriptedImporter/UnityEditor.QuickSearchModule:UnityEditor.Search:ASIAI0B' with importer (ScriptedImporter : UnityEditor.QuickSearchModule:UnityEditor.Search:ASIAI0B)
Imported 'GUID: 8ad845bb8ef34e4589bcf630a8a8a31a' -> (Import Result ID: 'd44f0dc397c87117cfed718cc50e646d') in 0.005 seconds [static and dynamic dependencies]. Details - ImportResultOutputID=adaa2e89809c2746aa41d96bde5ba1ec DependenciesID=fa57c85b673983f2b92edfc19b6f979c StaticDependenciesID=67ac5e11689bac1c2cb5b6abfcce513a 
Number of updated asset objects reloaded before import = 0
Number of asset objects unloaded after import = 0
========================================================================
Received Import Request.
  Time of request: 2026-08-21T02:53:28.4706843Z
  Time since last request: 0.0003794 seconds.
  importAddress: GUID: 4085c56d69533334f969abdbd775c7fe - Path: Packages/com.unity.shadergraph/Editor/Data/Legacy/PBRMasterNode1.cs - Importer: ScriptedImporter/UnityEditor.QuickSearchModule:UnityEditor.Search:ASIAI0B
Importing 'GUID: 4085c56d69533334f969abdbd775c7fe - Path: Packages/com.unity.shadergraph/Editor/Data/Legacy/PBRMasterNode1.cs - Importer: ScriptedImporter/UnityEditor.QuickSearchModule:UnityEditor.Search:ASIAI0B' with importer (ScriptedImporter : UnityEditor.QuickSearchModule:UnityEditor.Search:ASIAI0B)
Imported 'GUID: 4085c56d69533334f969abdbd775c7fe' -> (Import Result ID: 'fb55e602f827c6bc450e1e613df6d115') in 0.004 seconds [static and dynamic dependencies]. Details - ImportResultOutputID=ec81b9de9f568314b9c30618354e9df0 DependenciesID=9934d0f3faf27544ab69641a96fcc589 StaticDependenciesID=422ee9da169b7036333a3a91a1695868 
Number of updated asset objects reloaded before import = 0
Number of asset objects unloaded after import = 0
========================================================================
Received Import Request.
  Time of request: 2026-08-21T02:53:28.492399Z
  Time since last request: 0.0073882 seconds.
  importAddress: GUID: 19fef5ded8573c34a80cf81ed0f9c56a - Path: Packages/com.unity.shadergraph/Editor/Data/Util/KeywordUtil.cs - Importer: ScriptedImporter/UnityEditor.QuickSearchModule:UnityEditor.Search:ASIAI0B
Importing 'GUID: 19fef5ded8573c34a80cf81ed0f9c56a - Path: Packages/com.unity.shadergraph/Editor/Data/Util/KeywordUtil.cs - Importer: ScriptedImporter/UnityEditor.QuickSearchModule:UnityEditor.Search:ASIAI0B' with importer (ScriptedImporter : UnityEditor.QuickSearchModule:UnityEditor.Search:ASIAI0B)
Imported 'GUID: 19fef5ded8573c34a80cf81ed0f9c56a' -> (Import Result ID: '7fe5426d449eb896b2d3895cde7ec2ca') in 0.005 seconds [static and dynamic dependencies]. Details - ImportResultOutputID=5afd5bad1bafe48d0d1a8df0b0f44a3a DependenciesID=d7182e28f29d6d82586247225b43120e StaticDependenciesID=fd850af4d1870e73b24b6557e49cad5e 
Number of updated asset objects reloaded before import = 0
Number of asset objects unloaded after import = 0
========================================================================
Received Import Request.
  Time of request: 2026-08-21T02:53:28.5075627Z
  Time since last request: 0.0003386 seconds.
  importAddress: GUID: 5e118fcc48ee4d78b7ea01a1d8011b1b - Path: Packages/com.unity.shadergraph/Editor/Drawing/Blackboard/SGBlackboardCategory.cs - Importer: ScriptedImporter/UnityEditor.QuickSearchModule:UnityEditor.Search:ASIAI0B
Importing 'GUID: 5e118fcc48ee4d78b7ea01a1d8011b1b - Path: Packages/com.unity.shadergraph/Editor/Drawing/Blackboard/SGBlackboardCategory.cs - Importer: ScriptedImporter/UnityEditor.QuickSearchModule:UnityEditor.Search:ASIAI0B' with importer (ScriptedImporter : UnityEditor.QuickSearchModule:UnityEditor.Search:ASIAI0B)
Imported 'GUID: 5e118fcc48ee4d78b7ea01a1d8011b1b' -> (Import Result ID: '0a17f5958f3d81d6a3fccd65945b7a25') in 0.005 seconds [static and dynamic dependencies]. Details - ImportResultOutputID=78bbff579fc1fe404c025e8f94d4f620 DependenciesID=14abb905c3c292846af9facd1422c106 StaticDependenciesID=7086e8143e4a1f908259d0d062dac709 
Number of updated asset objects reloaded before import = 0
Number of asset objects unloaded after import = 0
========================================================================
Received Import Request.
  Time of request: 2026-08-21T02:53:28.5223888Z
  Time since last request: 0.0006145 seconds.
  importAddress: GUID: 29f28f8b37d82564784fa42622bb8536 - Path: Packages/com.unity.shadergraph/Editor/Data/Util/MipSamplingModes.cs - Importer: ScriptedImporter/UnityEditor.QuickSearchModule:UnityEditor.Search:ASIAI0B
Importing 'GUID: 29f28f8b37d82564784fa42622bb8536 - Path: Packages/com.unity.shadergraph/Editor/Data/Util/MipSamplingModes.cs - Importer: ScriptedImporter/UnityEditor.QuickSearchModule:UnityEditor.Search:ASIAI0B' with importer (ScriptedImporter : UnityEditor.QuickSearchModule:UnityEditor.Search:ASIAI0B)
Imported 'GUID: 29f28f8b37d82564784fa42622bb8536' -> (Import Result ID: 'f184c6ea1613012ac662e289c97b5ed9') in 0.005 seconds [static and dynamic dependencies]. Details - ImportResultOutputID=da07c6e86028aadc8e75b555239b8d02 DependenciesID=80031cf4bea0fcd035d70c79554e5c6b StaticDependenciesID=0b34e69b5f68dd4f5c4ac3aa32584573 
Number of updated asset objects reloaded before import = 0
Number of asset objects unloaded after import = 0
========================================================================
Received Import Request.
  Time of request: 2026-08-21T02:53:28.5390544Z
  Time since last request: 0.000394 seconds.
  importAddress: GUID: 415e66e3c4ba4ffd834a7d90349db989 - Path: Packages/com.unity.shadergraph/Editor/Drawing/Controllers/BlackboardCategoryController.cs - Importer: ScriptedImporter/UnityEditor.QuickSearchModule:UnityEditor.Search:ASIAI0B
Importing 'GUID: 415e66e3c4ba4ffd834a7d90349db989 - Path: Packages/com.unity.shadergraph/Editor/Drawing/Controllers/BlackboardCategoryController.cs - Importer: ScriptedImporter/UnityEditor.QuickSearchModule:UnityEditor.Search:ASIAI0B' with importer (ScriptedImporter : UnityEditor.QuickSearchModule:UnityEditor.Search:ASIAI0B)
Imported 'GUID: 415e66e3c4ba4ffd834a7d90349db989' -> (Import Result ID: 'eb0e4e8286645576bc22b12e14f400fc') in 0.005 seconds [static and dynamic dependencies]. Details - ImportResultOutputID=0974e740a86eb5a06ae49feb796289c7 DependenciesID=e086c7efbba501c5e336dec6ca6b3f00 StaticDependenciesID=331c49770450b1d0ab5e48ea245df308 
Number of updated asset objects reloaded before import = 0
Number of asset objects unloaded after import = 0
========================================================================
Received Import Request.
  Time of request: 2026-08-21T02:53:28.5547982Z
  Time since last request: 0.0009624 seconds.
  importAddress: GUID: 93c41a4331c94d09a7561ea6b4983439 - Path: Packages/com.unity.shadergraph/Editor/Data/Util/StackPool.cs - Importer: ScriptedImporter/UnityEditor.QuickSearchModule:UnityEditor.Search:ASIAI0B
Importing 'GUID: 93c41a4331c94d09a7561ea6b4983439 - Path: Packages/com.unity.shadergraph/Editor/Data/Util/StackPool.cs - Importer: ScriptedImporter/UnityEditor.QuickSearchModule:UnityEditor.Search:ASIAI0B' with importer (ScriptedImporter : UnityEditor.QuickSearchModule:UnityEditor.Search:ASIAI0B)
Imported 'GUID: 93c41a4331c94d09a7561ea6b4983439' -> (Import Result ID: 'd8fa510332bd0689e4117c10d772f42d') in 0.004 seconds [static and dynamic dependencies]. Details - ImportResultOutputID=2254b5c7792940f7df2a79d2b8cc28a3 DependenciesID=68c1b64a617af0e714f730ecfe39971b StaticDependenciesID=8b281b6d01a051daaf8311c25dd382c5 
Number of updated asset objects reloaded before import = 0
Number of asset objects unloaded after import = 0
========================================================================
Received Import Request.
  Time of request: 2026-08-21T02:53:28.5693461Z
  Time since last request: 0.000413 seconds.
  importAddress: GUID: ec0207b061e270b4a96a01fbe11c18ca - Path: Packages/com.unity.shadergraph/Editor/Data/SubGraph/SubGraphOutputNode.cs - Importer: ScriptedImporter/UnityEditor.QuickSearchModule:UnityEditor.Search:ASIAI0B
Importing 'GUID: ec0207b061e270b4a96a01fbe11c18ca - Path: Packages/com.unity.shadergraph/Editor/Data/SubGraph/SubGraphOutputNode.cs - Importer: ScriptedImporter/UnityEditor.QuickSearchModule:UnityEditor.Search:ASIAI0B' with importer (ScriptedImporter : UnityEditor.QuickSearchModule:UnityEditor.Search:ASIAI0B)
Imported 'GUID: ec0207b061e270b4a96a01fbe11c18ca' -> (Import Result ID: '79ba06adf663ec06f78a8a71ade26afd') in 0.003 seconds [static and dynamic dependencies]. Details - ImportResultOutputID=5c5fe087d4beadc15001ab7580b91d78 DependenciesID=8b072efc4fc5039d41d0acfdfb715e1f StaticDependenciesID=426fcb0553745229ee57220d99bf239c 
Number of updated asset objects reloaded before import = 0
Number of asset objects unloaded after import = 0
========================================================================
Received Import Request.
  Time of request: 2026-08-21T02:53:28.5837466Z
  Time since last request: 0.0006041 seconds.
  importAddress: GUID: 7481cf2e22074dbdb915ebd086bd0652 - Path: Packages/com.unity.shadergraph/Editor/Drawing/Blackboard/SGBlackboardRow.cs - Importer: ScriptedImporter/UnityEditor.QuickSearchModule:UnityEditor.Search:ASIAI0B
Importing 'GUID: 7481cf2e22074dbdb915ebd086bd0652 - Path: Packages/com.unity.shadergraph/Editor/Drawing/Blackboard/SGBlackboardRow.cs - Importer: ScriptedImporter/UnityEditor.QuickSearchModule:UnityEditor.Search:ASIAI0B' with importer (ScriptedImporter : UnityEditor.QuickSearchModule:UnityEditor.Search:ASIAI0B)
Imported 'GUID: 7481cf2e22074dbdb915ebd086bd0652' -> (Import Result ID: '47947e557b60b2c9c00bdf02b8893bb7') in 0.005 seconds [static and dynamic dependencies]. Details - ImportResultOutputID=4b427e266c857cc7059140f91c6a8c54 DependenciesID=117a689dc1cd6c65ba9b2822ec8e300e StaticDependenciesID=3fe9bb99c972ca01c27369b38db6c935 
Number of updated asset objects reloaded before import = 0
Number of asset objects unloaded after import = 0
========================================================================
Received Import Request.
  Time of request: 2026-08-21T02:53:28.6014217Z
  Time since last request: 0.0003269 seconds.
  importAddress: GUID: a7a22fecc3eba0844810adaf43e45f0f - Path: Packages/com.unity.shadergraph/Editor/Drawing/Controls/ButtonControl.cs - Importer: ScriptedImporter/UnityEditor.QuickSearchModule:UnityEditor.Search:ASIAI0B
Importing 'GUID: a7a22fecc3eba0844810adaf43e45f0f - Path: Packages/com.unity.shadergraph/Editor/Drawing/Controls/ButtonControl.cs - Importer: ScriptedImporter/UnityEditor.QuickSearchModule:UnityEditor.Search:ASIAI0B' with importer (ScriptedImporter : UnityEditor.QuickSearchModule:UnityEditor.Search:ASIAI0B)
Imported 'GUID: a7a22fecc3eba0844810adaf43e45f0f' -> (Import Result ID: '444b59ab02b3e1127fffa5a1b67c8f89') in 0.004 seconds [static and dynamic dependencies]. Details - ImportResultOutputID=5f2156b129a15c3ccfa7cec4a5d6881e DependenciesID=362fd214ce2d10e7769bb34aecf156c2 StaticDependenciesID=9d96983f63a3492775076594375c959a 
Number of updated asset objects reloaded before import = 0
Number of asset objects unloaded after import = 0
========================================================================
Received Import Request.
  Time of request: 2026-08-21T02:53:28.6164604Z
  Time since last request: 0.000349 seconds.
  importAddress: GUID: cd4a907184a26424da9bdf0a0e663a5b - Path: Packages/com.unity.shadergraph/Editor/Data/Nodes/NormalMapSpace.cs - Importer: ScriptedImporter/UnityEditor.QuickSearchModule:UnityEditor.Search:ASIAI0B
Importing 'GUID: cd4a907184a26424da9bdf0a0e663a5b - Path: Packages/com.unity.shadergraph/Editor/Data/Nodes/NormalMapSpace.cs - Importer: ScriptedImporter/UnityEditor.QuickSearchModule:UnityEditor.Search:ASIAI0B' with importer (ScriptedImporter : UnityEditor.QuickSearchModule:UnityEditor.Search:ASIAI0B)
Imported 'GUID: cd4a907184a26424da9bdf0a0e663a5b' -> (Import Result ID: '47905d296c16930e54aed400d3f84855') in 0.004 seconds [static and dynamic dependencies]. Details - ImportResultOutputID=6cd623932b60e8eec75000e5156bde59 DependenciesID=268c58c49f26634aa9226993f4a39fe0 StaticDependenciesID=7ce239f060e4635036b8d56a6d675e86 
Number of updated asset objects reloaded before import = 0
Number of asset objects unloaded after import = 0
========================================================================
Received Import Request.
  Time of request: 2026-08-21T02:53:28.6321179Z
  Time since last request: 0.0003364 seconds.
  importAddress: GUID: bca71e015fbd848c39feff083689afca - Path: Packages/com.unity.shadergraph/Editor/Drawing/Colors/UserColors.cs - Importer: ScriptedImporter/UnityEditor.QuickSearchModule:UnityEditor.Search:ASIAI0B
Importing 'GUID: bca71e015fbd848c39feff083689afca - Path: Packages/com.unity.shadergraph/Editor/Drawing/Colors/UserColors.cs - Importer: ScriptedImporter/UnityEditor.QuickSearchModule:UnityEditor.Search:ASIAI0B' with importer (ScriptedImporter : UnityEditor.QuickSearchModule:UnityEditor.Search:ASIAI0B)
Imported 'GUID: bca71e015fbd848c39feff083689afca' -> (Import Result ID: '33513853fe2a9f45402319c67fe3fa47') in 0.005 seconds [static and dynamic dependencies]. Details - ImportResultOutputID=95d2b558531c79706b2cea7e34dc8411 DependenciesID=e7c4760e2c409ebadbf53538ccf69ece StaticDependenciesID=482d24775bdfc3ade4df6f5959f45b0e 
Number of updated asset objects reloaded before import = 0
Number of asset objects unloaded after import = 0
========================================================================
Received Import Request.
  Time of request: 2026-08-21T02:53:28.6480848Z
  Time since last request: 0.0004369 seconds.
  importAddress: GUID: 74a26e3294ebad94fa5d78ee95751556 - Path: Packages/com.unity.shadergraph/Editor/Drawing/Controls/ChannelMixerControl.cs - Importer: ScriptedImporter/UnityEditor.QuickSearchModule:UnityEditor.Search:ASIAI0B
Importing 'GUID: 74a26e3294ebad94fa5d78ee95751556 - Path: Packages/com.unity.shadergraph/Editor/Drawing/Controls/ChannelMixerControl.cs - Importer: ScriptedImporter/UnityEditor.QuickSearchModule:UnityEditor.Search:ASIAI0B' with importer (ScriptedImporter : UnityEditor.QuickSearchModule:UnityEditor.Search:ASIAI0B)
Imported 'GUID: 74a26e3294ebad94fa5d78ee95751556' -> (Import Result ID: '4f44d60caeca7756b871c111b12669f1') in 0.004 seconds [static and dynamic dependencies]. Details - ImportResultOutputID=380302a9331eb3d0bd56835ab9799efe DependenciesID=e6d878d2424d4560b9625b1919f617e8 StaticDependenciesID=1e61f859861701128848477d593ce023 
Number of updated asset objects reloaded before import = 0
Number of asset objects unloaded after import = 0
========================================================================
Received Import Request.
  Time of request: 2026-08-21T02:53:28.6636743Z
  Time since last request: 0.0004424 seconds.
  importAddress: GUID: 34772c0f4dfcde7428f8bacfb0ce0552 - Path: Packages/com.unity.shadergraph/Editor/Data/Util/KeywordDependentCollection.cs - Importer: ScriptedImporter/UnityEditor.QuickSearchModule:UnityEditor.Search:ASIAI0B
Importing 'GUID: 34772c0f4dfcde7428f8bacfb0ce0552 - Path: Packages/com.unity.shadergraph/Editor/Data/Util/KeywordDependentCollection.cs - Importer: ScriptedImporter/UnityEditor.QuickSearchModule:UnityEditor.Search:ASIAI0B' with importer (ScriptedImporter : UnityEditor.QuickSearchModule:UnityEditor.Search:ASIAI0B)
Imported 'GUID: 34772c0f4dfcde7428f8bacfb0ce0552' -> (Import Result ID: 'ab4760aa37422d55a7e33a8c19fdb406') in 0.004 seconds [static and dynamic dependencies]. Details - ImportResultOutputID=47c7d4c97320c02dc9dd85cc8bc0e5a2 DependenciesID=5fce4950add91ff973d0f9ca783294c3 StaticDependenciesID=ce5f85eb06f2d665487498db0966bab3 
Number of updated asset objects reloaded before import = 0
Number of asset objects unloaded after import = 0
========================================================================
Received Import Request.
  Time of request: 2026-08-21T02:53:28.6787218Z
  Time since last request: 0.0004514 seconds.
  importAddress: GUID: 11c00f8215374c368941cd4c06242ed7 - Path: Packages/com.unity.shadergraph/Editor/Data/Util/PooledHashSet.cs - Importer: ScriptedImporter/UnityEditor.QuickSearchModule:UnityEditor.Search:ASIAI0B
Importing 'GUID: 11c00f8215374c368941cd4c06242ed7 - Path: Packages/com.unity.shadergraph/Editor/Data/Util/PooledHashSet.cs - Importer: ScriptedImporter/UnityEditor.QuickSearchModule:UnityEditor.Search:ASIAI0B' with importer (ScriptedImporter : UnityEditor.QuickSearchModule:UnityEditor.Search:ASIAI0B)
Imported 'GUID: 11c00f8215374c368941cd4c06242ed7' -> (Import Result ID: '4cc4fb754f5bd4a3e0bff0b933dc19bd') in 0.004 seconds [static and dynamic dependencies]. Details - ImportResultOutputID=965590a4dd0e4f768b643d4e1d68f79f DependenciesID=986a31442507c3c63b9784d770cc59d5 StaticDependenciesID=08dcc3f6763ead7ad6b9808e0636336e 
Number of updated asset objects reloaded before import = 0
Number of asset objects unloaded after import = 0
========================================================================
Received Import Request.
  Time of request: 2026-08-21T02:53:28.6926396Z
  Time since last request: 0.0003575 seconds.
  importAddress: GUID: 226fc3c1379acec4b921a0ac0f986089 - Path: Packages/com.unity.shadergraph/Editor/Data/Nodes/SlotValue.cs - Importer: ScriptedImporter/UnityEditor.QuickSearchModule:UnityEditor.Search:ASIAI0B
Importing 'GUID: 226fc3c1379acec4b921a0ac0f986089 - Path: Packages/com.unity.shadergraph/Editor/Data/Nodes/SlotValue.cs - Importer: ScriptedImporter/UnityEditor.QuickSearchModule:UnityEditor.Search:ASIAI0B' with importer (ScriptedImporter : UnityEditor.QuickSearchModule:UnityEditor.Search:ASIAI0B)
Imported 'GUID: 226fc3c1379acec4b921a0ac0f986089' -> (Import Result ID: '41a7afcb094a14cb9c6a8670204cbacb') in 0.005 seconds [static and dynamic dependencies]. Details - ImportResultOutputID=ccc20e9770c5c9833c3b63441054191a DependenciesID=c670121ff589fe3996919ffab9cb98fa StaticDependenciesID=d0617f8826ef178434a3fa6973a14f35 
Number of updated asset objects reloaded before import = 0
Number of asset objects unloaded after import = 0
========================================================================
Received Import Request.
  Time of request: 2026-08-21T02:53:28.7093524Z
  Time since last request: 0.0005783 seconds.
  importAddress: GUID: 77e837a1c5a3a4f3f873a99e6287a220 - Path: Packages/com.unity.shadergraph/Editor/Drawing/Colors/CustomColorData.cs - Importer: ScriptedImporter/UnityEditor.QuickSearchModule:UnityEditor.Search:ASIAI0B
Importing 'GUID: 77e837a1c5a3a4f3f873a99e6287a220 - Path: Packages/com.unity.shadergraph/Editor/Drawing/Colors/CustomColorData.cs - Importer: ScriptedImporter/UnityEditor.QuickSearchModule:UnityEditor.Search:ASIAI0B' with importer (ScriptedImporter : UnityEditor.QuickSearchModule:UnityEditor.Search:ASIAI0B)
Imported 'GUID: 77e837a1c5a3a4f3f873a99e6287a220' -> (Import Result ID: '8eaf28444fb3ccf927657fed6f427607') in 0.004 seconds [static and dynamic dependencies]. Details - ImportResultOutputID=684397cee14596d95dfdd4c28526732e DependenciesID=6c93c17c05b7b184e406708eb5a6b2a9 StaticDependenciesID=867e21b36646c775b37b90e84b9142f3 
Number of updated asset objects reloaded before import = 0
Number of asset objects unloaded after import = 0
========================================================================
Received Import Request.
  Time of request: 2026-08-21T02:53:28.7234633Z
  Time since last request: 0.0004631 seconds.
  importAddress: GUID: 02d8af4c3fb9404ba3d6689c815c18d2 - Path: Packages/com.unity.shadergraph/Editor/Data/Nodes/ShaderStage.cs - Importer: ScriptedImporter/UnityEditor.QuickSearchModule:UnityEditor.Search:ASIAI0B
Importing 'GUID: 02d8af4c3fb9404ba3d6689c815c18d2 - Path: Packages/com.unity.shadergraph/Editor/Data/Nodes/ShaderStage.cs - Importer: ScriptedImporter/UnityEditor.QuickSearchModule:UnityEditor.Search:ASIAI0B' with importer (ScriptedImporter : UnityEditor.QuickSearchModule:UnityEditor.Search:ASIAI0B)
Imported 'GUID: 02d8af4c3fb9404ba3d6689c815c18d2' -> (Import Result ID: '7a1c775055a4cd425efe0995c53ac4e9') in 0.005 seconds [static and dynamic dependencies]. Details - ImportResultOutputID=f89f7ab85faf3137258af4c3ce16cb38 DependenciesID=cb2500b842772613a7dd82930387a629 StaticDependenciesID=06ac94a54522f7197b9b1bb61b48161a 
Number of updated asset objects reloaded before import = 0
Number of asset objects unloaded after import = 0
========================================================================
Received Import Request.
  Time of request: 2026-08-21T02:53:28.7420788Z
  Time since last request: 0.0038604 seconds.
  importAddress: GUID: 4de8f5d9ab4e43a4bfd041576666307d - Path: Packages/com.unity.shadergraph/Editor/Drawing/ViewModels/ShaderInputViewModel.cs - Importer: ScriptedImporter/UnityEditor.QuickSearchModule:UnityEditor.Search:ASIAI0B
Importing 'GUID: 4de8f5d9ab4e43a4bfd041576666307d - Path: Packages/com.unity.shadergraph/Editor/Drawing/ViewModels/ShaderInputViewModel.cs - Importer: ScriptedImporter/UnityEditor.QuickSearchModule:UnityEditor.Search:ASIAI0B' with importer (ScriptedImporter : UnityEditor.QuickSearchModule:UnityEditor.Search:ASIAI0B)
Imported 'GUID: 4de8f5d9ab4e43a4bfd041576666307d' -> (Import Result ID: 'dc337c846ae5e1aa88d69ce754363674') in 0.005 seconds [static and dynamic dependencies]. Details - ImportResultOutputID=50212796e325f1e45c005ca7aff6d59a DependenciesID=068091c13303a522394e4f326224c73f StaticDependenciesID=04d356bb79af0a1af264be153b3336e1 
Number of updated asset objects reloaded before import = 0
Number of asset objects unloaded after import = 0
========================================================================
Received Import Request.
  Time of request: 2026-08-21T02:53:28.7573828Z
  Time since last request: 0.0002299 seconds.
  importAddress: GUID: f879ff3347f445a2bbadebebbc166b8e - Path: Packages/com.unity.shadergraph/Editor/Drawing/ViewModels/BlackboardViewModel.cs - Importer: ScriptedImporter/UnityEditor.QuickSearchModule:UnityEditor.Search:ASIAI0B
Importing 'GUID: f879ff3347f445a2bbadebebbc166b8e - Path: Packages/com.unity.shadergraph/Editor/Drawing/ViewModels/BlackboardViewModel.cs - Importer: ScriptedImporter/UnityEditor.QuickSearchModule:UnityEditor.Search:ASIAI0B' with importer (ScriptedImporter : UnityEditor.QuickSearchModule:UnityEditor.Search:ASIAI0B)
Imported 'GUID: f879ff3347f445a2bbadebebbc166b8e' -> (Import Result ID: 'ade34a328044b112d879bfef6a2e7132') in 0.004 seconds [static and dynamic dependencies]. Details - ImportResultOutputID=45a724f350d8d7596a00f3accf29630d DependenciesID=3b085678144b21a5b78d92eddd3b2f42 StaticDependenciesID=b7547482b4011724b09c38d73f7a7670 
Number of updated asset objects reloaded before import = 0
Number of asset objects unloaded after import = 0
========================================================================
Received Import Request.
  Time of request: 2026-08-21T02:53:28.7714557Z
  Time since last request: 0.0004087 seconds.
  importAddress: GUID: a0e142b8abd53a243b029b58247caacc - Path: Packages/com.unity.shadergraph/Editor/Drawing/Controls/IdentifierControl.cs - Importer: ScriptedImporter/UnityEditor.QuickSearchModule:UnityEditor.Search:ASIAI0B
Importing 'GUID: a0e142b8abd53a243b029b58247caacc - Path: Packages/com.unity.shadergraph/Editor/Drawing/Controls/IdentifierControl.cs - Importer: ScriptedImporter/UnityEditor.QuickSearchModule:UnityEditor.Search:ASIAI0B' with importer (ScriptedImporter : UnityEditor.QuickSearchModule:UnityEditor.Search:ASIAI0B)
Imported 'GUID: a0e142b8abd53a243b029b58247caacc' -> (Import Result ID: 'd37f7ead637d3d16f03c64bd519e752e') in 0.005 seconds [static and dynamic dependencies]. Details - ImportResultOutputID=285f4586ebf5777a599d707a9db383cf DependenciesID=88de946629a2aa3915dcbd6158cc6cde StaticDependenciesID=fe921454d5e4ef4846a460983d0f2539 
Number of updated asset objects reloaded before import = 0
Number of asset objects unloaded after import = 0
========================================================================
Received Import Request.
  Time of request: 2026-08-21T02:53:28.786971Z
  Time since last request: 0.0004643 seconds.
  importAddress: GUID: 1e7fbadba5784a16a78ceb473f4975b1 - Path: Packages/com.unity.shadergraph/Editor/Drawing/ViewModels/InspectorViewModel.cs - Importer: ScriptedImporter/UnityEditor.QuickSearchModule:UnityEditor.Search:ASIAI0B
Importing 'GUID: 1e7fbadba5784a16a78ceb473f4975b1 - Path: Packages/com.unity.shadergraph/Editor/Drawing/ViewModels/InspectorViewModel.cs - Importer: ScriptedImporter/UnityEditor.QuickSearchModule:UnityEditor.Search:ASIAI0B' with importer (ScriptedImporter : UnityEditor.QuickSearchModule:UnityEditor.Search:ASIAI0B)
Imported 'GUID: 1e7fbadba5784a16a78ceb473f4975b1' -> (Import Result ID: '09223e034d2fc70268e86d2834080bf4') in 0.004 seconds [static and dynamic dependencies]. Details - ImportResultOutputID=37d88e0b42d93bcb0c778a1480c7ef27 DependenciesID=0c0c79c2a2439de16e59e8f60c7f0ca2 StaticDependenciesID=efa6504c354c98e09c6c7e6ef427ae2f 
Number of updated asset objects reloaded before import = 0
Number of asset objects unloaded after import = 0
========================================================================
Received Import Request.
  Time of request: 2026-08-21T02:53:28.801043Z
  Time since last request: 0.0004077 seconds.
  importAddress: GUID: 9f69414f1afe45f794ec4b5d5bc2bcb5 - Path: Packages/com.unity.shadergraph/Editor/Drawing/Views/PortInputView.cs - Importer: ScriptedImporter/UnityEditor.QuickSearchModule:UnityEditor.Search:ASIAI0B
Importing 'GUID: 9f69414f1afe45f794ec4b5d5bc2bcb5 - Path: Packages/com.unity.shadergraph/Editor/Drawing/Views/PortInputView.cs - Importer: ScriptedImporter/UnityEditor.QuickSearchModule:UnityEditor.Search:ASIAI0B' with importer (ScriptedImporter : UnityEditor.QuickSearchModule:UnityEditor.Search:ASIAI0B)
Imported 'GUID: 9f69414f1afe45f794ec4b5d5bc2bcb5' -> (Import Result ID: '644053970d29ff5ac8bd011c7bd6089d') in 0.005 seconds [static and dynamic dependencies]. Details - ImportResultOutputID=0a92f9b8459dee12731cad40775a5c22 DependenciesID=c60d8c4d23db5291f22f48a475640955 StaticDependenciesID=98ada5fa518e5757bc0cd1f726f0a2ad 
Number of updated asset objects reloaded before import = 0
Number of asset objects unloaded after import = 0
========================================================================
Received Import Request.
  Time of request: 2026-08-21T02:53:28.8165155Z
  Time since last request: 0.0003218 seconds.
  importAddress: GUID: 612adbedac3183d4aa684efb732202d4 - Path: Packages/com.unity.shadergraph/Editor/Drawing/Interfaces/ISGViewModel.cs - Importer: ScriptedImporter/UnityEditor.QuickSearchModule:UnityEditor.Search:ASIAI0B
Importing 'GUID: 612adbedac3183d4aa684efb732202d4 - Path: Packages/com.unity.shadergraph/Editor/Drawing/Interfaces/ISGViewModel.cs - Importer: ScriptedImporter/UnityEditor.QuickSearchModule:UnityEditor.Search:ASIAI0B' with importer (ScriptedImporter : UnityEditor.QuickSearchModule:UnityEditor.Search:ASIAI0B)
Imported 'GUID: 612adbedac3183d4aa684efb732202d4' -> (Import Result ID: '5530aaf32bb54e51c0027f438c714d91') in 0.004 seconds [static and dynamic dependencies]. Details - ImportResultOutputID=03cd799687a95f5f7cad4b2f9406bf40 DependenciesID=083803f331b8aa3dcc042f703556ee88 StaticDependenciesID=de0acb4283753cf0f3c97ec0d9ccb452 
Number of updated asset objects reloaded before import = 0
Number of asset objects unloaded after import = 0
========================================================================
Received Import Request.
  Time of request: 2026-08-21T02:53:28.8300398Z
  Time since last request: 0.0002679 seconds.
  importAddress: GUID: 37873c3b010e40d1ac1e6aace3c0fb10 - Path: Packages/com.unity.shadergraph/Editor/Drawing/Views/PreviewSceneResources.cs - Importer: ScriptedImporter/UnityEditor.QuickSearchModule:UnityEditor.Search:ASIAI0B
Importing 'GUID: 37873c3b010e40d1ac1e6aace3c0fb10 - Path: Packages/com.unity.shadergraph/Editor/Drawing/Views/PreviewSceneResources.cs - Importer: ScriptedImporter/UnityEditor.QuickSearchModule:UnityEditor.Search:ASIAI0B' with importer (ScriptedImporter : UnityEditor.QuickSearchModule:UnityEditor.Search:ASIAI0B)
Imported 'GUID: 37873c3b010e40d1ac1e6aace3c0fb10' -> (Import Result ID: 'ab8096b048b97003a4408e581dab775b') in 0.004 seconds [static and dynamic dependencies]. Details - ImportResultOutputID=8dfc053791b77000385bd698ab810797 DependenciesID=f5613b7fcef5ca22477e83c10e2c61af StaticDependenciesID=5a1b37add79dec4d42d2bc44327bf46f 
Number of updated asset objects reloaded before import = 0
Number of asset objects unloaded after import = 0
========================================================================
Received Import Request.
  Time of request: 2026-08-21T02:53:28.8451954Z
  Time since last request: 0.0004154 seconds.
  importAddress: GUID: e5886001cd1b4a10a07093babfd6f7a6 - Path: Packages/com.unity.shadergraph/Editor/Drawing/Inspector/ShaderGraphHeatmapValuesEditor.cs - Importer: ScriptedImporter/UnityEditor.QuickSearchModule:UnityEditor.Search:ASIAI0B
Importing 'GUID: e5886001cd1b4a10a07093babfd6f7a6 - Path: Packages/com.unity.shadergraph/Editor/Drawing/Inspector/ShaderGraphHeatmapValuesEditor.cs - Importer: ScriptedImporter/UnityEditor.QuickSearchModule:UnityEditor.Search:ASIAI0B' with importer (ScriptedImporter : UnityEditor.QuickSearchModule:UnityEditor.Search:ASIAI0B)
Imported 'GUID: e5886001cd1b4a10a07093babfd6f7a6' -> (Import Result ID: '8c6a40e4d9b028b7c4c5298d8b52457c') in 0.004 seconds [static and dynamic dependencies]. Details - ImportResultOutputID=a5121e76d869d5f598a8f0760a4684cb DependenciesID=5ed1d9c963ff318473af6fe45b7be7fc StaticDependenciesID=04a12057a63f0d1fc0c8783e3c0ec8f7 
Number of updated asset objects reloaded before import = 0
Number of asset objects unloaded after import = 0
========================================================================
Received Import Request.
  Time of request: 2026-08-21T02:53:28.8597984Z
  Time since last request: 0.0004085 seconds.
  importAddress: GUID: 29c513b592822a84d99669e7845b9d45 - Path: Packages/com.unity.shadergraph/Editor/Drawing/Controls/TextControl.cs - Importer: ScriptedImporter/UnityEditor.QuickSearchModule:UnityEditor.Search:ASIAI0B
Importing 'GUID: 29c513b592822a84d99669e7845b9d45 - Path: Packages/com.unity.shadergraph/Editor/Drawing/Controls/TextControl.cs - Importer: ScriptedImporter/UnityEditor.QuickSearchModule:UnityEditor.Search:ASIAI0B' with importer (ScriptedImporter : UnityEditor.QuickSearchModule:UnityEditor.Search:ASIAI0B)
Imported 'GUID: 29c513b592822a84d99669e7845b9d45' -> (Import Result ID: '3123340c42885a7bb4a1253aae0a3c16') in 0.004 seconds [static and dynamic dependencies]. Details - ImportResultOutputID=f47f2dcda2c7c324ac075577f83827df DependenciesID=b8ecc083acee65d71aefe7655fe3e20a StaticDependenciesID=01776caa97b2937c33e45c090ad5f220 
Number of updated asset objects reloaded before import = 0
Number of asset objects unloaded after import = 0
========================================================================
Received Import Request.
  Time of request: 2026-08-21T02:53:28.8748994Z
  Time since last request: 0.0004733 seconds.
  importAddress: GUID: ad4cd8fec883e80418e5427585b426db - Path: Packages/com.unity.shadergraph/Editor/Drawing/Manipulators/Draggable.cs - Importer: ScriptedImporter/UnityEditor.QuickSearchModule:UnityEditor.Search:ASIAI0B
Importing 'GUID: ad4cd8fec883e80418e5427585b426db - Path: Packages/com.unity.shadergraph/Editor/Drawing/Manipulators/Draggable.cs - Importer: ScriptedImporter/UnityEditor.QuickSearchModule:UnityEditor.Search:ASIAI0B' with importer (ScriptedImporter : UnityEditor.QuickSearchModule:UnityEditor.Search:ASIAI0B)
Imported 'GUID: ad4cd8fec883e80418e5427585b426db' -> (Import Result ID: '442ebb34beb44288179adb6486c8af9b') in 0.006 seconds [static and dynamic dependencies]. Details - ImportResultOutputID=5568631900495258232cc4540efb6b31 DependenciesID=be4fcac6a6921a917d652b96f9b52217 StaticDependenciesID=30e6ad5670165e90f5d5ba08238d3a0c 
Number of updated asset objects reloaded before import = 0
Number of asset objects unloaded after import = 0
========================================================================
Received Import Request.
  Time of request: 2026-08-21T02:53:28.8928809Z
  Time since last request: 0.0004114 seconds.
  importAddress: GUID: 08492a28bc5e6d34e866bd3805598835 - Path: Packages/com.unity.shadergraph/Editor/Generation/Collections/AssetCollection.cs - Importer: ScriptedImporter/UnityEditor.QuickSearchModule:UnityEditor.Search:ASIAI0B
Importing 'GUID: 08492a28bc5e6d34e866bd3805598835 - Path: Packages/com.unity.shadergraph/Editor/Generation/Collections/AssetCollection.cs - Importer: ScriptedImporter/UnityEditor.QuickSearchModule:UnityEditor.Search:ASIAI0B' with importer (ScriptedImporter : UnityEditor.QuickSearchModule:UnityEditor.Search:ASIAI0B)
Imported 'GUID: 08492a28bc5e6d34e866bd3805598835' -> (Import Result ID: 'e750ccdceee4ed9470ac87312144e640') in 0.005 seconds [static and dynamic dependencies]. Details - ImportResultOutputID=9d8b669220ea5a9a2d01666e76fbf2d9 DependenciesID=9b2b68580eb7ed44c877e994d431a242 StaticDependenciesID=94e2174a12bd214e7472a24a6afdd831 
Number of updated asset objects reloaded before import = 0
Number of asset objects unloaded after import = 0
========================================================================
Received Import Request.
  Time of request: 2026-08-21T02:53:28.9099996Z
  Time since last request: 0.0005232 seconds.
  importAddress: GUID: f3738117378a2c645ae46e837d3cffe8 - Path: Packages/com.unity.shadergraph/Editor/Drawing/Manipulators/MasterPreviewManipulator.cs - Importer: ScriptedImporter/UnityEditor.QuickSearchModule:UnityEditor.Search:ASIAI0B
Importing 'GUID: f3738117378a2c645ae46e837d3cffe8 - Path: Packages/com.unity.shadergraph/Editor/Drawing/Manipulators/MasterPreviewManipulator.cs - Importer: ScriptedImporter/UnityEditor.QuickSearchModule:UnityEditor.Search:ASIAI0B' with importer (ScriptedImporter : UnityEditor.QuickSearchModule:UnityEditor.Search:ASIAI0B)
Imported 'GUID: f3738117378a2c645ae46e837d3cffe8' -> (Import Result ID: 'e9f0e03542feeb4472bea194c7572cc0') in 0.004 seconds [static and dynamic dependencies]. Details - ImportResultOutputID=d063afc570022c7fdc7b7fe9da6592bd DependenciesID=b5efeabf1771d30403ccdf70569c2b40 StaticDependenciesID=fc8c3f48e0f690a1ad9b8e3a54cdf3a4 
Number of updated asset objects reloaded before import = 0
Number of asset objects unloaded after import = 0
========================================================================
Received Import Request.
  Time of request: 2026-08-21T02:53:28.9267009Z
  Time since last request: 0.0005154 seconds.
  importAddress: GUID: 71056b51439c71e4e9ba450dda30ff20 - Path: Packages/com.unity.shadergraph/Editor/Drawing/Views/PropertyNodeView.cs - Importer: ScriptedImporter/UnityEditor.QuickSearchModule:UnityEditor.Search:ASIAI0B
Importing 'GUID: 71056b51439c71e4e9ba450dda30ff20 - Path: Packages/com.unity.shadergraph/Editor/Drawing/Views/PropertyNodeView.cs - Importer: ScriptedImporter/UnityEditor.QuickSearchModule:UnityEditor.Search:ASIAI0B' with importer (ScriptedImporter : UnityEditor.QuickSearchModule:UnityEditor.Search:ASIAI0B)
Imported 'GUID: 71056b51439c71e4e9ba450dda30ff20' -> (Import Result ID: '16cb50eff2fb4b5f1c1b8dd8d5f8c6ab') in 0.005 seconds [static and dynamic dependencies]. Details - ImportResultOutputID=0111619b60e1a9dd4aa67043356a4713 DependenciesID=9e078d9c1b3269a1351758e286e9c005 StaticDependenciesID=aee5c767765c3dfa62bacc00f345a37a 
Number of updated asset objects reloaded before import = 0
Number of asset objects unloaded after import = 0
========================================================================
Received Import Request.
  Time of request: 2026-08-21T02:53:28.942197Z
  Time since last request: 0.0005182 seconds.
  importAddress: GUID: 8192fc2e63c354dff92db5dde0c564b7 - Path: Packages/com.unity.shadergraph/Editor/Generation/Attributes/GenerateBlocksAttribute.cs - Importer: ScriptedImporter/UnityEditor.QuickSearchModule:UnityEditor.Search:ASIAI0B
Importing 'GUID: 8192fc2e63c354dff92db5dde0c564b7 - Path: Packages/com.unity.shadergraph/Editor/Generation/Attributes/GenerateBlocksAttribute.cs - Importer: ScriptedImporter/UnityEditor.QuickSearchModule:UnityEditor.Search:ASIAI0B' with importer (ScriptedImporter : UnityEditor.QuickSearchModule:UnityEditor.Search:ASIAI0B)
Imported 'GUID: 8192fc2e63c354dff92db5dde0c564b7' -> (Import Result ID: '7db888baf58323818ab233966b3d17fe') in 0.004 seconds [static and dynamic dependencies]. Details - ImportResultOutputID=27a02f4d14f2d1786a776439d8b20548 DependenciesID=fcb01f395aab3746b169841af0df1de5 StaticDependenciesID=b532c047be20c3f558df69f75a732769 
Number of updated asset objects reloaded before import = 0
Number of asset objects unloaded after import = 0
========================================================================
Received Import Request.
  Time of request: 2026-08-21T02:53:28.956938Z
  Time since last request: 0.00036 seconds.
  importAddress: GUID: c74a50771637c2d49980f713bbb7f4ea - Path: Packages/com.unity.shadergraph/Editor/Drawing/Controls/SliderControl.cs - Importer: ScriptedImporter/UnityEditor.QuickSearchModule:UnityEditor.Search:ASIAI0B
Importing 'GUID: c74a50771637c2d49980f713bbb7f4ea - Path: Packages/com.unity.shadergraph/Editor/Drawing/Controls/SliderControl.cs - Importer: ScriptedImporter/UnityEditor.QuickSearchModule:UnityEditor.Search:ASIAI0B' with importer (ScriptedImporter : UnityEditor.QuickSearchModule:UnityEditor.Search:ASIAI0B)
Imported 'GUID: c74a50771637c2d49980f713bbb7f4ea' -> (Import Result ID: 'a431369b948ff288577e470a21e78c11') in 0.005 seconds [static and dynamic dependencies]. Details - ImportResultOutputID=46d14b68b26ff57522c187c628d0ba8a DependenciesID=7072011187630b732d8610c07cf4f927 StaticDependenciesID=e9e76e9b0e86fa73af373287b5c55bac 
Number of updated asset objects reloaded before import = 0
Number of asset objects unloaded after import = 0
========================================================================
Received Import Request.
  Time of request: 2026-08-21T02:53:28.9727872Z
  Time since last request: 0.0005975 seconds.
  importAddress: GUID: ac41755acee97d247a7121e25babbb6a - Path: Packages/com.unity.shadergraph/Editor/Generation/Collections/FieldCollection.cs - Importer: ScriptedImporter/UnityEditor.QuickSearchModule:UnityEditor.Search:ASIAI0B
Importing 'GUID: ac41755acee97d247a7121e25babbb6a - Path: Packages/com.unity.shadergraph/Editor/Generation/Collections/FieldCollection.cs - Importer: ScriptedImporter/UnityEditor.QuickSearchModule:UnityEditor.Search:ASIAI0B' with importer (ScriptedImporter : UnityEditor.QuickSearchModule:UnityEditor.Search:ASIAI0B)
Imported 'GUID: ac41755acee97d247a7121e25babbb6a' -> (Import Result ID: '2d63b75576a0039b2397173bdb648a73') in 0.005 seconds [static and dynamic dependencies]. Details - ImportResultOutputID=499dcfd63335d01f5f58a516c32610a6 DependenciesID=450ab71b4e6a7e5625daeda585669dd9 StaticDependenciesID=a84136fdace8b0d2de6c66181993ddbe 
Number of updated asset objects reloaded before import = 0
Number of asset objects unloaded after import = 0
========================================================================
Received Import Request.
  Time of request: 2026-08-21T02:53:28.9944766Z
  Time since last request: 0.0058278 seconds.
  importAddress: GUID: a809112e0e86a0945a16de7cf2d3916c - Path: Packages/com.unity.shadergraph/Editor/Generation/Processors/GenerationUtils.cs - Importer: ScriptedImporter/UnityEditor.QuickSearchModule:UnityEditor.Search:ASIAI0B
Importing 'GUID: a809112e0e86a0945a16de7cf2d3916c - Path: Packages/com.unity.shadergraph/Editor/Generation/Processors/GenerationUtils.cs - Importer: ScriptedImporter/UnityEditor.QuickSearchModule:UnityEditor.Search:ASIAI0B' with importer (ScriptedImporter : UnityEditor.QuickSearchModule:UnityEditor.Search:ASIAI0B)
Imported 'GUID: a809112e0e86a0945a16de7cf2d3916c' -> (Import Result ID: 'aef79faf1815560c50772ddff168aba2') in 0.005 seconds [static and dynamic dependencies]. Details - ImportResultOutputID=76e3931c7db7deddd5d33a694cc66064 DependenciesID=cc233715f54779b3ab13fa80b56abff5 StaticDependenciesID=55abff22d10e808c723627d8ef448248 
Number of updated asset objects reloaded before import = 0
Number of asset objects unloaded after import = 0
========================================================================
Received Import Request.
  Time of request: 2026-08-21T02:53:29.0105169Z
  Time since last request: 0.0006873 seconds.
  importAddress: GUID: 443389252e1f464fb537873630611201 - Path: Packages/com.unity.shadergraph/Editor/Generation/Descriptors/AdditionalCommandDescriptor.cs - Importer: ScriptedImporter/UnityEditor.QuickSearchModule:UnityEditor.Search:ASIAI0B
Importing 'GUID: 443389252e1f464fb537873630611201 - Path: Packages/com.unity.shadergraph/Editor/Generation/Descriptors/AdditionalCommandDescriptor.cs - Importer: ScriptedImporter/UnityEditor.QuickSearchModule:UnityEditor.Search:ASIAI0B' with importer (ScriptedImporter : UnityEditor.QuickSearchModule:UnityEditor.Search:ASIAI0B)
Imported 'GUID: 443389252e1f464fb537873630611201' -> (Import Result ID: '63dd1890b7a633cef0fffc37116f4945') in 0.005 seconds [static and dynamic dependencies]. Details - ImportResultOutputID=533e36c7e268c7f3e356b17f640574ac DependenciesID=eac7b7bdd09c2ffdc76164658ae96c78 StaticDependenciesID=3efee717a8f2bb0c53997dee32047d3c 
Number of updated asset objects reloaded before import = 0
Number of asset objects unloaded after import = 0
========================================================================
Received Import Request.
  Time of request: 2026-08-21T02:53:29.0286771Z
  Time since last request: 0.0006191 seconds.
  importAddress: GUID: db334d8d6638d482fa8537623d00034a - Path: Packages/com.unity.shadergraph/Editor/Generation/Collections/PassCollection.cs - Importer: ScriptedImporter/UnityEditor.QuickSearchModule:UnityEditor.Search:ASIAI0B
Importing 'GUID: db334d8d6638d482fa8537623d00034a - Path: Packages/com.unity.shadergraph/Editor/Generation/Collections/PassCollection.cs - Importer: ScriptedImporter/UnityEditor.QuickSearchModule:UnityEditor.Search:ASIAI0B' with importer (ScriptedImporter : UnityEditor.QuickSearchModule:UnityEditor.Search:ASIAI0B)
Imported 'GUID: db334d8d6638d482fa8537623d00034a' -> (Import Result ID: '86777fd33c918e15d98cfaed74516c66') in 0.005 seconds [static and dynamic dependencies]. Details - ImportResultOutputID=0358868d8ca56da925ab5ec448403464 DependenciesID=fdb9e872e71438a57936884fbae78fc6 StaticDependenciesID=e99deaff8e7c06ac2cdbd0b42817a8ee 
Number of updated asset objects reloaded before import = 0
Number of asset objects unloaded after import = 0
========================================================================
Received Import Request.
  Time of request: 2026-08-21T02:53:29.0454082Z
  Time since last request: 0.0004935 seconds.
  importAddress: GUID: 4200a9cc82e224ab89a574f04d74f1d1 - Path: Packages/com.unity.shadergraph/Editor/Generation/Processors/GraphCompilationResult.cs - Importer: ScriptedImporter/UnityEditor.QuickSearchModule:UnityEditor.Search:ASIAI0B
Importing 'GUID: 4200a9cc82e224ab89a574f04d74f1d1 - Path: Packages/com.unity.shadergraph/Editor/Generation/Processors/GraphCompilationResult.cs - Importer: ScriptedImporter/UnityEditor.QuickSearchModule:UnityEditor.Search:ASIAI0B' with importer (ScriptedImporter : UnityEditor.QuickSearchModule:UnityEditor.Search:ASIAI0B)
Imported 'GUID: 4200a9cc82e224ab89a574f04d74f1d1' -> (Import Result ID: 'bfb7342343141ddcc1a522affa28edf5') in 0.006 seconds [static and dynamic dependencies]. Details - ImportResultOutputID=70584ef2ec6ed146beeee9812218a3b6 DependenciesID=b563ffcb1b65f1b15a8fa244603eaeaf StaticDependenciesID=016da83a756de9051471f51f38120d54 
Number of updated asset objects reloaded before import = 0
Number of asset objects unloaded after import = 0
========================================================================
Received Import Request.
  Time of request: 2026-08-21T02:53:29.0623546Z
  Time since last request: 0.0004669 seconds.
  importAddress: GUID: 1358e9b39cd7e8442bece5b15a2a7c63 - Path: Packages/com.unity.shadergraph/Editor/Generation/Processors/MatrixNames.cs - Importer: ScriptedImporter/UnityEditor.QuickSearchModule:UnityEditor.Search:ASIAI0B
Importing 'GUID: 1358e9b39cd7e8442bece5b15a2a7c63 - Path: Packages/com.unity.shadergraph/Editor/Generation/Processors/MatrixNames.cs - Importer: ScriptedImporter/UnityEditor.QuickSearchModule:UnityEditor.Search:ASIAI0B' with importer (ScriptedImporter : UnityEditor.QuickSearchModule:UnityEditor.Search:ASIAI0B)
Imported 'GUID: 1358e9b39cd7e8442bece5b15a2a7c63' -> (Import Result ID: '0e6363bb6c20e5981ba6abfbbf27b40a') in 0.006 seconds [static and dynamic dependencies]. Details - ImportResultOutputID=8fe78b791e334793435a07249592ec37 DependenciesID=3e1d763f0d1cc1e4a3fc90d34218a32d StaticDependenciesID=0eadf41b749d076236f99fac2cab368d 
Number of updated asset objects reloaded before import = 0
Number of asset objects unloaded after import = 0
========================================================================
Received Import Request.
  Time of request: 2026-08-21T02:53:29.0813121Z
  Time since last request: 0.0005542 seconds.
  importAddress: GUID: 8f2459b0837a8411dbfa2b61fdaca36e - Path: Packages/com.unity.shadergraph/Editor/Generation/TargetResources/BlockFields.cs - Importer: ScriptedImporter/UnityEditor.QuickSearchModule:UnityEditor.Search:ASIAI0B
Importing 'GUID: 8f2459b0837a8411dbfa2b61fdaca36e - Path: Packages/com.unity.shadergraph/Editor/Generation/TargetResources/BlockFields.cs - Importer: ScriptedImporter/UnityEditor.QuickSearchModule:UnityEditor.Search:ASIAI0B' with importer (ScriptedImporter : UnityEditor.QuickSearchModule:UnityEditor.Search:ASIAI0B)
Imported 'GUID: 8f2459b0837a8411dbfa2b61fdaca36e' -> (Import Result ID: '272a60e00000440fe58d50ba4f55e72f') in 0.006 seconds [static and dynamic dependencies]. Details - ImportResultOutputID=12112a64bb252bb30a594587de7554fb DependenciesID=4e805b7717393670c9b2be7755ecad2e StaticDependenciesID=cb1026a11bae8c4fd1fdc6e7f07f8188 
Number of updated asset objects reloaded before import = 0
Number of asset objects unloaded after import = 0
========================================================================
Received Import Request.
  Time of request: 2026-08-21T02:53:29.0986187Z
  Time since last request: 0.0003765 seconds.
  importAddress: GUID: 899473813cd13ff4c9a8c057d1bae8a1 - Path: Packages/com.unity.shadergraph/Editor/Generation/Enumerations/PropertyType.cs - Importer: ScriptedImporter/UnityEditor.QuickSearchModule:UnityEditor.Search:ASIAI0B
Importing 'GUID: 899473813cd13ff4c9a8c057d1bae8a1 - Path: Packages/com.unity.shadergraph/Editor/Generation/Enumerations/PropertyType.cs - Importer: ScriptedImporter/UnityEditor.QuickSearchModule:UnityEditor.Search:ASIAI0B' with importer (ScriptedImporter : UnityEditor.QuickSearchModule:UnityEditor.Search:ASIAI0B)
Imported 'GUID: 899473813cd13ff4c9a8c057d1bae8a1' -> (Import Result ID: 'a49f635be4b4400d1249a24cf6d8558e') in 0.005 seconds [static and dynamic dependencies]. Details - ImportResultOutputID=52485d19ddbf6ef3ca425f34f203c606 DependenciesID=60d17e4e2371ef79261a21ddcdce5a3d StaticDependenciesID=70c6e72c38f0d08886261c8e2a9e1b80 
Number of updated asset objects reloaded before import = 0
Number of asset objects unloaded after import = 0
========================================================================
Received Import Request.
  Time of request: 2026-08-21T02:53:29.1149891Z
  Time since last request: 0.0004271 seconds.
  importAddress: GUID: 860eceef9d9eeb64789007e44a1935fe - Path: Packages/com.unity.shadergraph/Editor/Generation/Contexts/TargetActiveBlockContext.cs - Importer: ScriptedImporter/UnityEditor.QuickSearchModule:UnityEditor.Search:ASIAI0B
Importing 'GUID: 860eceef9d9eeb64789007e44a1935fe - Path: Packages/com.unity.shadergraph/Editor/Generation/Contexts/TargetActiveBlockContext.cs - Importer: ScriptedImporter/UnityEditor.QuickSearchModule:UnityEditor.Search:ASIAI0B' with importer (ScriptedImporter : UnityEditor.QuickSearchModule:UnityEditor.Search:ASIAI0B)
Imported 'GUID: 860eceef9d9eeb64789007e44a1935fe' -> (Import Result ID: 'fcb53c85004140381b560e6f53e9b18e') in 0.005 seconds [static and dynamic dependencies]. Details - ImportResultOutputID=1278ec0c0fb879af5cce56f3da1d5b6b DependenciesID=9bad687794976841e1b3d8cfc9660948 StaticDependenciesID=5d864e44293ebb2bd773f7e56ea90971 
Number of updated asset objects reloaded before import = 0
Number of asset objects unloaded after import = 0
========================================================================
Received Import Request.
  Time of request: 2026-08-21T02:53:29.1330301Z
  Time since last request: 0.0003158 seconds.
  importAddress: GUID: be68c990e95a1654e9642087a2c0d2f8 - Path: Packages/com.unity.shadergraph/Editor/Generation/Descriptors/StencilDescriptor.cs - Importer: ScriptedImporter/UnityEditor.QuickSearchModule:UnityEditor.Search:ASIAI0B
Importing 'GUID: be68c990e95a1654e9642087a2c0d2f8 - Path: Packages/com.unity.shadergraph/Editor/Generation/Descriptors/StencilDescriptor.cs - Importer: ScriptedImporter/UnityEditor.QuickSearchModule:UnityEditor.Search:ASIAI0B' with importer (ScriptedImporter : UnityEditor.QuickSearchModule:UnityEditor.Search:ASIAI0B)
Imported 'GUID: be68c990e95a1654e9642087a2c0d2f8' -> (Import Result ID: '9900cebe9be9873a06687251161fcc82') in 0.005 seconds [static and dynamic dependencies]. Details - ImportResultOutputID=a4279373524771e89e33412ba1873e25 DependenciesID=c8550fd7ac85ac71fe52d75c02684aa6 StaticDependenciesID=c0217e62930ef0a5cf722f7a01184b2a 
Number of updated asset objects reloaded before import = 0
Number of asset objects unloaded after import = 0
========================================================================
Received Import Request.
  Time of request: 2026-08-21T02:53:29.1484828Z
  Time since last request: 0.0005084 seconds.
  importAddress: GUID: 6162f300732c7447d88725735caeab62 - Path: Packages/com.unity.shadergraph/Editor/Generation/Enumerations/ShaderValueType.cs - Importer: ScriptedImporter/UnityEditor.QuickSearchModule:UnityEditor.Search:ASIAI0B
Importing 'GUID: 6162f300732c7447d88725735caeab62 - Path: Packages/com.unity.shadergraph/Editor/Generation/Enumerations/ShaderValueType.cs - Importer: ScriptedImporter/UnityEditor.QuickSearchModule:UnityEditor.Search:ASIAI0B' with importer (ScriptedImporter : UnityEditor.QuickSearchModule:UnityEditor.Search:ASIAI0B)
Imported 'GUID: 6162f300732c7447d88725735caeab62' -> (Import Result ID: 'e422be6f5ca8592cee590af32e4cf7fa') in 0.005 seconds [static and dynamic dependencies]. Details - ImportResultOutputID=40ff8e57c18363583e3cc7fe81d90968 DependenciesID=ffe54a49b2fa084ee50b772d94981de5 StaticDependenciesID=d9d675114cacd33e4848558993cbae7d 
Number of updated asset objects reloaded before import = 0
Number of asset objects unloaded after import = 0
========================================================================
Received Import Request.
  Time of request: 2026-08-21T02:53:29.1644646Z
  Time since last request: 0.0005504 seconds.
  importAddress: GUID: 7464b9fcde08e5645a16b9b8ae1e573c - Path: Packages/com.unity.shadergraph/Editor/Generation/Targets/PreviewTarget.cs - Importer: ScriptedImporter/UnityEditor.QuickSearchModule:UnityEditor.Search:ASIAI0B
Importing 'GUID: 7464b9fcde08e5645a16b9b8ae1e573c - Path: Packages/com.unity.shadergraph/Editor/Generation/Targets/PreviewTarget.cs - Importer: ScriptedImporter/UnityEditor.QuickSearchModule:UnityEditor.Search:ASIAI0B' with importer (ScriptedImporter : UnityEditor.QuickSearchModule:UnityEditor.Search:ASIAI0B)
Imported 'GUID: 7464b9fcde08e5645a16b9b8ae1e573c' -> (Import Result ID: '832aba3d9948a279478904a57d881851') in 0.004 seconds [static and dynamic dependencies]. Details - ImportResultOutputID=91d432af1d33588ff279f5f06c6d6959 DependenciesID=0729dcf2d9bd5544ccccefc76cc79dce StaticDependenciesID=23f4b8c97cfb29ff055270d2e6707b31 
Number of updated asset objects reloaded before import = 0
Number of asset objects unloaded after import = 0
========================================================================
Received Import Request.
  Time of request: 2026-08-21T02:53:29.1795943Z
  Time since last request: 0.0002728 seconds.
  importAddress: GUID: 1d9ef2c068925ac42b1a5793f3706b87 - Path: Packages/com.unity.shadergraph/Editor/Generation/Enumerations/Cull.cs - Importer: ScriptedImporter/UnityEditor.QuickSearchModule:UnityEditor.Search:ASIAI0B
Importing 'GUID: 1d9ef2c068925ac42b1a5793f3706b87 - Path: Packages/com.unity.shadergraph/Editor/Generation/Enumerations/Cull.cs - Importer: ScriptedImporter/UnityEditor.QuickSearchModule:UnityEditor.Search:ASIAI0B' with importer (ScriptedImporter : UnityEditor.QuickSearchModule:UnityEditor.Search:ASIAI0B)
Imported 'GUID: 1d9ef2c068925ac42b1a5793f3706b87' -> (Import Result ID: '1561e19395c0747bc41c0ca59bd94291') in 0.004 seconds [static and dynamic dependencies]. Details - ImportResultOutputID=9bc881fe045b3f073b12391b7a46ccb6 DependenciesID=35ac55cc7e862672feed0e919bafab35 StaticDependenciesID=ccd6761585c65c8600bfd16b25a9460b 
Number of updated asset objects reloaded before import = 0
Number of asset objects unloaded after import = 0
========================================================================
Received Import Request.
  Time of request: 2026-08-21T02:53:29.1931735Z
  Time since last request: 0.0003122 seconds.
  importAddress: GUID: f37bd1bb1cb123a409370c2cc1eefef4 - Path: Packages/com.unity.shadergraph/Editor/Generation/Enumerations/BlendOp.cs - Importer: ScriptedImporter/UnityEditor.QuickSearchModule:UnityEditor.Search:ASIAI0B
Importing 'GUID: f37bd1bb1cb123a409370c2cc1eefef4 - Path: Packages/com.unity.shadergraph/Editor/Generation/Enumerations/BlendOp.cs - Importer: ScriptedImporter/UnityEditor.QuickSearchModule:UnityEditor.Search:ASIAI0B' with importer (ScriptedImporter : UnityEditor.QuickSearchModule:UnityEditor.Search:ASIAI0B)
Imported 'GUID: f37bd1bb1cb123a409370c2cc1eefef4' -> (Import Result ID: 'ba1b5d6c6f366ee5cce8eca85ccc88da') in 0.004 seconds [static and dynamic dependencies]. Details - ImportResultOutputID=d8a774f06aec50a653c6375ba646bbba DependenciesID=e98f6b791880cf3b505466e72d961013 StaticDependenciesID=9f053f4ff967f4c4261e8d7e8b0a6fc7 
Number of updated asset objects reloaded before import = 0
Number of asset objects unloaded after import = 0
========================================================================
Received Import Request.
  Time of request: 2026-08-21T02:53:29.2074895Z
  Time since last request: 0.0005532 seconds.
  importAddress: GUID: 82f47029c21684be390696599c52fb76 - Path: Packages/com.unity.shadergraph/Editor/Generation/Descriptors/BlockFieldDescriptor.cs - Importer: ScriptedImporter/UnityEditor.QuickSearchModule:UnityEditor.Search:ASIAI0B
Importing 'GUID: 82f47029c21684be390696599c52fb76 - Path: Packages/com.unity.shadergraph/Editor/Generation/Descriptors/BlockFieldDescriptor.cs - Importer: ScriptedImporter/UnityEditor.QuickSearchModule:UnityEditor.Search:ASIAI0B' with importer (ScriptedImporter : UnityEditor.QuickSearchModule:UnityEditor.Search:ASIAI0B)
Imported 'GUID: 82f47029c21684be390696599c52fb76' -> (Import Result ID: 'b49e6339327bf538b1c848d8451b126e') in 0.004 seconds [static and dynamic dependencies]. Details - ImportResultOutputID=10c84fb74c893de08f0673a4bce65307 DependenciesID=93aa010670726004c16bb66362be0276 StaticDependenciesID=53baa37fd150cef91bccb56e1b51857a 
Number of updated asset objects reloaded before import = 0
Number of asset objects unloaded after import = 0
========================================================================
Received Import Request.
  Time of request: 2026-08-21T02:53:29.2241094Z
  Time since last request: 0.0003483 seconds.
  importAddress: GUID: e2b068c670cfd41db8be9813bb8791af - Path: Packages/com.unity.shadergraph/Editor/Generation/Enumerations/ShaderModel.cs - Importer: ScriptedImporter/UnityEditor.QuickSearchModule:UnityEditor.Search:ASIAI0B
Importing 'GUID: e2b068c670cfd41db8be9813bb8791af - Path: Packages/com.unity.shadergraph/Editor/Generation/Enumerations/ShaderModel.cs - Importer: ScriptedImporter/UnityEditor.QuickSearchModule:UnityEditor.Search:ASIAI0B' with importer (ScriptedImporter : UnityEditor.QuickSearchModule:UnityEditor.Search:ASIAI0B)
Imported 'GUID: e2b068c670cfd41db8be9813bb8791af' -> (Import Result ID: '7f5198b15221f9e695cdf9eb1dcac582') in 0.004 seconds [static and dynamic dependencies]. Details - ImportResultOutputID=a3f5070d80c360fe65ed79367dd2207d DependenciesID=c180fe0b46faee9d7db9b9b8515cacfc StaticDependenciesID=52d320c367c034a6735bc68c09a633f1 
Number of updated asset objects reloaded before import = 0
Number of asset objects unloaded after import = 0
========================================================================
Received Import Request.
  Time of request: 2026-08-21T02:53:29.2379224Z
  Time since last request: 0.000499 seconds.
  importAddress: GUID: a856114c5ad0f47bdbac070c94eebd84 - Path: Packages/com.unity.shadergraph/Editor/Generation/Targets/VFXTarget.cs - Importer: ScriptedImporter/UnityEditor.QuickSearchModule:UnityEditor.Search:ASIAI0B
Importing 'GUID: a856114c5ad0f47bdbac070c94eebd84 - Path: Packages/com.unity.shadergraph/Editor/Generation/Targets/VFXTarget.cs - Importer: ScriptedImporter/UnityEditor.QuickSearchModule:UnityEditor.Search:ASIAI0B' with importer (ScriptedImporter : UnityEditor.QuickSearchModule:UnityEditor.Search:ASIAI0B)
Imported 'GUID: a856114c5ad0f47bdbac070c94eebd84' -> (Import Result ID: '9634094a2a9e02a1c4737cebb710dbff') in 0.004 seconds [static and dynamic dependencies]. Details - ImportResultOutputID=9640a18b89c712204e45ddf6ab98397d DependenciesID=6067c009c39bdb3265fb6859662830b5 StaticDependenciesID=349a18996b5a03b7d0c72f89a7e822e1 
Number of updated asset objects reloaded before import = 0
Number of asset objects unloaded after import = 0
========================================================================
Received Import Request.
  Time of request: 2026-08-21T02:53:29.2661913Z
  Time since last request: 0.0149277 seconds.
  importAddress: GUID: da07703fcc09f8d4799221050659bd55 - Path: Packages/com.unity.shadergraph/Editor/Resources/Shaders/FallbackError.shader - Importer: ScriptedImporter/UnityEditor.QuickSearchModule:UnityEditor.Search:ASIAI0B
Importing 'GUID: da07703fcc09f8d4799221050659bd55 - Path: Packages/com.unity.shadergraph/Editor/Resources/Shaders/FallbackError.shader - Importer: ScriptedImporter/UnityEditor.QuickSearchModule:UnityEditor.Search:ASIAI0B' with importer (ScriptedImporter : UnityEditor.QuickSearchModule:UnityEditor.Search:ASIAI0B)
Imported 'GUID: da07703fcc09f8d4799221050659bd55' -> (Import Result ID: 'fe4ef789520e9e83e9d8849e60c8d1f9') in 0.011 seconds [static and dynamic dependencies]. Details - ImportResultOutputID=5577bd419d3dc041167a207da9864ce6 DependenciesID=228a610b8a9ef9529d588489966cda8a StaticDependenciesID=cc6cb4fc4b8c01405b88a9faeb7615e1 
Number of updated asset objects reloaded before import = 0
Number of asset objects unloaded after import = 1
========================================================================
Received Import Request.
  Time of request: 2026-08-21T02:53:29.2873192Z
  Time since last request: 0.0002822 seconds.
  importAddress: GUID: b1b079d053c3d0c41952dadf32a89ffd - Path: Packages/com.unity.shadergraph/Editor/Resources/Icons/SettingsIcons_hover@2x.png - Importer: ScriptedImporter/UnityEditor.QuickSearchModule:UnityEditor.Search:ASIAI0B
Importing 'GUID: b1b079d053c3d0c41952dadf32a89ffd - Path: Packages/com.unity.shadergraph/Editor/Resources/Icons/SettingsIcons_hover@2x.png - Importer: ScriptedImporter/UnityEditor.QuickSearchModule:UnityEditor.Search:ASIAI0B' with importer (ScriptedImporter : UnityEditor.QuickSearchModule:UnityEditor.Search:ASIAI0B)
Imported 'GUID: b1b079d053c3d0c41952dadf32a89ffd' -> (Import Result ID: '83655b9979c89c595d4dc968ea9dfc5a') in 0.050 seconds [static and dynamic dependencies]. Details - ImportResultOutputID=fabd212b482291d76c16cdad61928959 DependenciesID=8ed511165e162a0a5e741dd70b9ef211 StaticDependenciesID=80bca8075a459de25a0f86e2eec919d3 
Number of updated asset objects reloaded before import = 0
Number of asset objects unloaded after import = 1
========================================================================
Received Import Request.
  Time of request: 2026-08-21T02:53:29.3474943Z
  Time since last request: 0.0003359 seconds.
  importAddress: GUID: dcf0e02f89cf7c848a22002b79ce27d3 - Path: Packages/com.unity.shadergraph/Editor/Resources/UXML/GraphInspector.uxml - Importer: ScriptedImporter/UnityEditor.QuickSearchModule:UnityEditor.Search:ASIAI0B
Importing 'GUID: dcf0e02f89cf7c848a22002b79ce27d3 - Path: Packages/com.unity.shadergraph/Editor/Resources/UXML/GraphInspector.uxml - Importer: ScriptedImporter/UnityEditor.QuickSearchModule:UnityEditor.Search:ASIAI0B' with importer (ScriptedImporter : UnityEditor.QuickSearchModule:UnityEditor.Search:ASIAI0B)
Imported 'GUID: dcf0e02f89cf7c848a22002b79ce27d3' -> (Import Result ID: '365796d0aa629664279441e2b3d32e45') in 0.026 seconds [static and dynamic dependencies]. Details - ImportResultOutputID=64de311ded0f71e9437577381d271dad DependenciesID=bbe0ac25114505d7384f3d6b312f8889 StaticDependenciesID=87c5dd237b56d9bddb9167c37fde49ff 
Number of updated asset objects reloaded before import = 0
Number of asset objects unloaded after import = 2
========================================================================
Received Import Request.
  Time of request: 2026-08-21T02:53:29.3851488Z
  Time since last request: 0.0002821 seconds.
  importAddress: GUID: 8905563cd559b4cceac8102dba04bc1a - Path: Packages/com.unity.shadergraph/Editor/ProviderSystem/Provider/ExpressionProvider.cs - Importer: ScriptedImporter/UnityEditor.QuickSearchModule:UnityEditor.Search:ASIAI0B
Importing 'GUID: 8905563cd559b4cceac8102dba04bc1a - Path: Packages/com.unity.shadergraph/Editor/ProviderSystem/Provider/ExpressionProvider.cs - Importer: ScriptedImporter/UnityEditor.QuickSearchModule:UnityEditor.Search:ASIAI0B' with importer (ScriptedImporter : UnityEditor.QuickSearchModule:UnityEditor.Search:ASIAI0B)
Imported 'GUID: 8905563cd559b4cceac8102dba04bc1a' -> (Import Result ID: 'b99dc969b82f799a7ee73ce8451ede45') in 0.004 seconds [static and dynamic dependencies]. Details - ImportResultOutputID=f206f97aa8fada76afae2cb343845266 DependenciesID=abbc7bb9c44d1cf77308eed654c827e8 StaticDependenciesID=04b2ac42290373559a543c0cb81129fb 
Number of updated asset objects reloaded before import = 0
Number of asset objects unloaded after import = 0
========================================================================
Received Import Request.
  Time of request: 2026-08-21T02:53:29.3999129Z
  Time since last request: 0.0004869 seconds.
  importAddress: GUID: 430a733c64a5c474787ac95203c2056b - Path: Packages/com.unity.shadergraph/Editor/Generation/Templates/BuildVertexDescriptionInputs.template.hlsl - Importer: ScriptedImporter/UnityEditor.QuickSearchModule:UnityEditor.Search:ASIAI0B
Importing 'GUID: 430a733c64a5c474787ac95203c2056b - Path: Packages/com.unity.shadergraph/Editor/Generation/Templates/BuildVertexDescriptionInputs.template.hlsl - Importer: ScriptedImporter/UnityEditor.QuickSearchModule:UnityEditor.Search:ASIAI0B' with importer (ScriptedImporter : UnityEditor.QuickSearchModule:UnityEditor.Search:ASIAI0B)
Imported 'GUID: 430a733c64a5c474787ac95203c2056b' -> (Import Result ID: 'e29b3fc8904fa42a4a57a1fe16375802') in 0.005 seconds [static and dynamic dependencies]. Details - ImportResultOutputID=a3d6a6fa61cd4654761cd9eef0e7dab2 DependenciesID=efa9d37a91e3ecbf5860352cfd5bc58a StaticDependenciesID=19146b8cc4036aa12419f584fab03a0a 
Number of updated asset objects reloaded before import = 0
Number of asset objects unloaded after import = 1
========================================================================
Received Import Request.
  Time of request: 2026-08-21T02:53:29.4152265Z
  Time since last request: 0.0003775 seconds.
  importAddress: GUID: a6abafca3e442ca4d970a1f8a2c70b0a - Path: Packages/com.unity.shadergraph/Editor/Resources/Icons/Settings_Flyout_9slice@2x.png - Importer: ScriptedImporter/UnityEditor.QuickSearchModule:UnityEditor.Search:ASIAI0B
Importing 'GUID: a6abafca3e442ca4d970a1f8a2c70b0a - Path: Packages/com.unity.shadergraph/Editor/Resources/Icons/Settings_Flyout_9slice@2x.png - Importer: ScriptedImporter/UnityEditor.QuickSearchModule:UnityEditor.Search:ASIAI0B' with importer (ScriptedImporter : UnityEditor.QuickSearchModule:UnityEditor.Search:ASIAI0B)
Imported 'GUID: a6abafca3e442ca4d970a1f8a2c70b0a' -> (Import Result ID: '15b8b2c12afda33798afbb7b9a792f46') in 0.007 seconds [static and dynamic dependencies]. Details - ImportResultOutputID=5dcd6ab81588b039196cd7970f79f423 DependenciesID=c8a1ba7386dcabe97064d50f367c4e56 StaticDependenciesID=6ec7dc6574ca1805bde9c4d7227c4ab8 
Number of updated asset objects reloaded before import = 0
Number of asset objects unloaded after import = 1
========================================================================
Received Import Request.
  Time of request: 2026-08-21T02:53:29.434105Z
  Time since last request: 0.000347 seconds.
  importAddress: GUID: 323995a5201d24acfbf34e49a52da528 - Path: Packages/com.unity.shadergraph/Editor/ProviderSystem/Provider/ReflectedFunctionProvider.cs - Importer: ScriptedImporter/UnityEditor.QuickSearchModule:UnityEditor.Search:ASIAI0B
Importing 'GUID: 323995a5201d24acfbf34e49a52da528 - Path: Packages/com.unity.shadergraph/Editor/ProviderSystem/Provider/ReflectedFunctionProvider.cs - Importer: ScriptedImporter/UnityEditor.QuickSearchModule:UnityEditor.Search:ASIAI0B' with importer (ScriptedImporter : UnityEditor.QuickSearchModule:UnityEditor.Search:ASIAI0B)
Imported 'GUID: 323995a5201d24acfbf34e49a52da528' -> (Import Result ID: '6bb1414acb3b956bcf7369669f2191b0') in 0.004 seconds [static and dynamic dependencies]. Details - ImportResultOutputID=a7214e9bf3a9a1f5a8b14d86feb72ab6 DependenciesID=dc65525250c342c83f93e4490619c6ac StaticDependenciesID=7e3e186b1011a1f0c20b909526e4f04c 
Number of updated asset objects reloaded before import = 0
Number of asset objects unloaded after import = 0
========================================================================
Received Import Request.
  Time of request: 2026-08-21T02:53:29.4505941Z
  Time since last request: 0.0003472 seconds.
  importAddress: GUID: 2f2e2190c36a7b54295d734e567b3e44 - Path: Packages/com.unity.shadergraph/Editor/Resources/Icons/sg_subgraph_icon.png - Importer: ScriptedImporter/UnityEditor.QuickSearchModule:UnityEditor.Search:ASIAI0B
Importing 'GUID: 2f2e2190c36a7b54295d734e567b3e44 - Path: Packages/com.unity.shadergraph/Editor/Resources/Icons/sg_subgraph_icon.png - Importer: ScriptedImporter/UnityEditor.QuickSearchModule:UnityEditor.Search:ASIAI0B' with importer (ScriptedImporter : UnityEditor.QuickSearchModule:UnityEditor.Search:ASIAI0B)
Imported 'GUID: 2f2e2190c36a7b54295d734e567b3e44' -> (Import Result ID: 'cd9bb762b84f517ea6b0a01dda600726') in 0.008 seconds [static and dynamic dependencies]. Details - ImportResultOutputID=8e74e4553a9f25c15ac913a8eeb91b03 DependenciesID=09da3477404599f320eda992c949f206 StaticDependenciesID=abf7ec6ebffdcc1c548adab1fac2561b 
Number of updated asset objects reloaded before import = 0
Number of asset objects unloaded after import = 1
========================================================================
Received Import Request.
  Time of request: 2026-08-21T02:53:29.4690119Z
  Time since last request: 0.0003099 seconds.
  importAddress: GUID: 072c6e9b7b3794539a6f638e7584621a - Path: Packages/com.unity.shadergraph/Editor/ProviderSystem/ShaderObjects/ShaderObjectUtils.cs - Importer: ScriptedImporter/UnityEditor.QuickSearchModule:UnityEditor.Search:ASIAI0B
Importing 'GUID: 072c6e9b7b3794539a6f638e7584621a - Path: Packages/com.unity.shadergraph/Editor/ProviderSystem/ShaderObjects/ShaderObjectUtils.cs - Importer: ScriptedImporter/UnityEditor.QuickSearchModule:UnityEditor.Search:ASIAI0B' with importer (ScriptedImporter : UnityEditor.QuickSearchModule:UnityEditor.Search:ASIAI0B)
Imported 'GUID: 072c6e9b7b3794539a6f638e7584621a' -> (Import Result ID: '2c7dbcaa82777e9a63b2910f5f5254ef') in 0.004 seconds [static and dynamic dependencies]. Details - ImportResultOutputID=fd8de708d72ea3ab0c097fa2a8d71a13 DependenciesID=f0a43d0613eead8845c2432ba9490a96 StaticDependenciesID=d1907dcda43b1b4c5ff4b6f10026d02f 
Number of updated asset objects reloaded before import = 0
Number of asset objects unloaded after import = 0
========================================================================
Received Import Request.
  Time of request: 2026-08-21T02:53:29.4851302Z
  Time since last request: 0.0003345 seconds.
  importAddress: GUID: 74741f330ea4fe848977aa5900880f7b - Path: Packages/com.unity.shadergraph/Editor/Resources/Styles/GraphSubWindow.uss - Importer: ScriptedImporter/UnityEditor.QuickSearchModule:UnityEditor.Search:ASIAI0B
Importing 'GUID: 74741f330ea4fe848977aa5900880f7b - Path: Packages/com.unity.shadergraph/Editor/Resources/Styles/GraphSubWindow.uss - Importer: ScriptedImporter/UnityEditor.QuickSearchModule:UnityEditor.Search:ASIAI0B' with importer (ScriptedImporter : UnityEditor.QuickSearchModule:UnityEditor.Search:ASIAI0B)
Imported 'GUID: 74741f330ea4fe848977aa5900880f7b' -> (Import Result ID: '7596b277dc9e9c136f0a6f48c7a49f25') in 0.008 seconds [static and dynamic dependencies]. Details - ImportResultOutputID=620f1f677bfd11d9e917166e51c51ac6 DependenciesID=67a6eff65ed6a59411d6181497e7f32b StaticDependenciesID=6b8a4d052c04130c8f54de5a23a3ce60 
Number of updated asset objects reloaded before import = 0
Number of asset objects unloaded after import = 1
========================================================================
Received Import Request.
  Time of request: 2026-08-21T02:53:29.5034717Z
  Time since last request: 0.0003809 seconds.
  importAddress: GUID: 57517c89a809f44458493cef0310e46f - Path: Packages/com.unity.shadergraph/Editor/Resources/Icons/Settings_Flyout_9slice.png - Importer: ScriptedImporter/UnityEditor.QuickSearchModule:UnityEditor.Search:ASIAI0B
Importing 'GUID: 57517c89a809f44458493cef0310e46f - Path: Packages/com.unity.shadergraph/Editor/Resources/Icons/Settings_Flyout_9slice.png - Importer: ScriptedImporter/UnityEditor.QuickSearchModule:UnityEditor.Search:ASIAI0B' with importer (ScriptedImporter : UnityEditor.QuickSearchModule:UnityEditor.Search:ASIAI0B)
Imported 'GUID: 57517c89a809f44458493cef0310e46f' -> (Import Result ID: '1f03c6cd1a1af2ad44158518112b7c85') in 0.009 seconds [static and dynamic dependencies]. Details - ImportResultOutputID=2fa70d43fb79cc5d649963b7a62acfc6 DependenciesID=798d221bf6c58af218642127cb0a9b69 StaticDependenciesID=e03a34eb4f74b96f274a052326621a07 
Number of updated asset objects reloaded before import = 0
Number of asset objects unloaded after import = 1
========================================================================
Received Import Request.
  Time of request: 2026-08-21T02:53:29.5228012Z
  Time since last request: 0.0003725 seconds.
  importAddress: GUID: 485099284bca84dcfbf9af86eb599f6f - Path: Packages/com.unity.shadergraph/Editor/Resources/Styles/InspectorView.uss - Importer: ScriptedImporter/UnityEditor.QuickSearchModule:UnityEditor.Search:ASIAI0B
Importing 'GUID: 485099284bca84dcfbf9af86eb599f6f - Path: Packages/com.unity.shadergraph/Editor/Resources/Styles/InspectorView.uss - Importer: ScriptedImporter/UnityEditor.QuickSearchModule:UnityEditor.Search:ASIAI0B' with importer (ScriptedImporter : UnityEditor.QuickSearchModule:UnityEditor.Search:ASIAI0B)
Imported 'GUID: 485099284bca84dcfbf9af86eb599f6f' -> (Import Result ID: '4592bbd54c1a016115152b5d33d1c0e5') in 0.005 seconds [static and dynamic dependencies]. Details - ImportResultOutputID=dcbd0c44aa6beef1bee12ccebb37540d DependenciesID=4ab02ab6e0c0cb81f1ce154c4b87b2a4 StaticDependenciesID=e63e7e1fa42e8b91a7681a4bcf6f5aa4 
Number of updated asset objects reloaded before import = 0
Number of asset objects unloaded after import = 1
========================================================================
Received Import Request.
  Time of request: 2026-08-21T02:53:29.5393481Z
  Time since last request: 0.0003879 seconds.
  importAddress: GUID: c0b02fca1cdef4cc186295b20e831bba - Path: Packages/com.unity.shadergraph/Editor/ProviderSystem/ShaderObjects/CommonShaderObjects.cs - Importer: ScriptedImporter/UnityEditor.QuickSearchModule:UnityEditor.Search:ASIAI0B
Importing 'GUID: c0b02fca1cdef4cc186295b20e831bba - Path: Packages/com.unity.shadergraph/Editor/ProviderSystem/ShaderObjects/CommonShaderObjects.cs - Importer: ScriptedImporter/UnityEditor.QuickSearchModule:UnityEditor.Search:ASIAI0B' with importer (ScriptedImporter : UnityEditor.QuickSearchModule:UnityEditor.Search:ASIAI0B)
Imported 'GUID: c0b02fca1cdef4cc186295b20e831bba' -> (Import Result ID: '13effc01d1f65393a7b644ed8e5445fd') in 0.005 seconds [static and dynamic dependencies]. Details - ImportResultOutputID=e093bd5005f34f6c51a6a116c50fb000 DependenciesID=d23fae479b38ba58d7e0ea57ddf39228 StaticDependenciesID=e791d351153e8ec7cc6bde145d13c1fc 
Number of updated asset objects reloaded before import = 0
Number of asset objects unloaded after import = 0
========================================================================
Received Import Request.
  Time of request: 2026-08-21T02:53:29.5616809Z
  Time since last request: 0.0058303 seconds.
  importAddress: GUID: 990a2f951c73f0449a8596028e51c11e - Path: Packages/com.unity.shadergraph/GraphTemplates/Subgraphs/Terrain/Blend Layers Alpha.shadersubgraph - Importer: ScriptedImporter/UnityEditor.QuickSearchModule:UnityEditor.Search:ASIAI0B
Importing 'GUID: 990a2f951c73f0449a8596028e51c11e - Path: Packages/com.unity.shadergraph/GraphTemplates/Subgraphs/Terrain/Blend Layers Alpha.shadersubgraph - Importer: ScriptedImporter/UnityEditor.QuickSearchModule:UnityEditor.Search:ASIAI0B' with importer (ScriptedImporter : UnityEditor.QuickSearchModule:UnityEditor.Search:ASIAI0B)
Imported 'GUID: 990a2f951c73f0449a8596028e51c11e' -> (Import Result ID: 'd7e0d79481d1e8ed1b903f4fcaf09120') in 0.011 seconds [static and dynamic dependencies]. Details - ImportResultOutputID=764e8223bd2357863eed96f45b0dcc92 DependenciesID=1e5c5024e1a3bc3f2a3747d62dc43665 StaticDependenciesID=843429de84d6ffcb509568cdb2f1ce95 
Number of updated asset objects reloaded before import = 0
Number of asset objects unloaded after import = 1
========================================================================
Received Import Request.
  Time of request: 2026-08-21T02:53:29.5831569Z
  Time since last request: 0.0003069 seconds.
  importAddress: GUID: 1f8dc278ca660e145a487c8b93679c62 - Path: Packages/com.unity.shadergraph/Editor/Resources/UXML/UITKMasterNodePreview.uxml - Importer: ScriptedImporter/UnityEditor.QuickSearchModule:UnityEditor.Search:ASIAI0B
Importing 'GUID: 1f8dc278ca660e145a487c8b93679c62 - Path: Packages/com.unity.shadergraph/Editor/Resources/UXML/UITKMasterNodePreview.uxml - Importer: ScriptedImporter/UnityEditor.QuickSearchModule:UnityEditor.Search:ASIAI0B' with importer (ScriptedImporter : UnityEditor.QuickSearchModule:UnityEditor.Search:ASIAI0B)
Imported 'GUID: 1f8dc278ca660e145a487c8b93679c62' -> (Import Result ID: '3954c20ef9e16ebee975c437c5a348f5') in 0.009 seconds [static and dynamic dependencies]. Details - ImportResultOutputID=e02e3118be3d6af619f25b808e92b2a8 DependenciesID=f636a714c52e48f0c7e3cda17e128991 StaticDependenciesID=3312f66f116dc057366e888e94e1854c 
Number of updated asset objects reloaded before import = 0
Number of asset objects unloaded after import = 5
========================================================================
Received Import Request.
  Time of request: 2026-08-21T02:53:29.602808Z
  Time since last request: 0.0003212 seconds.
  importAddress: GUID: d4cc9867eee425f4dac7d5bb91f07845 - Path: Packages/com.unity.shadergraph/Editor/Resources/UXML/StickyNote.uxml - Importer: ScriptedImporter/UnityEditor.QuickSearchModule:UnityEditor.Search:ASIAI0B
Importing 'GUID: d4cc9867eee425f4dac7d5bb91f07845 - Path: Packages/com.unity.shadergraph/Editor/Resources/UXML/StickyNote.uxml - Importer: ScriptedImporter/UnityEditor.QuickSearchModule:UnityEditor.Search:ASIAI0B' with importer (ScriptedImporter : UnityEditor.QuickSearchModule:UnityEditor.Search:ASIAI0B)
Imported 'GUID: d4cc9867eee425f4dac7d5bb91f07845' -> (Import Result ID: 'd2d9b937d6086d7073ff5b8c4a601f29') in 0.008 seconds [static and dynamic dependencies]. Details - ImportResultOutputID=b8d68631d985dabd64cc6ac52f274fe1 DependenciesID=b9ac65cf22e70324304c9015ef77c9b9 StaticDependenciesID=12f13844f3745db3dc08db38c7e62478 
Number of updated asset objects reloaded before import = 0
Number of asset objects unloaded after import = 2
========================================================================
Received Import Request.
  Time of request: 2026-08-21T02:53:29.6557905Z
  Time since last request: 0.0350845 seconds.
  importAddress: GUID: 2f13e75d15882134fb2cc19ed16fa6fd - Path: Packages/com.unity.shadergraph/Tests/Editor/UnitTests/BlockNodeTests.cs - Importer: ScriptedImporter/UnityEditor.QuickSearchModule:UnityEditor.Search:ASIAI0B
Importing 'GUID: 2f13e75d15882134fb2cc19ed16fa6fd - Path: Packages/com.unity.shadergraph/Tests/Editor/UnitTests/BlockNodeTests.cs - Importer: ScriptedImporter/UnityEditor.QuickSearchModule:UnityEditor.Search:ASIAI0B' with importer (ScriptedImporter : UnityEditor.QuickSearchModule:UnityEditor.Search:ASIAI0B)
Imported 'GUID: 2f13e75d15882134fb2cc19ed16fa6fd' -> (Import Result ID: 'f1077e017cd2311ee328b8b5753cc9cd') in 0.004 seconds [static and dynamic dependencies]. Details - ImportResultOutputID=633bba926819cdb0c647d4d521e9ab1a DependenciesID=f380ffb78a73bb343658109e14cb3396 StaticDependenciesID=da599c1f3447dba57df7720dbe456592 
Number of updated asset objects reloaded before import = 0
Number of asset objects unloaded after import = 0
========================================================================
Received Import Request.
  Time of request: 2026-08-21T02:53:29.6709699Z
  Time since last request: 0.0007187 seconds.
  importAddress: GUID: 351a6b3ff7ef41c45938a78e94dd2a20 - Path: Packages/com.unity.shadergraph/Tests/Editor/UnitTests/AbstractMaterialGraphTests.cs - Importer: ScriptedImporter/UnityEditor.QuickSearchModule:UnityEditor.Search:ASIAI0B
Importing 'GUID: 351a6b3ff7ef41c45938a78e94dd2a20 - Path: Packages/com.unity.shadergraph/Tests/Editor/UnitTests/AbstractMaterialGraphTests.cs - Importer: ScriptedImporter/UnityEditor.QuickSearchModule:UnityEditor.Search:ASIAI0B' with importer (ScriptedImporter : UnityEditor.QuickSearchModule:UnityEditor.Search:ASIAI0B)
Imported 'GUID: 351a6b3ff7ef41c45938a78e94dd2a20' -> (Import Result ID: 'a7eeff094d391d632915e8283ddc30ac') in 0.004 seconds [static and dynamic dependencies]. Details - ImportResultOutputID=6dcf7ea6fec1ef5ffa1386cd8719fdef DependenciesID=2612372b27d83b7305374b160b9c7f29 StaticDependenciesID=f2d8975feefc63e8418fc51cb42fbe55 
Number of updated asset objects reloaded before import = 0
Number of asset objects unloaded after import = 0
========================================================================
Received Import Request.
  Time of request: 2026-08-21T02:53:29.7069358Z
  Time since last request: 0.0216646 seconds.
  importAddress: GUID: 006a87e9975ae6f40963c25f46922381 - Path: Packages/com.unity.shadergraph/Editor/Data/Nodes/UI/DefaultBitmapTextNode.cs - Importer: ScriptedImporter/UnityEditor.QuickSearchModule:UnityEditor.Search:ASIAI0B
Importing 'GUID: 006a87e9975ae6f40963c25f46922381 - Path: Packages/com.unity.shadergraph/Editor/Data/Nodes/UI/DefaultBitmapTextNode.cs - Importer: ScriptedImporter/UnityEditor.QuickSearchModule:UnityEditor.Search:ASIAI0B' with importer (ScriptedImporter : UnityEditor.QuickSearchModule:UnityEditor.Search:ASIAI0B)
Imported 'GUID: 006a87e9975ae6f40963c25f46922381' -> (Import Result ID: '97407986c8e9e249b46f6387525a2f16') in 0.004 seconds [static and dynamic dependencies]. Details - ImportResultOutputID=0f4d4472391f79ee51f62fc065dd5b80 DependenciesID=963e4dc22deb1823737fe90afcb4c1fc StaticDependenciesID=d0eef58f6a43ab0aedcf860a8e5a578e 
Number of updated asset objects reloaded before import = 0
Number of asset objects unloaded after import = 0
========================================================================
Received Import Request.
  Time of request: 2026-08-21T02:53:29.7214983Z
  Time since last request: 0.0004627 seconds.
  importAddress: GUID: 3738e97908dea1f4bbc5e5a7cf562ecc - Path: Packages/com.unity.shadergraph/Editor/Data/Nodes/Channel/CombineNode.cs - Importer: ScriptedImporter/UnityEditor.QuickSearchModule:UnityEditor.Search:ASIAI0B
Importing 'GUID: 3738e97908dea1f4bbc5e5a7cf562ecc - Path: Packages/com.unity.shadergraph/Editor/Data/Nodes/Channel/CombineNode.cs - Importer: ScriptedImporter/UnityEditor.QuickSearchModule:UnityEditor.Search:ASIAI0B' with importer (ScriptedImporter : UnityEditor.QuickSearchModule:UnityEditor.Search:ASIAI0B)
Imported 'GUID: 3738e97908dea1f4bbc5e5a7cf562ecc' -> (Import Result ID: '9e439fff11ab828b1a36324a2e8b9727') in 0.005 seconds [static and dynamic dependencies]. Details - ImportResultOutputID=04c871ddebb00700cf4af3005b8d99d5 DependenciesID=ed663173fccb935193c401a57c0bf8aa StaticDependenciesID=fb5801c4b169d8b4caf4136cea96adaa 
Number of updated asset objects reloaded before import = 0
Number of asset objects unloaded after import = 0
========================================================================
Received Import Request.
  Time of request: 2026-08-21T02:53:29.7370225Z
  Time since last request: 0.0005747 seconds.
  importAddress: GUID: c6b03af40f8944e4a3c303c7875029d0 - Path: Packages/com.unity.shadergraph/Editor/Drawing/Inspector/PropertyDrawers/BoolPropertyDrawer.cs - Importer: ScriptedImporter/UnityEditor.QuickSearchModule:UnityEditor.Search:ASIAI0B
Importing 'GUID: c6b03af40f8944e4a3c303c7875029d0 - Path: Packages/com.unity.shadergraph/Editor/Drawing/Inspector/PropertyDrawers/BoolPropertyDrawer.cs - Importer: ScriptedImporter/UnityEditor.QuickSearchModule:UnityEditor.Search:ASIAI0B' with importer (ScriptedImporter : UnityEditor.QuickSearchModule:UnityEditor.Search:ASIAI0B)
Imported 'GUID: c6b03af40f8944e4a3c303c7875029d0' -> (Import Result ID: 'f0ac11c35d33b4d175a351b62bc2a1f2') in 0.004 seconds [static and dynamic dependencies]. Details - ImportResultOutputID=d356fc62625e33da0ffe64fcf5f61d6a DependenciesID=05ae8795ae0f46998c3c4cbb127a63d5 StaticDependenciesID=6b5a58e3423b9b6d4af0c706f76e7f6b 
Number of updated asset objects reloaded before import = 0
Number of asset objects unloaded after import = 0
========================================================================
Received Import Request.
  Time of request: 2026-08-21T02:53:29.7522568Z
  Time since last request: 0.0003072 seconds.
  importAddress: GUID: c85b5b63a005833438cd315d952735de - Path: Packages/com.unity.shadergraph/Editor/Data/Interfaces/Graph/DrawState.cs - Importer: ScriptedImporter/UnityEditor.QuickSearchModule:UnityEditor.Search:ASIAI0B
Importing 'GUID: c85b5b63a005833438cd315d952735de - Path: Packages/com.unity.shadergraph/Editor/Data/Interfaces/Graph/DrawState.cs - Importer: ScriptedImporter/UnityEditor.QuickSearchModule:UnityEditor.Search:ASIAI0B' with importer (ScriptedImporter : UnityEditor.QuickSearchModule:UnityEditor.Search:ASIAI0B)
Imported 'GUID: c85b5b63a005833438cd315d952735de' -> (Import Result ID: '7621c4c677cfe3830d51bdf017534786') in 0.004 seconds [static and dynamic dependencies]. Details - ImportResultOutputID=af0330bf3eb55c0405d283cbf53f4438 DependenciesID=f3286249430effd6ef35e7f8cbe5d250 StaticDependenciesID=463bec5c6b7760c14f15ae67c7f66d83 
Number of updated asset objects reloaded before import = 0
Number of asset objects unloaded after import = 0
========================================================================
Received Import Request.
  Time of request: 2026-08-21T02:53:29.7666027Z
  Time since last request: 0.0006951 seconds.
  importAddress: GUID: 04f556529d4fe7c4286efa58a548d86a - Path: Packages/com.unity.shadergraph/Editor/Data/Nodes/Utility/RedirectNodeView.cs - Importer: ScriptedImporter/UnityEditor.QuickSearchModule:UnityEditor.Search:ASIAI0B
Importing 'GUID: 04f556529d4fe7c4286efa58a548d86a - Path: Packages/com.unity.shadergraph/Editor/Data/Nodes/Utility/RedirectNodeView.cs - Importer: ScriptedImporter/UnityEditor.QuickSearchModule:UnityEditor.Search:ASIAI0B' with importer (ScriptedImporter : UnityEditor.QuickSearchModule:UnityEditor.Search:ASIAI0B)
Imported 'GUID: 04f556529d4fe7c4286efa58a548d86a' -> (Import Result ID: '17754a9610463d140811c13deb86b41b') in 0.004 seconds [static and dynamic dependencies]. Details - ImportResultOutputID=5da10989a99932aba5e33026a7e89d56 DependenciesID=4805866dde0075e9a6f08dffc435d23b StaticDependenciesID=076585a62dc086b42093cac60eed66d8 
Number of updated asset objects reloaded before import = 0
Number of asset objects unloaded after import = 0
========================================================================
Received Import Request.
  Time of request: 2026-08-21T02:53:29.7823006Z
  Time since last request: 0.0003872 seconds.
  importAddress: GUID: f0e25259c308af440a82e1a5e66acf40 - Path: Packages/com.unity.shadergraph/Editor/Data/Nodes/MeshDeformation/LinearBlendSkinningNode.cs - Importer: ScriptedImporter/UnityEditor.QuickSearchModule:UnityEditor.Search:ASIAI0B
Importing 'GUID: f0e25259c308af440a82e1a5e66acf40 - Path: Packages/com.unity.shadergraph/Editor/Data/Nodes/MeshDeformation/LinearBlendSkinningNode.cs - Importer: ScriptedImporter/UnityEditor.QuickSearchModule:UnityEditor.Search:ASIAI0B' with importer (ScriptedImporter : UnityEditor.QuickSearchModule:UnityEditor.Search:ASIAI0B)
Imported 'GUID: f0e25259c308af440a82e1a5e66acf40' -> (Import Result ID: 'd35a9a390455b365ad420d07dab379fd') in 0.005 seconds [static and dynamic dependencies]. Details - ImportResultOutputID=b88504520a2d77c4bc68e850969530bb DependenciesID=0b52f370f6c1f25382e6b2347ad09b1b StaticDependenciesID=0f234c1c1b00bf244bec713646f4bb42 
Number of updated asset objects reloaded before import = 0
Number of asset objects unloaded after import = 0
========================================================================
Received Import Request.
  Time of request: 2026-08-21T02:53:29.7991041Z
  Time since last request: 0.0002953 seconds.
  importAddress: GUID: 3933f2692da9060438719b86844dcc7e - Path: Packages/com.unity.shadergraph/Editor/Data/Nodes/UV/TwirlNode.cs - Importer: ScriptedImporter/UnityEditor.QuickSearchModule:UnityEditor.Search:ASIAI0B
Importing 'GUID: 3933f2692da9060438719b86844dcc7e - Path: Packages/com.unity.shadergraph/Editor/Data/Nodes/UV/TwirlNode.cs - Importer: ScriptedImporter/UnityEditor.QuickSearchModule:UnityEditor.Search:ASIAI0B' with importer (ScriptedImporter : UnityEditor.QuickSearchModule:UnityEditor.Search:ASIAI0B)
Imported 'GUID: 3933f2692da9060438719b86844dcc7e' -> (Import Result ID: 'e26494ca017398e352acd36a37944e9e') in 0.005 seconds [static and dynamic dependencies]. Details - ImportResultOutputID=0885da9d64411cdb4d843ae8566c407d DependenciesID=ac3db254342a1bd90a2f3e08c4429bcb StaticDependenciesID=acdadc4b58ca0cb2d6af203ff511db95 
Number of updated asset objects reloaded before import = 0
Number of asset objects unloaded after import = 0
========================================================================
Received Import Request.
  Time of request: 2026-08-21T02:53:29.8146891Z
  Time since last request: 0.0004995 seconds.
  importAddress: GUID: a55bb4eb9ba26c846902a616c2ea29ff - Path: Packages/com.unity.shadergraph/Tests/Editor/UnitTests/MaterialSlotTests.cs - Importer: ScriptedImporter/UnityEditor.QuickSearchModule:UnityEditor.Search:ASIAI0B
Importing 'GUID: a55bb4eb9ba26c846902a616c2ea29ff - Path: Packages/com.unity.shadergraph/Tests/Editor/UnitTests/MaterialSlotTests.cs - Importer: ScriptedImporter/UnityEditor.QuickSearchModule:UnityEditor.Search:ASIAI0B' with importer (ScriptedImporter : UnityEditor.QuickSearchModule:UnityEditor.Search:ASIAI0B)
Imported 'GUID: a55bb4eb9ba26c846902a616c2ea29ff' -> (Import Result ID: '0fe6967e253e7034a1ea3e21908b9d59') in 0.004 seconds [static and dynamic dependencies]. Details - ImportResultOutputID=0cac8fef5bc79611097243dec1c78ecc DependenciesID=f8bb6f30a82b523c2539198684079c19 StaticDependenciesID=f47ae35be50ab6130c53df7fd7563880 
Number of updated asset objects reloaded before import = 0
Number of asset objects unloaded after import = 0
========================================================================
Received Import Request.
  Time of request: 2026-08-21T02:53:29.8296359Z
  Time since last request: 0.0003092 seconds.
  importAddress: GUID: c31e2a2017d86b14192cc8a9fec5fffb - Path: Packages/com.unity.shadergraph/Editor/Data/Nodes/UV/FlipbookNode.cs - Importer: ScriptedImporter/UnityEditor.QuickSearchModule:UnityEditor.Search:ASIAI0B
Importing 'GUID: c31e2a2017d86b14192cc8a9fec5fffb - Path: Packages/com.unity.shadergraph/Editor/Data/Nodes/UV/FlipbookNode.cs - Importer: ScriptedImporter/UnityEditor.QuickSearchModule:UnityEditor.Search:ASIAI0B' with importer (ScriptedImporter : UnityEditor.QuickSearchModule:UnityEditor.Search:ASIAI0B)
Imported 'GUID: c31e2a2017d86b14192cc8a9fec5fffb' -> (Import Result ID: 'd698ff48586abe7628be060349708ec4') in 0.004 seconds [static and dynamic dependencies]. Details - ImportResultOutputID=10e4b6413dde7941c6bee7aab3b8723d DependenciesID=4ccb2ff7bc8a6491e452231175edcc7f StaticDependenciesID=ddfecaa57a7f6a96c630ab1f7bc0ca24 
Number of updated asset objects reloaded before import = 0
Number of asset objects unloaded after import = 0
========================================================================
Received Import Request.
  Time of request: 2026-08-21T02:53:29.8434151Z
  Time since last request: 0.0003836 seconds.
  importAddress: GUID: 296397d582e70314a9aec3252db586ad - Path: Packages/com.unity.shadergraph/Editor/Data/Nodes/UV/ParallaxMappingNode.cs - Importer: ScriptedImporter/UnityEditor.QuickSearchModule:UnityEditor.Search:ASIAI0B
Importing 'GUID: 296397d582e70314a9aec3252db586ad - Path: Packages/com.unity.shadergraph/Editor/Data/Nodes/UV/ParallaxMappingNode.cs - Importer: ScriptedImporter/UnityEditor.QuickSearchModule:UnityEditor.Search:ASIAI0B' with importer (ScriptedImporter : UnityEditor.QuickSearchModule:UnityEditor.Search:ASIAI0B)
Imported 'GUID: 296397d582e70314a9aec3252db586ad' -> (Import Result ID: 'f60fb6cd039c1a71125795dabd3bc742') in 0.005 seconds [static and dynamic dependencies]. Details - ImportResultOutputID=65cd92a9c41abfe31a63e5d312baf66c DependenciesID=1de8fc0a207cf390539b4e5d0f7a2522 StaticDependenciesID=9f1c0a918640af9dc8d821b064cdcf5b 
Number of updated asset objects reloaded before import = 0
Number of asset objects unloaded after import = 0
========================================================================
Received Import Request.
  Time of request: 2026-08-21T02:53:29.8582923Z
  Time since last request: 0.0005606 seconds.
  importAddress: GUID: 1309ffc8549893a4b82ed254194f810d - Path: Packages/com.unity.shadergraph/Tests/Editor/UnitTests/ListUtilityTests.cs - Importer: ScriptedImporter/UnityEditor.QuickSearchModule:UnityEditor.Search:ASIAI0B
Importing 'GUID: 1309ffc8549893a4b82ed254194f810d - Path: Packages/com.unity.shadergraph/Tests/Editor/UnitTests/ListUtilityTests.cs - Importer: ScriptedImporter/UnityEditor.QuickSearchModule:UnityEditor.Search:ASIAI0B' with importer (ScriptedImporter : UnityEditor.QuickSearchModule:UnityEditor.Search:ASIAI0B)
Imported 'GUID: 1309ffc8549893a4b82ed254194f810d' -> (Import Result ID: '6ab28054ef200944b6d49a01f4544c26') in 0.004 seconds [static and dynamic dependencies]. Details - ImportResultOutputID=d1804a7b1a1b4a68c6bd84568a91d9a7 DependenciesID=7a15f11066d857edb5120cda672d47ce StaticDependenciesID=b3480119d1fb86961575ac3262620f64 
Number of updated asset objects reloaded before import = 0
Number of asset objects unloaded after import = 0
========================================================================
Received Import Request.
  Time of request: 2026-08-21T02:53:29.8732768Z
  Time since last request: 0.0003671 seconds.
  importAddress: GUID: fdcc4209e9d976d4e8644e2b9bcef10d - Path: Packages/com.unity.shadergraph/Tests/Editor/UnitTests/PropertyGeneratorTests.cs - Importer: ScriptedImporter/UnityEditor.QuickSearchModule:UnityEditor.Search:ASIAI0B
Importing 'GUID: fdcc4209e9d976d4e8644e2b9bcef10d - Path: Packages/com.unity.shadergraph/Tests/Editor/UnitTests/PropertyGeneratorTests.cs - Importer: ScriptedImporter/UnityEditor.QuickSearchModule:UnityEditor.Search:ASIAI0B' with importer (ScriptedImporter : UnityEditor.QuickSearchModule:UnityEditor.Search:ASIAI0B)
Imported 'GUID: fdcc4209e9d976d4e8644e2b9bcef10d' -> (Import Result ID: '38366d5595c03bbe8f5d04de94a7188c') in 0.004 seconds [static and dynamic dependencies]. Details - ImportResultOutputID=118938c5f05dde5cf4ce95e44a22bb83 DependenciesID=9e5410c56c49c2c8445e79138624819d StaticDependenciesID=4bc82612b7413eeb176c750892d92011 
Number of updated asset objects reloaded before import = 0
Number of asset objects unloaded after import = 0
========================================================================
Received Import Request.
  Time of request: 2026-08-21T02:53:29.8872834Z
  Time since last request: 0.0003312 seconds.
  importAddress: GUID: 0675182a7c3e7464e977d09524877e2c - Path: Packages/com.unity.shadergraph/Tests/Editor/UnitTests/MaterialGraphTests.cs - Importer: ScriptedImporter/UnityEditor.QuickSearchModule:UnityEditor.Search:ASIAI0B
Importing 'GUID: 0675182a7c3e7464e977d09524877e2c - Path: Packages/com.unity.shadergraph/Tests/Editor/UnitTests/MaterialGraphTests.cs - Importer: ScriptedImporter/UnityEditor.QuickSearchModule:UnityEditor.Search:ASIAI0B' with importer (ScriptedImporter : UnityEditor.QuickSearchModule:UnityEditor.Search:ASIAI0B)
Imported 'GUID: 0675182a7c3e7464e977d09524877e2c' -> (Import Result ID: '0b6c870a71c9210bde67a7c71328d3db') in 0.005 seconds [static and dynamic dependencies]. Details - ImportResultOutputID=e62ce4e1886893b3e506d281fdb554a3 DependenciesID=fc9f2b75fe33d769cc4fe45a5ab4e77c StaticDependenciesID=0c570d7c6d6db5364d87ca9bf837d04e 
Number of updated asset objects reloaded before import = 0
Number of asset objects unloaded after import = 0
========================================================================
Received Import Request.
  Time of request: 2026-08-21T02:53:29.9039453Z
  Time since last request: 0.0003 seconds.
  importAddress: GUID: dfd538e33eb01974fad49a2533f8cff8 - Path: Packages/com.unity.shadergraph/Editor/Data/Nodes/UV/SpherizeNode.cs - Importer: ScriptedImporter/UnityEditor.QuickSearchModule:UnityEditor.Search:ASIAI0B
Importing 'GUID: dfd538e33eb01974fad49a2533f8cff8 - Path: Packages/com.unity.shadergraph/Editor/Data/Nodes/UV/SpherizeNode.cs - Importer: ScriptedImporter/UnityEditor.QuickSearchModule:UnityEditor.Search:ASIAI0B' with importer (ScriptedImporter : UnityEditor.QuickSearchModule:UnityEditor.Search:ASIAI0B)
Imported 'GUID: dfd538e33eb01974fad49a2533f8cff8' -> (Import Result ID: 'badcdfea0736c7b272f8d6f0b0216be8') in 0.004 seconds [static and dynamic dependencies]. Details - ImportResultOutputID=f756cb50cfdfe4115de83ceffcf0df3f DependenciesID=525d9bdbf7603b8846d470fc242b8770 StaticDependenciesID=bc46621ff884f366a6422709d8a5a4ec 
Number of updated asset objects reloaded before import = 0
Number of asset objects unloaded after import = 0
========================================================================
Received Import Request.
  Time of request: 2026-08-21T02:53:29.9184933Z
  Time since last request: 0.0002982 seconds.
  importAddress: GUID: 28928f8f53abca94fbfaabf4d2c440af - Path: Packages/com.unity.shadergraph/Tests/Editor/UnitTests/SerializedGraphTests.cs - Importer: ScriptedImporter/UnityEditor.QuickSearchModule:UnityEditor.Search:ASIAI0B
Importing 'GUID: 28928f8f53abca94fbfaabf4d2c440af - Path: Packages/com.unity.shadergraph/Tests/Editor/UnitTests/SerializedGraphTests.cs - Importer: ScriptedImporter/UnityEditor.QuickSearchModule:UnityEditor.Search:ASIAI0B' with importer (ScriptedImporter : UnityEditor.QuickSearchModule:UnityEditor.Search:ASIAI0B)
Imported 'GUID: 28928f8f53abca94fbfaabf4d2c440af' -> (Import Result ID: '565a048b49fc40b06375213fbe5afe75') in 0.006 seconds [static and dynamic dependencies]. Details - ImportResultOutputID=d2afe253652f86aa91dce242343a278e DependenciesID=79739083c1c0fdc4569d2e807c9f51de StaticDependenciesID=3c8b0e5c7d0c03c8b9743cf7eb2294ee 
Number of updated asset objects reloaded before import = 0
Number of asset objects unloaded after import = 0
========================================================================
Received Import Request.
  Time of request: 2026-08-21T02:53:29.9345781Z
  Time since last request: 0.0003607 seconds.
  importAddress: GUID: a7b6f306850f6cc449bc71d8d2384146 - Path: Packages/com.unity.shadergraph/Editor/Data/Interfaces/Graph/SlotReference.cs - Importer: ScriptedImporter/UnityEditor.QuickSearchModule:UnityEditor.Search:ASIAI0B
Importing 'GUID: a7b6f306850f6cc449bc71d8d2384146 - Path: Packages/com.unity.shadergraph/Editor/Data/Interfaces/Graph/SlotReference.cs - Importer: ScriptedImporter/UnityEditor.QuickSearchModule:UnityEditor.Search:ASIAI0B' with importer (ScriptedImporter : UnityEditor.QuickSearchModule:UnityEditor.Search:ASIAI0B)
Imported 'GUID: a7b6f306850f6cc449bc71d8d2384146' -> (Import Result ID: 'ef1b11bf034fa4c4c8a4bf37908feaa2') in 0.004 seconds [static and dynamic dependencies]. Details - ImportResultOutputID=b312af18a0e0a5a27a8721a1ff9e6979 DependenciesID=795301d02243cc4dcb0212a1561498fb StaticDependenciesID=6c89ab21820c1c9e8f27c602253c74ee 
Number of updated asset objects reloaded before import = 0
Number of asset objects unloaded after import = 0
========================================================================
Received Import Request.
  Time of request: 2026-08-21T02:53:29.9551687Z
  Time since last request: 0.006783 seconds.
  importAddress: GUID: 1cfc804c75474e144be5d4158b9522ed - Path: Packages/com.unity.shadergraph/Editor/Generation/Targets/Fullscreen/FullscreenSubTarget.cs - Importer: ScriptedImporter/UnityEditor.QuickSearchModule:UnityEditor.Search:ASIAI0B
Importing 'GUID: 1cfc804c75474e144be5d4158b9522ed - Path: Packages/com.unity.shadergraph/Editor/Generation/Targets/Fullscreen/FullscreenSubTarget.cs - Importer: ScriptedImporter/UnityEditor.QuickSearchModule:UnityEditor.Search:ASIAI0B' with importer (ScriptedImporter : UnityEditor.QuickSearchModule:UnityEditor.Search:ASIAI0B)
Imported 'GUID: 1cfc804c75474e144be5d4158b9522ed' -> (Import Result ID: 'fb89325e081b59bf162f30a53bab1325') in 0.005 seconds [static and dynamic dependencies]. Details - ImportResultOutputID=3b5d5e2e8c98b40defb76ef6091d104f DependenciesID=41c9f8e586a3e35c3926d9a020bf7fc4 StaticDependenciesID=0220b6365f520185c93b7f2b56a60163 
Number of updated asset objects reloaded before import = 0
Number of asset objects unloaded after import = 0
========================================================================
Received Import Request.
  Time of request: 2026-08-21T02:53:29.9698075Z
  Time since last request: 0.0006386 seconds.
  importAddress: GUID: 592fd794cdd703e4ca365fbf30d4ca8b - Path: Packages/com.unity.shadergraph/Editor/Generation/Targets/CustomRenderTexture/CreateCustomRenderTextureShaderGraph.cs - Importer: ScriptedImporter/UnityEditor.QuickSearchModule:UnityEditor.Search:ASIAI0B
Importing 'GUID: 592fd794cdd703e4ca365fbf30d4ca8b - Path: Packages/com.unity.shadergraph/Editor/Generation/Targets/CustomRenderTexture/CreateCustomRenderTextureShaderGraph.cs - Importer: ScriptedImporter/UnityEditor.QuickSearchModule:UnityEditor.Search:ASIAI0B' with importer (ScriptedImporter : UnityEditor.QuickSearchModule:UnityEditor.Search:ASIAI0B)
Imported 'GUID: 592fd794cdd703e4ca365fbf30d4ca8b' -> (Import Result ID: 'f3bb0f3fe1c4f3074a5c2ce286d89bfe') in 0.004 seconds [static and dynamic dependencies]. Details - ImportResultOutputID=8bd9a86610e667895d91920cf21605fe DependenciesID=91cc24794aa3538145e5d81b97cfcaf1 StaticDependenciesID=e2fb3655fc6e4268fed4ee4839be114d 
Number of updated asset objects reloaded before import = 0
Number of asset objects unloaded after import = 0
========================================================================
Received Import Request.
  Time of request: 2026-08-21T02:53:29.9847783Z
  Time since last request: 0.0002262 seconds.
  importAddress: GUID: a184620cc50fd2e40a845d6ebb39529e - Path: Packages/com.unity.shadergraph/Editor/Drawing/Views/Slots/ColorRGBSlotControlView.cs - Importer: ScriptedImporter/UnityEditor.QuickSearchModule:UnityEditor.Search:ASIAI0B
Importing 'GUID: a184620cc50fd2e40a845d6ebb39529e - Path: Packages/com.unity.shadergraph/Editor/Drawing/Views/Slots/ColorRGBSlotControlView.cs - Importer: ScriptedImporter/UnityEditor.QuickSearchModule:UnityEditor.Search:ASIAI0B' with importer (ScriptedImporter : UnityEditor.QuickSearchModule:UnityEditor.Search:ASIAI0B)
Imported 'GUID: a184620cc50fd2e40a845d6ebb39529e' -> (Import Result ID: '2ac320198255422c25d8d4c279aa693d') in 0.004 seconds [static and dynamic dependencies]. Details - ImportResultOutputID=ebdf650605c3800b8b33c72e886a92de DependenciesID=e71a53e920223c69bae07ec996ac5c2c StaticDependenciesID=b75bc36316d8adffc1beb22b3db8affa 
Number of updated asset objects reloaded before import = 0
Number of asset objects unloaded after import = 0
========================================================================
Received Import Request.
  Time of request: 2026-08-21T02:53:30.0017126Z
  Time since last request: 0.0002616 seconds.
  importAddress: GUID: 32198450093a7204c9552deba467bbf4 - Path: Packages/com.unity.shadergraph/Editor/Generation/Targets/UITK/IUISubTarget.cs - Importer: ScriptedImporter/UnityEditor.QuickSearchModule:UnityEditor.Search:ASIAI0B
Importing 'GUID: 32198450093a7204c9552deba467bbf4 - Path: Packages/com.unity.shadergraph/Editor/Generation/Targets/UITK/IUISubTarget.cs - Importer: ScriptedImporter/UnityEditor.QuickSearchModule:UnityEditor.Search:ASIAI0B' with importer (ScriptedImporter : UnityEditor.QuickSearchModule:UnityEditor.Search:ASIAI0B)
Imported 'GUID: 32198450093a7204c9552deba467bbf4' -> (Import Result ID: '0cfec94061962a7be2b9b940e54b5052') in 0.005 seconds [static and dynamic dependencies]. Details - ImportResultOutputID=54dd832bcd3413faa4507f599b588b98 DependenciesID=150fe64d718ffc4b334b89d6a9f4ee56 StaticDependenciesID=0dcacbe01903594b35c508fac2219d98 
Number of updated asset objects reloaded before import = 0
Number of asset objects unloaded after import = 0
========================================================================
Received Import Request.
  Time of request: 2026-08-21T02:53:30.0165647Z
  Time since last request: 0.0004618 seconds.
  importAddress: GUID: 96a8b300b2dfb474bb4fd8118749fdec - Path: Packages/com.unity.shadergraph/Editor/Generation/Targets/CustomRenderTexture/CustomTextureGraph.hlsl - Importer: ScriptedImporter/UnityEditor.QuickSearchModule:UnityEditor.Search:ASIAI0B
Importing 'GUID: 96a8b300b2dfb474bb4fd8118749fdec - Path: Packages/com.unity.shadergraph/Editor/Generation/Targets/CustomRenderTexture/CustomTextureGraph.hlsl - Importer: ScriptedImporter/UnityEditor.QuickSearchModule:UnityEditor.Search:ASIAI0B' with importer (ScriptedImporter : UnityEditor.QuickSearchModule:UnityEditor.Search:ASIAI0B)
Imported 'GUID: 96a8b300b2dfb474bb4fd8118749fdec' -> (Import Result ID: 'e891d5a33f5bf1ee404c117c11447ed0') in 0.004 seconds [static and dynamic dependencies]. Details - ImportResultOutputID=93c9aa7aeb952c1a137723374d307017 DependenciesID=68651242ea32ec8f16318468d8cd375e StaticDependenciesID=4dbb79b403317a4cccc12306f71e7a98 
Number of updated asset objects reloaded before import = 0
Number of asset objects unloaded after import = 1
========================================================================
Received Import Request.
  Time of request: 2026-08-21T02:53:30.0332252Z
  Time since last request: 0.0004954 seconds.
  importAddress: GUID: 07332ea5e51a4bd3b6fb63e8e07cc30b - Path: Packages/com.unity.shadergraph/Editor/Drawing/Views/Slots/ColorSlotControlView.cs - Importer: ScriptedImporter/UnityEditor.QuickSearchModule:UnityEditor.Search:ASIAI0B
Importing 'GUID: 07332ea5e51a4bd3b6fb63e8e07cc30b - Path: Packages/com.unity.shadergraph/Editor/Drawing/Views/Slots/ColorSlotControlView.cs - Importer: ScriptedImporter/UnityEditor.QuickSearchModule:UnityEditor.Search:ASIAI0B' with importer (ScriptedImporter : UnityEditor.QuickSearchModule:UnityEditor.Search:ASIAI0B)
Imported 'GUID: 07332ea5e51a4bd3b6fb63e8e07cc30b' -> (Import Result ID: 'aa2bdaa734a3a6a2a6539242a2313641') in 0.004 seconds [static and dynamic dependencies]. Details - ImportResultOutputID=4b081a67f4ca9ae7831d47e572683018 DependenciesID=f8dd5320de6bd4edc3c09ab1aed53093 StaticDependenciesID=f3969c0a2c7b9b7ce4032a8ebcb7929f 
Number of updated asset objects reloaded before import = 0
Number of asset objects unloaded after import = 0
========================================================================
Received Import Request.
  Time of request: 2026-08-21T02:53:30.0480143Z
  Time since last request: 0.0003762 seconds.
  importAddress: GUID: afa536a0de48246de92194c9e987b0b8 - Path: Packages/com.unity.shadergraph/Editor/Generation/Targets/CustomRenderTexture/CustomTextureSubShader.template - Importer: ScriptedImporter/UnityEditor.QuickSearchModule:UnityEditor.Search:ASIAI0B
Importing 'GUID: afa536a0de48246de92194c9e987b0b8 - Path: Packages/com.unity.shadergraph/Editor/Generation/Targets/CustomRenderTexture/CustomTextureSubShader.template - Importer: ScriptedImporter/UnityEditor.QuickSearchModule:UnityEditor.Search:ASIAI0B' with importer (ScriptedImporter : UnityEditor.QuickSearchModule:UnityEditor.Search:ASIAI0B)
Imported 'GUID: afa536a0de48246de92194c9e987b0b8' -> (Import Result ID: '9ec2a3c1eace93ef7182335d6d53d975') in 0.005 seconds [static and dynamic dependencies]. Details - ImportResultOutputID=8b53ad796979e14f1610717551d7a5eb DependenciesID=fdf5ed7e15f29d3183c615e0618b5bf0 StaticDependenciesID=c9bbb0028d7f2a15a68dc2396dba6814 
Number of updated asset objects reloaded before import = 0
Number of asset objects unloaded after import = 1
========================================================================
Received Import Request.
  Time of request: 2026-08-21T02:53:30.0624818Z
  Time since last request: 0.0004091 seconds.
  importAddress: GUID: e68777ed02ae4f5db2f87972b309ae0e - Path: Packages/com.unity.shadergraph/Editor/Drawing/Inspector/PropertyDrawers/TextPropertyDrawer.cs - Importer: ScriptedImporter/UnityEditor.QuickSearchModule:UnityEditor.Search:ASIAI0B
Importing 'GUID: e68777ed02ae4f5db2f87972b309ae0e - Path: Packages/com.unity.shadergraph/Editor/Drawing/Inspector/PropertyDrawers/TextPropertyDrawer.cs - Importer: ScriptedImporter/UnityEditor.QuickSearchModule:UnityEditor.Search:ASIAI0B' with importer (ScriptedImporter : UnityEditor.QuickSearchModule:UnityEditor.Search:ASIAI0B)
Imported 'GUID: e68777ed02ae4f5db2f87972b309ae0e' -> (Import Result ID: 'd6f93be69edba5244dc1f8e7616a2813') in 0.004 seconds [static and dynamic dependencies]. Details - ImportResultOutputID=8ae97510ab13cc81de46f4f51e4d6914 DependenciesID=250e7c86d2fdcbfb986b9d116c305a28 StaticDependenciesID=3929c130a7e3eeb49cb5fe27b36a44e7 
Number of updated asset objects reloaded before import = 0
Number of asset objects unloaded after import = 0
========================================================================
Received Import Request.
  Time of request: 2026-08-21T02:53:30.075986Z
  Time since last request: 0.0002961 seconds.
  importAddress: GUID: 5a49cf3652c693645931ba8ef38e8e1e - Path: Packages/com.unity.shadergraph/Editor/Drawing/Inspector/PropertyDrawers/PositionNodePropertyDrawer.cs - Importer: ScriptedImporter/UnityEditor.QuickSearchModule:UnityEditor.Search:ASIAI0B
Importing 'GUID: 5a49cf3652c693645931ba8ef38e8e1e - Path: Packages/com.unity.shadergraph/Editor/Drawing/Inspector/PropertyDrawers/PositionNodePropertyDrawer.cs - Importer: ScriptedImporter/UnityEditor.QuickSearchModule:UnityEditor.Search:ASIAI0B' with importer (ScriptedImporter : UnityEditor.QuickSearchModule:UnityEditor.Search:ASIAI0B)
Imported 'GUID: 5a49cf3652c693645931ba8ef38e8e1e' -> (Import Result ID: 'a941a75e4abbf1e9d3966a5c0197bdb1') in 0.004 seconds [static and dynamic dependencies]. Details - ImportResultOutputID=547a3547dcb3a10ed10d999e94039122 DependenciesID=dcee0dfafcb954b632c22c63adbe3d45 StaticDependenciesID=d4757d567eeb3d45acbd4573cb29a078 
Number of updated asset objects reloaded before import = 0
Number of asset objects unloaded after import = 0
========================================================================
Received Import Request.
  Time of request: 2026-08-21T02:53:30.0931876Z
  Time since last request: 0.0003273 seconds.
  importAddress: GUID: da16dde8cdd249ec84572d6ca66d29e6 - Path: Packages/com.unity.shadergraph/Editor/Generation/Targets/Canvas/CanvasMetaData.cs - Importer: ScriptedImporter/UnityEditor.QuickSearchModule:UnityEditor.Search:ASIAI0B
Importing 'GUID: da16dde8cdd249ec84572d6ca66d29e6 - Path: Packages/com.unity.shadergraph/Editor/Generation/Targets/Canvas/CanvasMetaData.cs - Importer: ScriptedImporter/UnityEditor.QuickSearchModule:UnityEditor.Search:ASIAI0B' with importer (ScriptedImporter : UnityEditor.QuickSearchModule:UnityEditor.Search:ASIAI0B)
Imported 'GUID: da16dde8cdd249ec84572d6ca66d29e6' -> (Import Result ID: '8bd2733a42fc2e8b50ec46910346bb08') in 0.004 seconds [static and dynamic dependencies]. Details - ImportResultOutputID=61c5e5c18a16137c7f92a921ba6780e3 DependenciesID=e8db166aa72a8b396c188701e1fccedd StaticDependenciesID=80c0e7f39ce50ea7b40a8d59e940bb8f 
Number of updated asset objects reloaded before import = 0
Number of asset objects unloaded after import = 0
========================================================================
Received Import Request.
  Time of request: 2026-08-21T02:53:30.1089522Z
  Time since last request: 0.000268 seconds.
  importAddress: GUID: 470e3787e0cd4e3f8dba9518074b91da - Path: Packages/com.unity.shadergraph/Editor/Generation/Targets/Canvas/CanvasData.cs - Importer: ScriptedImporter/UnityEditor.QuickSearchModule:UnityEditor.Search:ASIAI0B
Importing 'GUID: 470e3787e0cd4e3f8dba9518074b91da - Path: Packages/com.unity.shadergraph/Editor/Generation/Targets/Canvas/CanvasData.cs - Importer: ScriptedImporter/UnityEditor.QuickSearchModule:UnityEditor.Search:ASIAI0B' with importer (ScriptedImporter : UnityEditor.QuickSearchModule:UnityEditor.Search:ASIAI0B)
Imported 'GUID: 470e3787e0cd4e3f8dba9518074b91da' -> (Import Result ID: '72e7647d5719932c301824047fb8caa7') in 0.004 seconds [static and dynamic dependencies]. Details - ImportResultOutputID=95545d51d859f5641c9a7272a9d22de4 DependenciesID=cc4804e10d20aa889cf13797dd6c6226 StaticDependenciesID=1c3edc5f6ccd04ee95f67935dc715123 
Number of updated asset objects reloaded before import = 0
Number of asset objects unloaded after import = 0
========================================================================
Received Import Request.
  Time of request: 2026-08-21T02:53:30.1242555Z
  Time since last request: 0.0008599 seconds.
  importAddress: GUID: e28fc1d401304229b06d7d0cb83dafce - Path: Packages/com.unity.shadergraph/Editor/Drawing/Inspector/PropertyDrawers/MatrixPropertyDrawer.cs - Importer: ScriptedImporter/UnityEditor.QuickSearchModule:UnityEditor.Search:ASIAI0B
Importing 'GUID: e28fc1d401304229b06d7d0cb83dafce - Path: Packages/com.unity.shadergraph/Editor/Drawing/Inspector/PropertyDrawers/MatrixPropertyDrawer.cs - Importer: ScriptedImporter/UnityEditor.QuickSearchModule:UnityEditor.Search:ASIAI0B' with importer (ScriptedImporter : UnityEditor.QuickSearchModule:UnityEditor.Search:ASIAI0B)
Imported 'GUID: e28fc1d401304229b06d7d0cb83dafce' -> (Import Result ID: '7ab237a2bcfe51028664a91fa1cc4338') in 0.005 seconds [static and dynamic dependencies]. Details - ImportResultOutputID=6d141398185467ec19a91dc2c135715b DependenciesID=c824c51d4794c3a1037f20a3ed33067a StaticDependenciesID=24463be981153f150875d4c8c2988f95 
Number of updated asset objects reloaded before import = 0
Number of asset objects unloaded after import = 0
========================================================================
Received Import Request.
  Time of request: 2026-08-21T02:53:30.1403993Z
  Time since last request: 0.0003581 seconds.
  importAddress: GUID: b854c7256bfe15c42918d727349e387c - Path: Packages/com.unity.shadergraph/Editor/Drawing/Views/Slots/MultiIntegerSlotControlView.cs - Importer: ScriptedImporter/UnityEditor.QuickSearchModule:UnityEditor.Search:ASIAI0B
Importing 'GUID: b854c7256bfe15c42918d727349e387c - Path: Packages/com.unity.shadergraph/Editor/Drawing/Views/Slots/MultiIntegerSlotControlView.cs - Importer: ScriptedImporter/UnityEditor.QuickSearchModule:UnityEditor.Search:ASIAI0B' with importer (ScriptedImporter : UnityEditor.QuickSearchModule:UnityEditor.Search:ASIAI0B)
Imported 'GUID: b854c7256bfe15c42918d727349e387c' -> (Import Result ID: '0a41ca9dcddb5e791ccb8059d573fc29') in 0.006 seconds [static and dynamic dependencies]. Details - ImportResultOutputID=72ce9dc26238836ddee03d1bc7fcafe1 DependenciesID=29b3723671774ebf247a9e01063b5b4a StaticDependenciesID=8ebc7981590a2977a24b377ccdae5f95 
Number of updated asset objects reloaded before import = 0
Number of asset objects unloaded after import = 0
========================================================================
Received Import Request.
  Time of request: 2026-08-21T02:53:30.1575163Z
  Time since last request: 0.0007263 seconds.
  importAddress: GUID: ce60f7df8973ec749b679977e5fd7687 - Path: Packages/com.unity.shadergraph/Editor/Drawing/Views/Slots/PropertyConnectionStateSlotControlView.cs - Importer: ScriptedImporter/UnityEditor.QuickSearchModule:UnityEditor.Search:ASIAI0B
Importing 'GUID: ce60f7df8973ec749b679977e5fd7687 - Path: Packages/com.unity.shadergraph/Editor/Drawing/Views/Slots/PropertyConnectionStateSlotControlView.cs - Importer: ScriptedImporter/UnityEditor.QuickSearchModule:UnityEditor.Search:ASIAI0B' with importer (ScriptedImporter : UnityEditor.QuickSearchModule:UnityEditor.Search:ASIAI0B)
Imported 'GUID: ce60f7df8973ec749b679977e5fd7687' -> (Import Result ID: 'c944e1d1243b8d12c1abd48656eb68ea') in 0.005 seconds [static and dynamic dependencies]. Details - ImportResultOutputID=af6f19718e0c90e10a5e3c0c677f62ac DependenciesID=cd92a69c8269c69a5844d80a9556e32d StaticDependenciesID=2389f55cd6bba50053d6eb6a5fc73bdb 
Number of updated asset objects reloaded before import = 0
Number of asset objects unloaded after import = 0
========================================================================
Received Import Request.
  Time of request: 2026-08-21T02:53:30.1719569Z
  Time since last request: 0.0004069 seconds.
  importAddress: GUID: 57c3182c4f4d4ee8a6eccd63407c695d - Path: Packages/com.unity.shadergraph/Editor/Drawing/Inspector/PropertyDrawers/ToggleDataPropertyDrawer.cs - Importer: ScriptedImporter/UnityEditor.QuickSearchModule:UnityEditor.Search:ASIAI0B
Importing 'GUID: 57c3182c4f4d4ee8a6eccd63407c695d - Path: Packages/com.unity.shadergraph/Editor/Drawing/Inspector/PropertyDrawers/ToggleDataPropertyDrawer.cs - Importer: ScriptedImporter/UnityEditor.QuickSearchModule:UnityEditor.Search:ASIAI0B' with importer (ScriptedImporter : UnityEditor.QuickSearchModule:UnityEditor.Search:ASIAI0B)
Imported 'GUID: 57c3182c4f4d4ee8a6eccd63407c695d' -> (Import Result ID: '488b4a2b627d841b55401bb6c91cb0c9') in 0.005 seconds [static and dynamic dependencies]. Details - ImportResultOutputID=481f4a0c0c8444d99d8e418f97df6c9f DependenciesID=2ec9604c00280a1d121f7a361b37b288 StaticDependenciesID=97b99254b50ee6f8becce8de2280fda1 
Number of updated asset objects reloaded before import = 0
Number of asset objects unloaded after import = 0
========================================================================
Received Import Request.
  Time of request: 2026-08-21T02:53:30.1874705Z
  Time since last request: 0.0006509 seconds.
  importAddress: GUID: b7e0bdc2deb5a43aca74fd1e84c94cfa - Path: Packages/com.unity.shadergraph/Editor/Drawing/Views/Slots/LabelSlotControlView.cs - Importer: ScriptedImporter/UnityEditor.QuickSearchModule:UnityEditor.Search:ASIAI0B
Importing 'GUID: b7e0bdc2deb5a43aca74fd1e84c94cfa - Path: Packages/com.unity.shadergraph/Editor/Drawing/Views/Slots/LabelSlotControlView.cs - Importer: ScriptedImporter/UnityEditor.QuickSearchModule:UnityEditor.Search:ASIAI0B' with importer (ScriptedImporter : UnityEditor.QuickSearchModule:UnityEditor.Search:ASIAI0B)
Imported 'GUID: b7e0bdc2deb5a43aca74fd1e84c94cfa' -> (Import Result ID: 'c298c2171f8982eb72adbdbe54aea7ce') in 0.004 seconds [static and dynamic dependencies]. Details - ImportResultOutputID=c4f07878ddfefdf4d928ea09ed4c9bc0 DependenciesID=d856b0ed0758b9937a7b3bf2a942e6f1 StaticDependenciesID=614a30b330f0b2043521de7cb9eb96a8 
Number of updated asset objects reloaded before import = 0
Number of asset objects unloaded after import = 0
========================================================================
Received Import Request.
  Time of request: 2026-08-21T02:53:30.2253083Z
  Time since last request: 0.022427 seconds.
  importAddress: GUID: adc5cc7a4034e1b41b9341fa124ef43d - Path: Packages/com.unity.shadergraph/Editor/Resources/GraphView/Nodes/PreviewCollapse@2x.png - Importer: ScriptedImporter/UnityEditor.QuickSearchModule:UnityEditor.Search:ASIAI0B
Importing 'GUID: adc5cc7a4034e1b41b9341fa124ef43d - Path: Packages/com.unity.shadergraph/Editor/Resources/GraphView/Nodes/PreviewCollapse@2x.png - Importer: ScriptedImporter/UnityEditor.QuickSearchModule:UnityEditor.Search:ASIAI0B' with importer (ScriptedImporter : UnityEditor.QuickSearchModule:UnityEditor.Search:ASIAI0B)
Imported 'GUID: adc5cc7a4034e1b41b9341fa124ef43d' -> (Import Result ID: '58aca629703a07bace1cf0b952385bc1') in 0.008 seconds [static and dynamic dependencies]. Details - ImportResultOutputID=a91af2ca9ef5811db2bad8abef6b8e91 DependenciesID=acecb9e160b22fc569a4ced30e6ded01 StaticDependenciesID=181fba1c2d035dcd68db6264a359afc6 
Number of updated asset objects reloaded before import = 0
Number of asset objects unloaded after import = 1
========================================================================
Received Import Request.
  Time of request: 2026-08-21T02:53:30.2444379Z
  Time since last request: 0.0003595 seconds.
  importAddress: GUID: 8a80fd0ae214be84187160e65df52a8c - Path: Packages/com.unity.shadergraph/Editor/Resources/Styles/Controls/ToggleControlView.uss - Importer: ScriptedImporter/UnityEditor.QuickSearchModule:UnityEditor.Search:ASIAI0B
Importing 'GUID: 8a80fd0ae214be84187160e65df52a8c - Path: Packages/com.unity.shadergraph/Editor/Resources/Styles/Controls/ToggleControlView.uss - Importer: ScriptedImporter/UnityEditor.QuickSearchModule:UnityEditor.Search:ASIAI0B' with importer (ScriptedImporter : UnityEditor.QuickSearchModule:UnityEditor.Search:ASIAI0B)
Imported 'GUID: 8a80fd0ae214be84187160e65df52a8c' -> (Import Result ID: '3b35c532cbaf13f8643b9921a33405bc') in 0.005 seconds [static and dynamic dependencies]. Details - ImportResultOutputID=c8e911f7e235ac4f798caa234f96df7f DependenciesID=4f5f0d36d3de544eea7aed4d39729ce6 StaticDependenciesID=460e44fdb7a2a26a380084e2f12e2688 
Number of updated asset objects reloaded before import = 0
Number of asset objects unloaded after import = 1
========================================================================
Received Import Request.
  Time of request: 2026-08-21T02:53:30.2599591Z
  Time since last request: 0.0003415 seconds.
  importAddress: GUID: 8df757582ef08984bb6c3510e3a9fd1e - Path: Packages/com.unity.shadergraph/Editor/Resources/GraphView/Nodes/PreviewExpand.png - Importer: ScriptedImporter/UnityEditor.QuickSearchModule:UnityEditor.Search:ASIAI0B
Importing 'GUID: 8df757582ef08984bb6c3510e3a9fd1e - Path: Packages/com.unity.shadergraph/Editor/Resources/GraphView/Nodes/PreviewExpand.png - Importer: ScriptedImporter/UnityEditor.QuickSearchModule:UnityEditor.Search:ASIAI0B' with importer (ScriptedImporter : UnityEditor.QuickSearchModule:UnityEditor.Search:ASIAI0B)
Imported 'GUID: 8df757582ef08984bb6c3510e3a9fd1e' -> (Import Result ID: 'c5216805f35b47d1323d77383a6f612a') in 0.087 seconds [static and dynamic dependencies]. Details - ImportResultOutputID=2a6a730b17ae3ee205fec91133b2bf1a DependenciesID=af98f922e53d1dc116ad8d6fc1105613 StaticDependenciesID=802b054e6e7416735b92328f099a4286 
Number of updated asset objects reloaded before import = 0
Number of asset objects unloaded after import = 1
========================================================================
Received Import Request.
  Time of request: 2026-08-21T02:53:30.3584625Z
  Time since last request: 0.0009365 seconds.
  importAddress: GUID: 03d3df9748467354ab39a973710a3a30 - Path: Packages/com.unity.shadergraph/Editor/Resources/GraphView/Nodes/PreviewCollapse.png - Importer: ScriptedImporter/UnityEditor.QuickSearchModule:UnityEditor.Search:ASIAI0B
Importing 'GUID: 03d3df9748467354ab39a973710a3a30 - Path: Packages/com.unity.shadergraph/Editor/Resources/GraphView/Nodes/PreviewCollapse.png - Importer: ScriptedImporter/UnityEditor.QuickSearchModule:UnityEditor.Search:ASIAI0B' with importer (ScriptedImporter : UnityEditor.QuickSearchModule:UnityEditor.Search:ASIAI0B)
Imported 'GUID: 03d3df9748467354ab39a973710a3a30' -> (Import Result ID: 'd11bf45c94b92800901a9a20e2b91336') in 0.038 seconds [static and dynamic dependencies]. Details - ImportResultOutputID=e079fa86300629d7a0bbd680f75af412 DependenciesID=30334d8078b9fd6a22dd69c99dc69051 StaticDependenciesID=4cb3958ecc58cb076265792eec64be2b 
Number of updated asset objects reloaded before import = 0
Number of asset objects unloaded after import = 1
========================================================================
Received Import Request.
  Time of request: 2026-08-21T02:53:30.4065914Z
  Time since last request: 0.0002472 seconds.
  importAddress: GUID: e6e2bf465150c49dcb38fd02cece3a88 - Path: Packages/com.unity.shadergraph/Editor/Generation/Targets/UITK/UIStructs.cs - Importer: ScriptedImporter/UnityEditor.QuickSearchModule:UnityEditor.Search:ASIAI0B
Importing 'GUID: e6e2bf465150c49dcb38fd02cece3a88 - Path: Packages/com.unity.shadergraph/Editor/Generation/Targets/UITK/UIStructs.cs - Importer: ScriptedImporter/UnityEditor.QuickSearchModule:UnityEditor.Search:ASIAI0B' with importer (ScriptedImporter : UnityEditor.QuickSearchModule:UnityEditor.Search:ASIAI0B)
Imported 'GUID: e6e2bf465150c49dcb38fd02cece3a88' -> (Import Result ID: 'b32f721df818561ccd0935a9305786d9') in 0.004 seconds [static and dynamic dependencies]. Details - ImportResultOutputID=09e3dbd99eefb6b0595ba365234e968c DependenciesID=e465283ca5824b677dea7fcb5d403de7 StaticDependenciesID=3941f477aee1f568242d36f0d97a281b 
Number of updated asset objects reloaded before import = 0
Number of asset objects unloaded after import = 0
========================================================================
Received Import Request.
  Time of request: 2026-08-21T02:53:30.4210449Z
  Time since last request: 0.0005441 seconds.
  importAddress: GUID: c951fed1cf039c7439a755e2ca108e4a - Path: Packages/com.unity.shadergraph/Editor/Resources/GraphView/Nodes/NodeChevronDown@2x.png - Importer: ScriptedImporter/UnityEditor.QuickSearchModule:UnityEditor.Search:ASIAI0B
Importing 'GUID: c951fed1cf039c7439a755e2ca108e4a - Path: Packages/com.unity.shadergraph/Editor/Resources/GraphView/Nodes/NodeChevronDown@2x.png - Importer: ScriptedImporter/UnityEditor.QuickSearchModule:UnityEditor.Search:ASIAI0B' with importer (ScriptedImporter : UnityEditor.QuickSearchModule:UnityEditor.Search:ASIAI0B)
Imported 'GUID: c951fed1cf039c7439a755e2ca108e4a' -> (Import Result ID: '9f8a6e3669497ea39d3bfd877efa7973') in 0.008 seconds [static and dynamic dependencies]. Details - ImportResultOutputID=ebf8b115eed016284d1877052e355617 DependenciesID=35c438f111164cf63ba112a7bcc9ada5 StaticDependenciesID=6bcf56395e58ec7bbbc86c716e42a734 
Number of updated asset objects reloaded before import = 0
Number of asset objects unloaded after import = 1
========================================================================
Received Import Request.
  Time of request: 2026-08-21T02:53:30.4388333Z
  Time since last request: 0.0002918 seconds.
  importAddress: GUID: 69d9130ff4b1d8847904bf9579adc7e0 - Path: Packages/com.unity.shadergraph/Editor/Resources/Styles/Controls/TextureSlotControlView.uss - Importer: ScriptedImporter/UnityEditor.QuickSearchModule:UnityEditor.Search:ASIAI0B
Importing 'GUID: 69d9130ff4b1d8847904bf9579adc7e0 - Path: Packages/com.unity.shadergraph/Editor/Resources/Styles/Controls/TextureSlotControlView.uss - Importer: ScriptedImporter/UnityEditor.QuickSearchModule:UnityEditor.Search:ASIAI0B' with importer (ScriptedImporter : UnityEditor.QuickSearchModule:UnityEditor.Search:ASIAI0B)
Imported 'GUID: 69d9130ff4b1d8847904bf9579adc7e0' -> (Import Result ID: '7350f7d0d5e322ce6ac9e031eb078078') in 0.005 seconds [static and dynamic dependencies]. Details - ImportResultOutputID=5217fd42b371a929c94808916a7878a3 DependenciesID=15109c8bf1b2238a74901721f1a8e6c2 StaticDependenciesID=d8507feedd5e9fb937f84165decaf058 
Number of updated asset objects reloaded before import = 0
Number of asset objects unloaded after import = 1
========================================================================
Received Import Request.
  Time of request: 2026-08-21T02:53:30.4547783Z
  Time since last request: 0.0002569 seconds.
  importAddress: GUID: 8d3443495105d4166996158d4b321c21 - Path: Packages/com.unity.shadergraph/Editor/Resources/Styles/Controls/GradientControlView.uss - Importer: ScriptedImporter/UnityEditor.QuickSearchModule:UnityEditor.Search:ASIAI0B
Importing 'GUID: 8d3443495105d4166996158d4b321c21 - Path: Packages/com.unity.shadergraph/Editor/Resources/Styles/Controls/GradientControlView.uss - Importer: ScriptedImporter/UnityEditor.QuickSearchModule:UnityEditor.Search:ASIAI0B' with importer (ScriptedImporter : UnityEditor.QuickSearchModule:UnityEditor.Search:ASIAI0B)
Imported 'GUID: 8d3443495105d4166996158d4b321c21' -> (Import Result ID: '36956b1b67aae80d862de13227f961d2') in 0.006 seconds [static and dynamic dependencies]. Details - ImportResultOutputID=5a33f5534858982b776a3cc38d180fda DependenciesID=97d7f045772c71455269d54b3b5f28c6 StaticDependenciesID=b4e4c6f495aee23b09c1e94e898f337f 
Number of updated asset objects reloaded before import = 0
Number of asset objects unloaded after import = 1
========================================================================
Received Import Request.
  Time of request: 2026-08-21T02:53:30.4736478Z
  Time since last request: 0.0003641 seconds.
  importAddress: GUID: a690636bb8883ea4db5f27192551b973 - Path: Packages/com.unity.shadergraph/Editor/Resources/Styles/Controls/ColorRGBASlotControlView.uss - Importer: ScriptedImporter/UnityEditor.QuickSearchModule:UnityEditor.Search:ASIAI0B
Importing 'GUID: a690636bb8883ea4db5f27192551b973 - Path: Packages/com.unity.shadergraph/Editor/Resources/Styles/Controls/ColorRGBASlotControlView.uss - Importer: ScriptedImporter/UnityEditor.QuickSearchModule:UnityEditor.Search:ASIAI0B' with importer (ScriptedImporter : UnityEditor.QuickSearchModule:UnityEditor.Search:ASIAI0B)
Imported 'GUID: a690636bb8883ea4db5f27192551b973' -> (Import Result ID: '585d0b700b0c33243f206c8cadeb6ff9') in 0.005 seconds [static and dynamic dependencies]. Details - ImportResultOutputID=66a65713e5b19d773ff281225bb68faa DependenciesID=cf0eb5425a97fc72f3c4a363e0db2cb4 StaticDependenciesID=5ebb35433e3623a828d0b493f3b1129c 
Number of updated asset objects reloaded before import = 0
Number of asset objects unloaded after import = 1
========================================================================
Received Import Request.
  Time of request: 2026-08-21T02:53:30.4897075Z
  Time since last request: 0.0003473 seconds.
  importAddress: GUID: a8d7d25cc14c27f4e9257da19b888497 - Path: Packages/com.unity.shadergraph/Editor/Resources/GraphView/Nodes/UITKShaderPreview-Vector.svg - Importer: ScriptedImporter/UnityEditor.QuickSearchModule:UnityEditor.Search:ASIAI0B
Importing 'GUID: a8d7d25cc14c27f4e9257da19b888497 - Path: Packages/com.unity.shadergraph/Editor/Resources/GraphView/Nodes/UITKShaderPreview-Vector.svg - Importer: ScriptedImporter/UnityEditor.QuickSearchModule:UnityEditor.Search:ASIAI0B' with importer (ScriptedImporter : UnityEditor.QuickSearchModule:UnityEditor.Search:ASIAI0B)
Imported 'GUID: a8d7d25cc14c27f4e9257da19b888497' -> (Import Result ID: 'c029b48be266553632d6e6e1fb8f00df') in 0.013 seconds [static and dynamic dependencies]. Details - ImportResultOutputID=f8e7e692198239293ce9bae82f722445 DependenciesID=fb8c8b357b2a10e4532396c3aa506477 StaticDependenciesID=8c3a83a9a2f3fa445bf2b53f0097e24d 
Number of updated asset objects reloaded before import = 0
Number of asset objects unloaded after import = 2
========================================================================
Received Import Request.
  Time of request: 2026-08-21T02:53:30.5149711Z
  Time since last request: 0.0002709 seconds.
  importAddress: GUID: 79edeef1474952e41b017ad4ac812f5e - Path: Packages/com.unity.shadergraph/Editor/Resources/Styles/Controls/UVSlotControlView.uss - Importer: ScriptedImporter/UnityEditor.QuickSearchModule:UnityEditor.Search:ASIAI0B
Importing 'GUID: 79edeef1474952e41b017ad4ac812f5e - Path: Packages/com.unity.shadergraph/Editor/Resources/Styles/Controls/UVSlotControlView.uss - Importer: ScriptedImporter/UnityEditor.QuickSearchModule:UnityEditor.Search:ASIAI0B' with importer (ScriptedImporter : UnityEditor.QuickSearchModule:UnityEditor.Search:ASIAI0B)
Imported 'GUID: 79edeef1474952e41b017ad4ac812f5e' -> (Import Result ID: '099abf640fbc79989974df8802825efa') in 0.005 seconds [static and dynamic dependencies]. Details - ImportResultOutputID=d4247ad63c4039eb392922337161ed84 DependenciesID=b144c59d1849546be1de6aec1c874de9 StaticDependenciesID=620901c9ccdf506a06ce89a6ffd22b81 
Number of updated asset objects reloaded before import = 0
Number of asset objects unloaded after import = 1
========================================================================
Received Import Request.
  Time of request: 2026-08-21T02:53:30.5327101Z
  Time since last request: 0.000436 seconds.
  importAddress: GUID: f51d58a379852433783c60d784f44626 - Path: Packages/com.unity.shadergraph/Editor/ProviderSystem/Model/Header/FunctionHints.cs - Importer: ScriptedImporter/UnityEditor.QuickSearchModule:UnityEditor.Search:ASIAI0B
Importing 'GUID: f51d58a379852433783c60d784f44626 - Path: Packages/com.unity.shadergraph/Editor/ProviderSystem/Model/Header/FunctionHints.cs - Importer: ScriptedImporter/UnityEditor.QuickSearchModule:UnityEditor.Search:ASIAI0B' with importer (ScriptedImporter : UnityEditor.QuickSearchModule:UnityEditor.Search:ASIAI0B)
Imported 'GUID: f51d58a379852433783c60d784f44626' -> (Import Result ID: '9b7273e94327008fcfddd3855a914262') in 0.006 seconds [static and dynamic dependencies]. Details - ImportResultOutputID=32ca0d8e9830086fad9b23cfeb2cceff DependenciesID=89f41163c3e479611c8a6208340f61a1 StaticDependenciesID=eeb3fb850c830dc7f0bb9f2ffc4169e7 
Number of updated asset objects reloaded before import = 0
Number of asset objects unloaded after import = 0
========================================================================
Received Import Request.
  Time of request: 2026-08-21T02:53:30.5489735Z
  Time since last request: 0.0002903 seconds.
  importAddress: GUID: 5f9f1162b05e46646805842469135609 - Path: Packages/com.unity.shadergraph/Editor/Resources/Styles/Controls/ColorRGBSlotControlView.uss - Importer: ScriptedImporter/UnityEditor.QuickSearchModule:UnityEditor.Search:ASIAI0B
Importing 'GUID: 5f9f1162b05e46646805842469135609 - Path: Packages/com.unity.shadergraph/Editor/Resources/Styles/Controls/ColorRGBSlotControlView.uss - Importer: ScriptedImporter/UnityEditor.QuickSearchModule:UnityEditor.Search:ASIAI0B' with importer (ScriptedImporter : UnityEditor.QuickSearchModule:UnityEditor.Search:ASIAI0B)
Imported 'GUID: 5f9f1162b05e46646805842469135609' -> (Import Result ID: 'b178f065c0c9d507d94f4705ecbc7446') in 0.006 seconds [static and dynamic dependencies]. Details - ImportResultOutputID=887891fb84b7c09a282958f803bc6bdd DependenciesID=965476ecdb767ed0091801aeacd8060a StaticDependenciesID=ffae699b3b6117d21cae752156ebf5f2 
Number of updated asset objects reloaded before import = 0
Number of asset objects unloaded after import = 1
========================================================================
Received Import Request.
  Time of request: 2026-08-21T02:53:30.5669809Z
  Time since last request: 0.0004109 seconds.
  importAddress: GUID: 4b038bc8dced2a440bc294aeff20a4ac - Path: Packages/com.unity.shadergraph/Editor/Resources/Styles/Controls/ColorControlView.uss - Importer: ScriptedImporter/UnityEditor.QuickSearchModule:UnityEditor.Search:ASIAI0B
Importing 'GUID: 4b038bc8dced2a440bc294aeff20a4ac - Path: Packages/com.unity.shadergraph/Editor/Resources/Styles/Controls/ColorControlView.uss - Importer: ScriptedImporter/UnityEditor.QuickSearchModule:UnityEditor.Search:ASIAI0B' with importer (ScriptedImporter : UnityEditor.QuickSearchModule:UnityEditor.Search:ASIAI0B)
Imported 'GUID: 4b038bc8dced2a440bc294aeff20a4ac' -> (Import Result ID: '6246200e70f5cbd66382e63bad70685d') in 0.016 seconds [static and dynamic dependencies]. Details - ImportResultOutputID=bf28905db5455bbe8a30688c942ec874 DependenciesID=83cf7025962f2fca4622498b3d92d73f StaticDependenciesID=367195d9d377db0b31127457e730e5bb 
Number of updated asset objects reloaded before import = 0
Number of asset objects unloaded after import = 1
========================================================================
Received Import Request.
  Time of request: 2026-08-21T02:53:30.6627606Z
  Time since last request: 0.0688193 seconds.
  importAddress: GUID: ea383d05cc8da9a43826feecc854f4fb - Path: Packages/com.unity.shadergraph/Editor/Data/Nodes/Artistic/Filter/FadeTransitionNode.cs - Importer: ScriptedImporter/UnityEditor.QuickSearchModule:UnityEditor.Search:ASIAI0B
Importing 'GUID: ea383d05cc8da9a43826feecc854f4fb - Path: Packages/com.unity.shadergraph/Editor/Data/Nodes/Artistic/Filter/FadeTransitionNode.cs - Importer: ScriptedImporter/UnityEditor.QuickSearchModule:UnityEditor.Search:ASIAI0B' with importer (ScriptedImporter : UnityEditor.QuickSearchModule:UnityEditor.Search:ASIAI0B)
Imported 'GUID: ea383d05cc8da9a43826feecc854f4fb' -> (Import Result ID: 'a096543fc64e33af0c71e72cb6608410') in 0.004 seconds [static and dynamic dependencies]. Details - ImportResultOutputID=6c35ed0f0aa162a07ab2859ff2854d47 DependenciesID=91e2aa560be5031369d2505e391332e4 StaticDependenciesID=eead41a84636ce211dfde20345de38c9 
Number of updated asset objects reloaded before import = 0
Number of asset objects unloaded after import = 0
========================================================================
Received Import Request.
  Time of request: 2026-08-21T02:53:30.677084Z
  Time since last request: 0.0006405 seconds.
  importAddress: GUID: e377212826a27da4f9cbf888b0c39bc9 - Path: Packages/com.unity.shadergraph/Editor/Data/Nodes/Artistic/Blend/BlendMode.cs - Importer: ScriptedImporter/UnityEditor.QuickSearchModule:UnityEditor.Search:ASIAI0B
Importing 'GUID: e377212826a27da4f9cbf888b0c39bc9 - Path: Packages/com.unity.shadergraph/Editor/Data/Nodes/Artistic/Blend/BlendMode.cs - Importer: ScriptedImporter/UnityEditor.QuickSearchModule:UnityEditor.Search:ASIAI0B' with importer (ScriptedImporter : UnityEditor.QuickSearchModule:UnityEditor.Search:ASIAI0B)
Imported 'GUID: e377212826a27da4f9cbf888b0c39bc9' -> (Import Result ID: 'b71abca8dfaac3f85e7616a77ccd98e5') in 0.007 seconds [static and dynamic dependencies]. Details - ImportResultOutputID=8d4882e0349f9158f733db94c2f2a1cd DependenciesID=9fb544117802ccc3302904354e0447d7 StaticDependenciesID=62e956e36cdcac582bb1ff3370b85552 
Number of updated asset objects reloaded before import = 0
Number of asset objects unloaded after import = 0
========================================================================
Received Import Request.
  Time of request: 2026-08-21T02:53:30.6953673Z
  Time since last request: 0.0009209 seconds.
  importAddress: GUID: 27615ef3e2e760b45b15895bd39d0954 - Path: Packages/com.unity.shadergraph/Editor/Data/Nodes/Artistic/Normal/NormalReconstructZNode.cs - Importer: ScriptedImporter/UnityEditor.QuickSearchModule:UnityEditor.Search:ASIAI0B
Importing 'GUID: 27615ef3e2e760b45b15895bd39d0954 - Path: Packages/com.unity.shadergraph/Editor/Data/Nodes/Artistic/Normal/NormalReconstructZNode.cs - Importer: ScriptedImporter/UnityEditor.QuickSearchModule:UnityEditor.Search:ASIAI0B' with importer (ScriptedImporter : UnityEditor.QuickSearchModule:UnityEditor.Search:ASIAI0B)
Imported 'GUID: 27615ef3e2e760b45b15895bd39d0954' -> (Import Result ID: '02c97b678e57abad0f0b0d25804e50f3') in 0.004 seconds [static and dynamic dependencies]. Details - ImportResultOutputID=66f4e2d84ed88a4b0325ee5bd5c3d4b7 DependenciesID=a0411b383c5db4de58a4f36b881f0feb StaticDependenciesID=1022670d22fac36e9ba1058ddd796c84 
Number of updated asset objects reloaded before import = 0
Number of asset objects unloaded after import = 0
========================================================================
Received Import Request.
  Time of request: 2026-08-21T02:53:30.7093459Z
  Time since last request: 0.0004131 seconds.
  importAddress: GUID: c943843c9c7424a4d9b629c087d93df5 - Path: Packages/com.unity.shadergraph/Editor/Data/Nodes/Artistic/Normal/NormalFromTextureNode.cs - Importer: ScriptedImporter/UnityEditor.QuickSearchModule:UnityEditor.Search:ASIAI0B
Importing 'GUID: c943843c9c7424a4d9b629c087d93df5 - Path: Packages/com.unity.shadergraph/Editor/Data/Nodes/Artistic/Normal/NormalFromTextureNode.cs - Importer: ScriptedImporter/UnityEditor.QuickSearchModule:UnityEditor.Search:ASIAI0B' with importer (ScriptedImporter : UnityEditor.QuickSearchModule:UnityEditor.Search:ASIAI0B)
Imported 'GUID: c943843c9c7424a4d9b629c087d93df5' -> (Import Result ID: 'c6d4f01785b5b5dffdbde1128da596c1') in 0.010 seconds [static and dynamic dependencies]. Details - ImportResultOutputID=12424b8ab1763604dca0ce85af87d600 DependenciesID=2bec4b4d21157115d1c2bb35725d4516 StaticDependenciesID=63250d8b7d497c4260b136b55debd2e4 
Number of updated asset objects reloaded before import = 0
Number of asset objects unloaded after import = 0
========================================================================
Received Import Request.
  Time of request: 2026-08-21T02:53:30.7473621Z
  Time since last request: 0.0168574 seconds.
  importAddress: GUID: 1350e4a38ff5ae44a9d8627d33b48de8 - Path: Packages/com.unity.shadergraph/Editor/Data/Nodes/Input/Basic/Vector3Node.cs - Importer: ScriptedImporter/UnityEditor.QuickSearchModule:UnityEditor.Search:ASIAI0B
Importing 'GUID: 1350e4a38ff5ae44a9d8627d33b48de8 - Path: Packages/com.unity.shadergraph/Editor/Data/Nodes/Input/Basic/Vector3Node.cs - Importer: ScriptedImporter/UnityEditor.QuickSearchModule:UnityEditor.Search:ASIAI0B' with importer (ScriptedImporter : UnityEditor.QuickSearchModule:UnityEditor.Search:ASIAI0B)
Imported 'GUID: 1350e4a38ff5ae44a9d8627d33b48de8' -> (Import Result ID: 'b8049b10ac0f2b70c81f7d6e2ed35cec') in 0.008 seconds [static and dynamic dependencies]. Details - ImportResultOutputID=bc0ddf80f858cef17125560dafb780b1 DependenciesID=0e751aaabd484437dc90f01b9049df4d StaticDependenciesID=1884b55185ce1a49a807d7f651c21833 
Number of updated asset objects reloaded before import = 0
Number of asset objects unloaded after import = 0
========================================================================
Received Import Request.
  Time of request: 2026-08-21T02:53:30.7660629Z
  Time since last request: 0.000844 seconds.
  importAddress: GUID: 1c05002dbfc8cd14cb3b544630cf1017 - Path: Packages/com.unity.shadergraph/Editor/Data/Nodes/Input/Geometry/UVNode.cs - Importer: ScriptedImporter/UnityEditor.QuickSearchModule:UnityEditor.Search:ASIAI0B
Importing 'GUID: 1c05002dbfc8cd14cb3b544630cf1017 - Path: Packages/com.unity.shadergraph/Editor/Data/Nodes/Input/Geometry/UVNode.cs - Importer: ScriptedImporter/UnityEditor.QuickSearchModule:UnityEditor.Search:ASIAI0B' with importer (ScriptedImporter : UnityEditor.QuickSearchModule:UnityEditor.Search:ASIAI0B)
Imported 'GUID: 1c05002dbfc8cd14cb3b544630cf1017' -> (Import Result ID: 'c4c658e8c6c2eac6bd46370354e22025') in 0.029 seconds [static and dynamic dependencies]. Details - ImportResultOutputID=42b70c4388dbb1f95102ae150f99d4ce DependenciesID=b5d8bdc02fcee7e8670c4992cfb30615 StaticDependenciesID=136e7261dd473a6c9f81f25602a703d0 
Number of updated asset objects reloaded before import = 0
Number of asset objects unloaded after import = 0
========================================================================
Received Import Request.
  Time of request: 2026-08-21T02:53:30.8053295Z
  Time since last request: 0.0005852 seconds.
  importAddress: GUID: 9c629b78a2ec57749ab4f76f4f42f423 - Path: Packages/com.unity.shadergraph/Editor/Data/Nodes/Input/Texture/Texture2DAssetNode.cs - Importer: ScriptedImporter/UnityEditor.QuickSearchModule:UnityEditor.Search:ASIAI0B
Importing 'GUID: 9c629b78a2ec57749ab4f76f4f42f423 - Path: Packages/com.unity.shadergraph/Editor/Data/Nodes/Input/Texture/Texture2DAssetNode.cs - Importer: ScriptedImporter/UnityEditor.QuickSearchModule:UnityEditor.Search:ASIAI0B' with importer (ScriptedImporter : UnityEditor.QuickSearchModule:UnityEditor.Search:ASIAI0B)
Imported 'GUID: 9c629b78a2ec57749ab4f76f4f42f423' -> (Import Result ID: 'ab8f13264429ca3100991156d9167826') in 0.005 seconds [static and dynamic dependencies]. Details - ImportResultOutputID=d4543acaada1b2f15a6b0a9a502cac04 DependenciesID=1788a0d8210e7ed3375eb11dac169b6e StaticDependenciesID=de26628ad6cdad8e6422c1b6b1ad17fa 
Number of updated asset objects reloaded before import = 0
Number of asset objects unloaded after import = 0
========================================================================
Received Import Request.
  Time of request: 2026-08-21T02:53:30.8206411Z
  Time since last request: 0.0009334 seconds.
  importAddress: GUID: 0789ef77e28f0406dbb0970c5a8e7a2c - Path: Packages/com.unity.shadergraph/Editor/Data/Nodes/Input/Texture/SampleTexture2DArrayNode.cs - Importer: ScriptedImporter/UnityEditor.QuickSearchModule:UnityEditor.Search:ASIAI0B
Importing 'GUID: 0789ef77e28f0406dbb0970c5a8e7a2c - Path: Packages/com.unity.shadergraph/Editor/Data/Nodes/Input/Texture/SampleTexture2DArrayNode.cs - Importer: ScriptedImporter/UnityEditor.QuickSearchModule:UnityEditor.Search:ASIAI0B' with importer (ScriptedImporter : UnityEditor.QuickSearchModule:UnityEditor.Search:ASIAI0B)
Imported 'GUID: 0789ef77e28f0406dbb0970c5a8e7a2c' -> (Import Result ID: '5f8af4528067d45e22afdf324b091594') in 0.026 seconds [static and dynamic dependencies]. Details - ImportResultOutputID=b7f7acd281289d817685e09a187aefcf DependenciesID=b636a01daf9213d08a33c205ae2fc3dd StaticDependenciesID=4ae84dcac18e35897a586dae2f1a1693 
Number of updated asset objects reloaded before import = 0
Number of asset objects unloaded after import = 0
========================================================================
Received Import Request.
  Time of request: 2026-08-21T02:53:30.8571904Z
  Time since last request: 0.0003951 seconds.
  importAddress: GUID: 96dd6bbf093ac3d41a5bdaa467b58e6c - Path: Packages/com.unity.shadergraph/Editor/Data/Nodes/Artistic/Utility/ColorspaceConversion.cs - Importer: ScriptedImporter/UnityEditor.QuickSearchModule:UnityEditor.Search:ASIAI0B
Importing 'GUID: 96dd6bbf093ac3d41a5bdaa467b58e6c - Path: Packages/com.unity.shadergraph/Editor/Data/Nodes/Artistic/Utility/ColorspaceConversion.cs - Importer: ScriptedImporter/UnityEditor.QuickSearchModule:UnityEditor.Search:ASIAI0B' with importer (ScriptedImporter : UnityEditor.QuickSearchModule:UnityEditor.Search:ASIAI0B)
Imported 'GUID: 96dd6bbf093ac3d41a5bdaa467b58e6c' -> (Import Result ID: 'cebdf871932b0440234d51d386465c31') in 0.004 seconds [static and dynamic dependencies]. Details - ImportResultOutputID=e9c91dcf3d6fd2a45a01cb6455879ee9 DependenciesID=ed5beca772889e6455ff25c0b7ab85b3 StaticDependenciesID=3bf27637c758c6aa18c02da7da112100 
Number of updated asset objects reloaded before import = 0
Number of asset objects unloaded after import = 0
========================================================================
Received Import Request.
  Time of request: 2026-08-21T02:53:30.871566Z
  Time since last request: 0.0003314 seconds.
  importAddress: GUID: 25ded6c13e7523d48935f8bd1b9afcb6 - Path: Packages/com.unity.shadergraph/Editor/Data/Nodes/Input/Geometry/BitangentVectorNode.cs - Importer: ScriptedImporter/UnityEditor.QuickSearchModule:UnityEditor.Search:ASIAI0B
Importing 'GUID: 25ded6c13e7523d48935f8bd1b9afcb6 - Path: Packages/com.unity.shadergraph/Editor/Data/Nodes/Input/Geometry/BitangentVectorNode.cs - Importer: ScriptedImporter/UnityEditor.QuickSearchModule:UnityEditor.Search:ASIAI0B' with importer (ScriptedImporter : UnityEditor.QuickSearchModule:UnityEditor.Search:ASIAI0B)
Imported 'GUID: 25ded6c13e7523d48935f8bd1b9afcb6' -> (Import Result ID: '9b98dc4916af0a63ad8e8105dd4719a5') in 0.004 seconds [static and dynamic dependencies]. Details - ImportResultOutputID=b26b4a357d80ab9d9054a455969d4c9a DependenciesID=1904f2394c1aec67036bf657806a95bc StaticDependenciesID=87e50cc1390d5ce13e4fbf636bbf52ec 
Number of updated asset objects reloaded before import = 0
Number of asset objects unloaded after import = 0
========================================================================
Received Import Request.
  Time of request: 2026-08-21T02:53:30.886616Z
  Time since last request: 0.0004516 seconds.
  importAddress: GUID: e52355d9fc877154b9403531b2837081 - Path: Packages/com.unity.shadergraph/Editor/Data/Nodes/Input/Texture/GatherTexture2DNode.cs - Importer: ScriptedImporter/UnityEditor.QuickSearchModule:UnityEditor.Search:ASIAI0B
Importing 'GUID: e52355d9fc877154b9403531b2837081 - Path: Packages/com.unity.shadergraph/Editor/Data/Nodes/Input/Texture/GatherTexture2DNode.cs - Importer: ScriptedImporter/UnityEditor.QuickSearchModule:UnityEditor.Search:ASIAI0B' with importer (ScriptedImporter : UnityEditor.QuickSearchModule:UnityEditor.Search:ASIAI0B)
Imported 'GUID: e52355d9fc877154b9403531b2837081' -> (Import Result ID: 'd228c1debe959f6dab22becda3e215dd') in 0.010 seconds [static and dynamic dependencies]. Details - ImportResultOutputID=228a050376611e22e785c386f921fa12 DependenciesID=fab6955673b3d6edd31a4a1897720d5d StaticDependenciesID=1ede24b0cd7b9ea21697c7c263763d48 
Number of updated asset objects reloaded before import = 0
Number of asset objects unloaded after import = 0
========================================================================
Received Import Request.
  Time of request: 2026-08-21T02:53:30.9079414Z
  Time since last request: 0.0003213 seconds.
  importAddress: GUID: f48f68efc30ae334098ff30e88fbf9db - Path: Packages/com.unity.shadergraph/Editor/Data/Nodes/Input/Basic/ConstantNode.cs - Importer: ScriptedImporter/UnityEditor.QuickSearchModule:UnityEditor.Search:ASIAI0B
Importing 'GUID: f48f68efc30ae334098ff30e88fbf9db - Path: Packages/com.unity.shadergraph/Editor/Data/Nodes/Input/Basic/ConstantNode.cs - Importer: ScriptedImporter/UnityEditor.QuickSearchModule:UnityEditor.Search:ASIAI0B' with importer (ScriptedImporter : UnityEditor.QuickSearchModule:UnityEditor.Search:ASIAI0B)
Imported 'GUID: f48f68efc30ae334098ff30e88fbf9db' -> (Import Result ID: '17e9edee8f8812f30cdf22b169832c02') in 0.281 seconds [static and dynamic dependencies]. Details - ImportResultOutputID=4686c097b14c87cc7644b8abee209c87 DependenciesID=f8075ea55f75b0c19f56cdb319d1467f StaticDependenciesID=59ef1d040ec1679a4aa5221ffb45c894 
Number of updated asset objects reloaded before import = 0
Number of asset objects unloaded after import = 0
========================================================================
Received Import Request.
  Time of request: 2026-08-21T02:53:31.2000299Z
  Time since last request: 0.0007174 seconds.
  importAddress: GUID: dd27728b9ce314209beef46e595204c5 - Path: Packages/com.unity.shadergraph/Editor/Data/Nodes/Input/Scene/CameraNode.cs - Importer: ScriptedImporter/UnityEditor.QuickSearchModule:UnityEditor.Search:ASIAI0B
Importing 'GUID: dd27728b9ce314209beef46e595204c5 - Path: Packages/com.unity.shadergraph/Editor/Data/Nodes/Input/Scene/CameraNode.cs - Importer: ScriptedImporter/UnityEditor.QuickSearchModule:UnityEditor.Search:ASIAI0B' with importer (ScriptedImporter : UnityEditor.QuickSearchModule:UnityEditor.Search:ASIAI0B)
Imported 'GUID: dd27728b9ce314209beef46e595204c5' -> (Import Result ID: 'c7d2839b26fcb9fec529c9f15f3789a5') in 0.004 seconds [static and dynamic dependencies]. Details - ImportResultOutputID=f2e5342d4f746e49fbf7a2c7235445de DependenciesID=752f03f0cce1b837f67847f1fc226a1d StaticDependenciesID=12c9adf39c6a2b338464f6b707b580cb 
Number of updated asset objects reloaded before import = 0
Number of asset objects unloaded after import = 0
========================================================================
Received Import Request.
  Time of request: 2026-08-21T02:53:31.2139043Z
  Time since last request: 0.0004453 seconds.
  importAddress: GUID: 5ca9d434229e11f44888abcbf66062a5 - Path: Packages/com.unity.shadergraph/Editor/Data/Nodes/Input/Texture/SampleTexture2DNode.cs - Importer: ScriptedImporter/UnityEditor.QuickSearchModule:UnityEditor.Search:ASIAI0B
Importing 'GUID: 5ca9d434229e11f44888abcbf66062a5 - Path: Packages/com.unity.shadergraph/Editor/Data/Nodes/Input/Texture/SampleTexture2DNode.cs - Importer: ScriptedImporter/UnityEditor.QuickSearchModule:UnityEditor.Search:ASIAI0B' with importer (ScriptedImporter : UnityEditor.QuickSearchModule:UnityEditor.Search:ASIAI0B)
Imported 'GUID: 5ca9d434229e11f44888abcbf66062a5' -> (Import Result ID: '60d6389438225179a8cac2fb7923dd14') in 0.004 seconds [static and dynamic dependencies]. Details - ImportResultOutputID=9b5277ad9301862bdfeb836b5d063c93 DependenciesID=b8cc59a51d0cc0451fc2c7414c8fbefb StaticDependenciesID=1d4454df999e46242a8932ea6e438f77 
Number of updated asset objects reloaded before import = 0
Number of asset objects unloaded after import = 0
========================================================================
Received Import Request.
  Time of request: 2026-08-21T02:53:31.2290075Z
  Time since last request: 0.0004104 seconds.
  importAddress: GUID: 0b009ba9b523742a0ad6530e14a063a2 - Path: Packages/com.unity.shadergraph/Editor/Data/Nodes/Input/Texture/Texture3DAssetNode.cs - Importer: ScriptedImporter/UnityEditor.QuickSearchModule:UnityEditor.Search:ASIAI0B
Importing 'GUID: 0b009ba9b523742a0ad6530e14a063a2 - Path: Packages/com.unity.shadergraph/Editor/Data/Nodes/Input/Texture/Texture3DAssetNode.cs - Importer: ScriptedImporter/UnityEditor.QuickSearchModule:UnityEditor.Search:ASIAI0B' with importer (ScriptedImporter : UnityEditor.QuickSearchModule:UnityEditor.Search:ASIAI0B)
Imported 'GUID: 0b009ba9b523742a0ad6530e14a063a2' -> (Import Result ID: 'dfb5cb4e03968a874ab3a5a341b6f4fc') in 0.004 seconds [static and dynamic dependencies]. Details - ImportResultOutputID=080cd0bcc736592672fefc754cd7c348 DependenciesID=20208486a0cc3f7b96f99119d21286aa StaticDependenciesID=4511fb4a811e78136694fdd52361252f 
Number of updated asset objects reloaded before import = 0
Number of asset objects unloaded after import = 0
========================================================================
Received Import Request.
  Time of request: 2026-08-21T02:53:31.2441001Z
  Time since last request: 0.0006018 seconds.
  importAddress: GUID: fb8845c10261f47d0a719ac80481e667 - Path: Packages/com.unity.shadergraph/Editor/Data/Nodes/Input/Lighting/ReflectionProbeNode.cs - Importer: ScriptedImporter/UnityEditor.QuickSearchModule:UnityEditor.Search:ASIAI0B
Importing 'GUID: fb8845c10261f47d0a719ac80481e667 - Path: Packages/com.unity.shadergraph/Editor/Data/Nodes/Input/Lighting/ReflectionProbeNode.cs - Importer: ScriptedImporter/UnityEditor.QuickSearchModule:UnityEditor.Search:ASIAI0B' with importer (ScriptedImporter : UnityEditor.QuickSearchModule:UnityEditor.Search:ASIAI0B)
Imported 'GUID: fb8845c10261f47d0a719ac80481e667' -> (Import Result ID: '1db4ffc1919dbd7262b418349791013e') in 0.004 seconds [static and dynamic dependencies]. Details - ImportResultOutputID=b4e537adff73475c54d89f5e1c9ef060 DependenciesID=ddc3441f3a3add0cb8ae6abcafcac68f StaticDependenciesID=f3fee6475c490de77394ba325c808f1c 
Number of updated asset objects reloaded before import = 0
Number of asset objects unloaded after import = 0
========================================================================
Received Import Request.
  Time of request: 2026-08-21T02:53:31.2592222Z
  Time since last request: 0.0005051 seconds.
  importAddress: GUID: 49a3a90a50f5fbf4ba608b8e4afe373a - Path: Packages/com.unity.shadergraph/Editor/Data/Nodes/Input/Texture/ProceduralVirtualTextureNode.cs - Importer: ScriptedImporter/UnityEditor.QuickSearchModule:UnityEditor.Search:ASIAI0B
Importing 'GUID: 49a3a90a50f5fbf4ba608b8e4afe373a - Path: Packages/com.unity.shadergraph/Editor/Data/Nodes/Input/Texture/ProceduralVirtualTextureNode.cs - Importer: ScriptedImporter/UnityEditor.QuickSearchModule:UnityEditor.Search:ASIAI0B' with importer (ScriptedImporter : UnityEditor.QuickSearchModule:UnityEditor.Search:ASIAI0B)
Imported 'GUID: 49a3a90a50f5fbf4ba608b8e4afe373a' -> (Import Result ID: '3574e88245ffc410ce891a89dabbc98f') in 0.005 seconds [static and dynamic dependencies]. Details - ImportResultOutputID=6e4fd1779418aa84450febe70c06c014 DependenciesID=562b695e24cd4ea5c13868bb8178d52a StaticDependenciesID=5d9b657cd298892eb22d8b2acf530a14 
Number of updated asset objects reloaded before import = 0
Number of asset objects unloaded after import = 0
========================================================================
Received Import Request.
  Time of request: 2026-08-21T02:53:31.2774682Z
  Time since last request: 0.0004812 seconds.
  importAddress: GUID: 6eaeb9c846408f74daeadcc3314810e4 - Path: Packages/com.unity.shadergraph/Editor/Data/Nodes/Input/Texture/SampleCubemapNode.cs - Importer: ScriptedImporter/UnityEditor.QuickSearchModule:UnityEditor.Search:ASIAI0B
Importing 'GUID: 6eaeb9c846408f74daeadcc3314810e4 - Path: Packages/com.unity.shadergraph/Editor/Data/Nodes/Input/Texture/SampleCubemapNode.cs - Importer: ScriptedImporter/UnityEditor.QuickSearchModule:UnityEditor.Search:ASIAI0B' with importer (ScriptedImporter : UnityEditor.QuickSearchModule:UnityEditor.Search:ASIAI0B)
Imported 'GUID: 6eaeb9c846408f74daeadcc3314810e4' -> (Import Result ID: '08000f925146690989fc341b8a7c3277') in 0.006 seconds [static and dynamic dependencies]. Details - ImportResultOutputID=7bf2bc3f365575cc3b5353144343c3af DependenciesID=c6d69cd922c02fe6d4a940698e8cddb4 StaticDependenciesID=5c3f3f50e744936824a104a23d7c0669 
Number of updated asset objects reloaded before import = 0
Number of asset objects unloaded after import = 0
========================================================================
Received Import Request.
  Time of request: 2026-08-21T02:53:31.2963994Z
  Time since last request: 0.0003882 seconds.
  importAddress: GUID: 63a4eb4870867294b853936861492f5e - Path: Packages/com.unity.shadergraph/Editor/Data/Nodes/Input/Scene/SceneDepthDifferenceNode.cs - Importer: ScriptedImporter/UnityEditor.QuickSearchModule:UnityEditor.Search:ASIAI0B
Importing 'GUID: 63a4eb4870867294b853936861492f5e - Path: Packages/com.unity.shadergraph/Editor/Data/Nodes/Input/Scene/SceneDepthDifferenceNode.cs - Importer: ScriptedImporter/UnityEditor.QuickSearchModule:UnityEditor.Search:ASIAI0B' with importer (ScriptedImporter : UnityEditor.QuickSearchModule:UnityEditor.Search:ASIAI0B)
Imported 'GUID: 63a4eb4870867294b853936861492f5e' -> (Import Result ID: '19a694f6040b677c061df00f4d519e9b') in 0.005 seconds [static and dynamic dependencies]. Details - ImportResultOutputID=450b54e71a110569a7a49badf373298c DependenciesID=cc1f8f55cfdf1e8e696dbe07406f2057 StaticDependenciesID=16c054782da454c35d89bdf00a692ec9 
Number of updated asset objects reloaded before import = 0
Number of asset objects unloaded after import = 0
========================================================================
Received Import Request.
  Time of request: 2026-08-21T02:53:31.3131708Z
  Time since last request: 0.0003881 seconds.
  importAddress: GUID: 1c399b7101e358243b51be6c8482c892 - Path: Packages/com.unity.shadergraph/Editor/Data/Nodes/Input/UI/ElementLayoutUVNode.cs - Importer: ScriptedImporter/UnityEditor.QuickSearchModule:UnityEditor.Search:ASIAI0B
Importing 'GUID: 1c399b7101e358243b51be6c8482c892 - Path: Packages/com.unity.shadergraph/Editor/Data/Nodes/Input/UI/ElementLayoutUVNode.cs - Importer: ScriptedImporter/UnityEditor.QuickSearchModule:UnityEditor.Search:ASIAI0B' with importer (ScriptedImporter : UnityEditor.QuickSearchModule:UnityEditor.Search:ASIAI0B)
Imported 'GUID: 1c399b7101e358243b51be6c8482c892' -> (Import Result ID: 'd748866d0b6da6456fbd49a5c7b9b797') in 0.005 seconds [static and dynamic dependencies]. Details - ImportResultOutputID=2c23836403d3beca831259221c4297f0 DependenciesID=738da0726bb21193b9f5305e62380e8d StaticDependenciesID=ec0455f781e4ca451d657c51fbd559b9 
Number of updated asset objects reloaded before import = 0
Number of asset objects unloaded after import = 0
========================================================================
Received Import Request.
  Time of request: 2026-08-21T02:53:31.3484778Z
  Time since last request: 0.0185729 seconds.
  importAddress: GUID: 5e7048f6323341547955eab30f96151f - Path: Packages/com.unity.shadergraph/Editor/Data/Nodes/Math/Range/RandomRangeNode.cs - Importer: ScriptedImporter/UnityEditor.QuickSearchModule:UnityEditor.Search:ASIAI0B
Importing 'GUID: 5e7048f6323341547955eab30f96151f - Path: Packages/com.unity.shadergraph/Editor/Data/Nodes/Math/Range/RandomRangeNode.cs - Importer: ScriptedImporter/UnityEditor.QuickSearchModule:UnityEditor.Search:ASIAI0B' with importer (ScriptedImporter : UnityEditor.QuickSearchModule:UnityEditor.Search:ASIAI0B)
Imported 'GUID: 5e7048f6323341547955eab30f96151f' -> (Import Result ID: 'e48edf09a854be2b22d8264ff0158da2') in 0.005 seconds [static and dynamic dependencies]. Details - ImportResultOutputID=7ee13fbe66ce8fe06531091b8174aed7 DependenciesID=81ff68d6382549d091b135a6d84bb586 StaticDependenciesID=6bed24becc60b6f06838ea26c8954566 
Number of updated asset objects reloaded before import = 0
Number of asset objects unloaded after import = 0
========================================================================
Received Import Request.
  Time of request: 2026-08-21T02:53:31.363959Z
  Time since last request: 0.0007271 seconds.
  importAddress: GUID: 088fb5bde3ece0f4190136b3ab43f7c4 - Path: Packages/com.unity.shadergraph/Editor/Data/Nodes/Math/Basic/MultiplyNode.cs - Importer: ScriptedImporter/UnityEditor.QuickSearchModule:UnityEditor.Search:ASIAI0B
Importing 'GUID: 088fb5bde3ece0f4190136b3ab43f7c4 - Path: Packages/com.unity.shadergraph/Editor/Data/Nodes/Math/Basic/MultiplyNode.cs - Importer: ScriptedImporter/UnityEditor.QuickSearchModule:UnityEditor.Search:ASIAI0B' with importer (ScriptedImporter : UnityEditor.QuickSearchModule:UnityEditor.Search:ASIAI0B)
Imported 'GUID: 088fb5bde3ece0f4190136b3ab43f7c4' -> (Import Result ID: 'a20f8fba76a96c859b48fea97c4d817b') in 0.004 seconds [static and dynamic dependencies]. Details - ImportResultOutputID=17b48561753281c386b2c38ac0c1d30c DependenciesID=47f2a04df3a1df350cbd366efad4c6e3 StaticDependenciesID=4924c6e350990148303ff657fb6eaa7c 
Number of updated asset objects reloaded before import = 0
Number of asset objects unloaded after import = 0
========================================================================
Received Import Request.
  Time of request: 2026-08-21T02:53:31.3794641Z
  Time since last request: 0.0003813 seconds.
  importAddress: GUID: b58e88ce87f05b241b7dc5d9a31bac69 - Path: Packages/com.unity.shadergraph/Editor/Data/Nodes/Math/Range/ClampNode.cs - Importer: ScriptedImporter/UnityEditor.QuickSearchModule:UnityEditor.Search:ASIAI0B
Importing 'GUID: b58e88ce87f05b241b7dc5d9a31bac69 - Path: Packages/com.unity.shadergraph/Editor/Data/Nodes/Math/Range/ClampNode.cs - Importer: ScriptedImporter/UnityEditor.QuickSearchModule:UnityEditor.Search:ASIAI0B' with importer (ScriptedImporter : UnityEditor.QuickSearchModule:UnityEditor.Search:ASIAI0B)
Imported 'GUID: b58e88ce87f05b241b7dc5d9a31bac69' -> (Import Result ID: '6cd145751b1fbe2d294c7527718d222e') in 0.004 seconds [static and dynamic dependencies]. Details - ImportResultOutputID=60fa60b789fa5aa85219f809ab55bb41 DependenciesID=26841455a292a67b7d685dc26a8f6115 StaticDependenciesID=12973ee35dcf4f8779bba542917e95ff 
Number of updated asset objects reloaded before import = 0
Number of asset objects unloaded after import = 0
========================================================================
Received Import Request.
  Time of request: 2026-08-21T02:53:31.3951844Z
  Time since last request: 0.0005083 seconds.
  importAddress: GUID: 4b496ffd32c22d94bb525897d152da05 - Path: Packages/com.unity.shadergraph/Editor/Data/Nodes/Math/Advanced/AbsoluteNode.cs - Importer: ScriptedImporter/UnityEditor.QuickSearchModule:UnityEditor.Search:ASIAI0B
Importing 'GUID: 4b496ffd32c22d94bb525897d152da05 - Path: Packages/com.unity.shadergraph/Editor/Data/Nodes/Math/Advanced/AbsoluteNode.cs - Importer: ScriptedImporter/UnityEditor.QuickSearchModule:UnityEditor.Search:ASIAI0B' with importer (ScriptedImporter : UnityEditor.QuickSearchModule:UnityEditor.Search:ASIAI0B)
Imported 'GUID: 4b496ffd32c22d94bb525897d152da05' -> (Import Result ID: '4f94881029016c7d9771ed5189b19a75') in 0.005 seconds [static and dynamic dependencies]. Details - ImportResultOutputID=e9547077fed666e26d1c28f3e5171bb6 DependenciesID=1b0c070a231a9ba210c685f0500e45c1 StaticDependenciesID=a5400a5ed80e6e2a8a03661325dd38da 
Number of updated asset objects reloaded before import = 0
Number of asset objects unloaded after import = 0
========================================================================
Received Import Request.
  Time of request: 2026-08-21T02:53:31.4125832Z
  Time since last request: 0.0004574 seconds.
  importAddress: GUID: 7cf458b51c72d4045a820965b8037b9b - Path: Packages/com.unity.shadergraph/Editor/Data/Nodes/Math/Vector/ProjectionNode.cs - Importer: ScriptedImporter/UnityEditor.QuickSearchModule:UnityEditor.Search:ASIAI0B
Importing 'GUID: 7cf458b51c72d4045a820965b8037b9b - Path: Packages/com.unity.shadergraph/Editor/Data/Nodes/Math/Vector/ProjectionNode.cs - Importer: ScriptedImporter/UnityEditor.QuickSearchModule:UnityEditor.Search:ASIAI0B' with importer (ScriptedImporter : UnityEditor.QuickSearchModule:UnityEditor.Search:ASIAI0B)
Imported 'GUID: 7cf458b51c72d4045a820965b8037b9b' -> (Import Result ID: 'e38cd9bdf8d22c2bdfe246312671de74') in 0.004 seconds [static and dynamic dependencies]. Details - ImportResultOutputID=e37bea6a598dc357e8a6417c4c90a7f3 DependenciesID=36b854c88886449f89ec66a3f1757ee8 StaticDependenciesID=1e49a9d4fd517dfb29fb5490d669c665 
Number of updated asset objects reloaded before import = 0
Number of asset objects unloaded after import = 0
========================================================================
Received Import Request.
  Time of request: 2026-08-21T02:53:31.4284295Z
  Time since last request: 0.0004375 seconds.
  importAddress: GUID: ea3f39b56fc9544ff80cbe84aa0753d0 - Path: Packages/com.unity.shadergraph/Editor/Data/Nodes/Math/Range/OneMinusNode.cs - Importer: ScriptedImporter/UnityEditor.QuickSearchModule:UnityEditor.Search:ASIAI0B
Importing 'GUID: ea3f39b56fc9544ff80cbe84aa0753d0 - Path: Packages/com.unity.shadergraph/Editor/Data/Nodes/Math/Range/OneMinusNode.cs - Importer: ScriptedImporter/UnityEditor.QuickSearchModule:UnityEditor.Search:ASIAI0B' with importer (ScriptedImporter : UnityEditor.QuickSearchModule:UnityEditor.Search:ASIAI0B)
Imported 'GUID: ea3f39b56fc9544ff80cbe84aa0753d0' -> (Import Result ID: 'cb949036785fdad6c1c66078a4f392cc') in 0.005 seconds [static and dynamic dependencies]. Details - ImportResultOutputID=1276fb6bd48aae1e11bc85087963115e DependenciesID=25bbe011aa1718c261262a8ea15ee689 StaticDependenciesID=f21ac2b95218e648d67249d50963f568 
Number of updated asset objects reloaded before import = 0
Number of asset objects unloaded after import = 0
========================================================================
Received Import Request.
  Time of request: 2026-08-21T02:53:31.4453652Z
  Time since last request: 0.0004934 seconds.
  importAddress: GUID: 357a15b35b0cd9e47a66e10c5b627fcd - Path: Packages/com.unity.shadergraph/Editor/Data/Nodes/Math/Basic/AddNode.cs - Importer: ScriptedImporter/UnityEditor.QuickSearchModule:UnityEditor.Search:ASIAI0B
Importing 'GUID: 357a15b35b0cd9e47a66e10c5b627fcd - Path: Packages/com.unity.shadergraph/Editor/Data/Nodes/Math/Basic/AddNode.cs - Importer: ScriptedImporter/UnityEditor.QuickSearchModule:UnityEditor.Search:ASIAI0B' with importer (ScriptedImporter : UnityEditor.QuickSearchModule:UnityEditor.Search:ASIAI0B)
Imported 'GUID: 357a15b35b0cd9e47a66e10c5b627fcd' -> (Import Result ID: 'a2e0996f728b7cb9699d33f11ad06607') in 0.006 seconds [static and dynamic dependencies]. Details - ImportResultOutputID=0f1a52082d2b041c9be4756388e9d63b DependenciesID=f45bed1c48f71b41ec1775b4ade6c633 StaticDependenciesID=48e26fc7f0c759eab8777d832f420991 
Number of updated asset objects reloaded before import = 0
Number of asset objects unloaded after import = 0
========================================================================
Received Import Request.
  Time of request: 2026-08-21T02:53:31.4625895Z
  Time since last request: 0.0003774 seconds.
  importAddress: GUID: 52afae1b1271e864c9c6965dc738c2dd - Path: Packages/com.unity.shadergraph/Editor/Data/Nodes/Math/Advanced/LengthNode.cs - Importer: ScriptedImporter/UnityEditor.QuickSearchModule:UnityEditor.Search:ASIAI0B
Importing 'GUID: 52afae1b1271e864c9c6965dc738c2dd - Path: Packages/com.unity.shadergraph/Editor/Data/Nodes/Math/Advanced/LengthNode.cs - Importer: ScriptedImporter/UnityEditor.QuickSearchModule:UnityEditor.Search:ASIAI0B' with importer (ScriptedImporter : UnityEditor.QuickSearchModule:UnityEditor.Search:ASIAI0B)
Imported 'GUID: 52afae1b1271e864c9c6965dc738c2dd' -> (Import Result ID: 'fc49d29b013258ce710c856c5bc5c8c0') in 0.006 seconds [static and dynamic dependencies]. Details - ImportResultOutputID=2140827ad8042d28a2b5a1ef4edd5b3c DependenciesID=cbfe72828693ca0ed8689b32523895bb StaticDependenciesID=032d05587570fa2f47e5e4b5cca888bc 
Number of updated asset objects reloaded before import = 0
Number of asset objects unloaded after import = 0
========================================================================
Received Import Request.
  Time of request: 2026-08-21T02:53:31.4785452Z
  Time since last request: 0.0004181 seconds.
  importAddress: GUID: 30f44257fb54ebf48908aef7ecc9b285 - Path: Packages/com.unity.shadergraph/Editor/Data/Nodes/Math/Trigonometry/DegreesToRadiansNode.cs - Importer: ScriptedImporter/UnityEditor.QuickSearchModule:UnityEditor.Search:ASIAI0B
Importing 'GUID: 30f44257fb54ebf48908aef7ecc9b285 - Path: Packages/com.unity.shadergraph/Editor/Data/Nodes/Math/Trigonometry/DegreesToRadiansNode.cs - Importer: ScriptedImporter/UnityEditor.QuickSearchModule:UnityEditor.Search:ASIAI0B' with importer (ScriptedImporter : UnityEditor.QuickSearchModule:UnityEditor.Search:ASIAI0B)
Imported 'GUID: 30f44257fb54ebf48908aef7ecc9b285' -> (Import Result ID: 'bdeacea7e60a3dab913cb97ca89fcd64') in 0.004 seconds [static and dynamic dependencies]. Details - ImportResultOutputID=c9b974837ad908d02f88017847d9460d DependenciesID=2264d77f76eacffdb84316226306883d StaticDependenciesID=49ec96a078d1bfbd41c0fcc611f3bc5b 
Number of updated asset objects reloaded before import = 0
Number of asset objects unloaded after import = 0
========================================================================
Received Import Request.
  Time of request: 2026-08-21T02:53:31.4925576Z
  Time since last request: 0.0003678 seconds.
  importAddress: GUID: 3673593934a8a544294ca6398a7cc6cb - Path: Packages/com.unity.shadergraph/Editor/Data/Nodes/Math/Trigonometry/RadiansToDegreesNode.cs - Importer: ScriptedImporter/UnityEditor.QuickSearchModule:UnityEditor.Search:ASIAI0B
Importing 'GUID: 3673593934a8a544294ca6398a7cc6cb - Path: Packages/com.unity.shadergraph/Editor/Data/Nodes/Math/Trigonometry/RadiansToDegreesNode.cs - Importer: ScriptedImporter/UnityEditor.QuickSearchModule:UnityEditor.Search:ASIAI0B' with importer (ScriptedImporter : UnityEditor.QuickSearchModule:UnityEditor.Search:ASIAI0B)
Imported 'GUID: 3673593934a8a544294ca6398a7cc6cb' -> (Import Result ID: 'b30359f5a9dd59c034a7e7bb66bbf17a') in 0.005 seconds [static and dynamic dependencies]. Details - ImportResultOutputID=459db0118c4ca81fb7720e8363999285 DependenciesID=9d35a09c2e058ca09642992c8da3236b StaticDependenciesID=759449053771ab3ee62dcc9f6cf7b425 
Number of updated asset objects reloaded before import = 0
Number of asset objects unloaded after import = 0
========================================================================
Received Import Request.
  Time of request: 2026-08-21T02:53:31.5070257Z
  Time since last request: 0.0002673 seconds.
  importAddress: GUID: 7f3857db61fc34eaabd871901ae5a2b6 - Path: Packages/com.unity.shadergraph/Editor/Data/Nodes/Math/Matrix/MatrixConstructionNode.cs - Importer: ScriptedImporter/UnityEditor.QuickSearchModule:UnityEditor.Search:ASIAI0B
Importing 'GUID: 7f3857db61fc34eaabd871901ae5a2b6 - Path: Packages/com.unity.shadergraph/Editor/Data/Nodes/Math/Matrix/MatrixConstructionNode.cs - Importer: ScriptedImporter/UnityEditor.QuickSearchModule:UnityEditor.Search:ASIAI0B' with importer (ScriptedImporter : UnityEditor.QuickSearchModule:UnityEditor.Search:ASIAI0B)
Imported 'GUID: 7f3857db61fc34eaabd871901ae5a2b6' -> (Import Result ID: 'a0e3f807da57cf8994a80bd54554a022') in 0.004 seconds [static and dynamic dependencies]. Details - ImportResultOutputID=485b20e5d1197cc39b924b913098d43d DependenciesID=9059ebfa3dc5bba2c93bc45849251ab1 StaticDependenciesID=ce0ddaeac541a9a9685396d7310cbf21 
Number of updated asset objects reloaded before import = 0
Number of asset objects unloaded after import = 0
========================================================================
Received Import Request.
  Time of request: 2026-08-21T02:53:31.5240698Z
  Time since last request: 0.0003387 seconds.
  importAddress: GUID: 03c297b39ff293f4ebc923eb7e60a565 - Path: Packages/com.unity.shadergraph/Editor/Data/Nodes/Math/Round/RoundNode.cs - Importer: ScriptedImporter/UnityEditor.QuickSearchModule:UnityEditor.Search:ASIAI0B
Importing 'GUID: 03c297b39ff293f4ebc923eb7e60a565 - Path: Packages/com.unity.shadergraph/Editor/Data/Nodes/Math/Round/RoundNode.cs - Importer: ScriptedImporter/UnityEditor.QuickSearchModule:UnityEditor.Search:ASIAI0B' with importer (ScriptedImporter : UnityEditor.QuickSearchModule:UnityEditor.Search:ASIAI0B)
Imported 'GUID: 03c297b39ff293f4ebc923eb7e60a565' -> (Import Result ID: '778286fd7f024af45035b9c588e7883a') in 0.004 seconds [static and dynamic dependencies]. Details - ImportResultOutputID=f8a7748d7c753e4cfe6a10adaefd883a DependenciesID=168419a76697a60a8bca04e9b6b7fce1 StaticDependenciesID=bfbc86eb6a69c117b7476bb3e21b7abb 
Number of updated asset objects reloaded before import = 0
Number of asset objects unloaded after import = 0
========================================================================
Received Import Request.
  Time of request: 2026-08-21T02:53:31.538284Z
  Time since last request: 0.0003721 seconds.
  importAddress: GUID: af47cc48edd11514ba0c965aae166f2f - Path: Packages/com.unity.shadergraph/Editor/Data/Nodes/Math/Round/StepNode.cs - Importer: ScriptedImporter/UnityEditor.QuickSearchModule:UnityEditor.Search:ASIAI0B
Importing 'GUID: af47cc48edd11514ba0c965aae166f2f - Path: Packages/com.unity.shadergraph/Editor/Data/Nodes/Math/Round/StepNode.cs - Importer: ScriptedImporter/UnityEditor.QuickSearchModule:UnityEditor.Search:ASIAI0B' with importer (ScriptedImporter : UnityEditor.QuickSearchModule:UnityEditor.Search:ASIAI0B)
Imported 'GUID: af47cc48edd11514ba0c965aae166f2f' -> (Import Result ID: '5c0888b18d6eff3100c0b846b26162e6') in 0.005 seconds [static and dynamic dependencies]. Details - ImportResultOutputID=0a2226f02accf4683947f79e4058d92f DependenciesID=de89694f63e144087de51a94c4faa5df StaticDependenciesID=1ebf191f862b52460424c2c32d54d405 
Number of updated asset objects reloaded before import = 0
Number of asset objects unloaded after import = 0
========================================================================
Received Import Request.
  Time of request: 2026-08-21T02:53:31.5532143Z
  Time since last request: 0.000438 seconds.
  importAddress: GUID: 9db0fbefda58761488455432f3133271 - Path: Packages/com.unity.shadergraph/Editor/Data/Nodes/Math/Trigonometry/ArctangentNode.cs - Importer: ScriptedImporter/UnityEditor.QuickSearchModule:UnityEditor.Search:ASIAI0B
Importing 'GUID: 9db0fbefda58761488455432f3133271 - Path: Packages/com.unity.shadergraph/Editor/Data/Nodes/Math/Trigonometry/ArctangentNode.cs - Importer: ScriptedImporter/UnityEditor.QuickSearchModule:UnityEditor.Search:ASIAI0B' with importer (ScriptedImporter : UnityEditor.QuickSearchModule:UnityEditor.Search:ASIAI0B)
Imported 'GUID: 9db0fbefda58761488455432f3133271' -> (Import Result ID: 'd96ad68d5cdf9d84429d6d35baa6fecb') in 0.004 seconds [static and dynamic dependencies]. Details - ImportResultOutputID=2d9b316773a0de0837ca3d472485e0d7 DependenciesID=7637295253a9f166d45dde0d8e0bcd4e StaticDependenciesID=f1f7a9be9b2951120987f31942f64101 
Number of updated asset objects reloaded before import = 0
Number of asset objects unloaded after import = 0
========================================================================
Received Import Request.
  Time of request: 2026-08-21T02:53:31.5680438Z
  Time since last request: 0.0003339 seconds.
  importAddress: GUID: 1de46e012f3608843978529b36704c2b - Path: Packages/com.unity.shadergraph/Editor/Data/Nodes/Math/Range/MaximumNode.cs - Importer: ScriptedImporter/UnityEditor.QuickSearchModule:UnityEditor.Search:ASIAI0B
Importing 'GUID: 1de46e012f3608843978529b36704c2b - Path: Packages/com.unity.shadergraph/Editor/Data/Nodes/Math/Range/MaximumNode.cs - Importer: ScriptedImporter/UnityEditor.QuickSearchModule:UnityEditor.Search:ASIAI0B' with importer (ScriptedImporter : UnityEditor.QuickSearchModule:UnityEditor.Search:ASIAI0B)
Imported 'GUID: 1de46e012f3608843978529b36704c2b' -> (Import Result ID: '7c2e0fb07b2cfc145241082060000106') in 0.004 seconds [static and dynamic dependencies]. Details - ImportResultOutputID=712d44b61b23941e875e00c0b1def689 DependenciesID=9454d5e0b03340c09c652a3cdf7c0c4d StaticDependenciesID=ab7ce42a621658078b48ab0c05e6ce1b 
Number of updated asset objects reloaded before import = 0
Number of asset objects unloaded after import = 0
========================================================================
Received Import Request.
  Time of request: 2026-08-21T02:53:31.5825289Z
  Time since last request: 0.0003188 seconds.
  importAddress: GUID: f13ae4db3be37ef4bbb46a37782ecd1a - Path: Packages/com.unity.shadergraph/Editor/Data/Nodes/Math/Derivative/DDXNode.cs - Importer: ScriptedImporter/UnityEditor.QuickSearchModule:UnityEditor.Search:ASIAI0B
Importing 'GUID: f13ae4db3be37ef4bbb46a37782ecd1a - Path: Packages/com.unity.shadergraph/Editor/Data/Nodes/Math/Derivative/DDXNode.cs - Importer: ScriptedImporter/UnityEditor.QuickSearchModule:UnityEditor.Search:ASIAI0B' with importer (ScriptedImporter : UnityEditor.QuickSearchModule:UnityEditor.Search:ASIAI0B)
Imported 'GUID: f13ae4db3be37ef4bbb46a37782ecd1a' -> (Import Result ID: 'db722b0cc3bb4e96ae5306276b67e97b') in 0.004 seconds [static and dynamic dependencies]. Details - ImportResultOutputID=00d9405544c4ee93f78d6c08d5d111a7 DependenciesID=deb65d74540d8eb18486015df66051c1 StaticDependenciesID=edf8c1a949c12ec1fcd7389c92700d83 
Number of updated asset objects reloaded before import = 0
Number of asset objects unloaded after import = 0
========================================================================
Received Import Request.
  Time of request: 2026-08-21T02:53:31.6033288Z
  Time since last request: 0.0067437 seconds.
  importAddress: GUID: e01bb373f731e2946bb996c6b980c1ab - Path: Packages/com.unity.shadergraph/Editor/Generation/Targets/BuiltIn/ShaderLibrary/Core.hlsl - Importer: ScriptedImporter/UnityEditor.QuickSearchModule:UnityEditor.Search:ASIAI0B
Importing 'GUID: e01bb373f731e2946bb996c6b980c1ab - Path: Packages/com.unity.shadergraph/Editor/Generation/Targets/BuiltIn/ShaderLibrary/Core.hlsl - Importer: ScriptedImporter/UnityEditor.QuickSearchModule:UnityEditor.Search:ASIAI0B' with importer (ScriptedImporter : UnityEditor.QuickSearchModule:UnityEditor.Search:ASIAI0B)
Imported 'GUID: e01bb373f731e2946bb996c6b980c1ab' -> (Import Result ID: '4ae5c2e397f91300162839c049468d20') in 0.008 seconds [static and dynamic dependencies]. Details - ImportResultOutputID=86faae958e8dbe97d866f1908b355e76 DependenciesID=73d860f574333118c50bc83f1f364b95 StaticDependenciesID=9e1a27c0dc004340f031040ed7dae21e 
Number of updated asset objects reloaded before import = 0
Number of asset objects unloaded after import = 1
========================================================================
Received Import Request.
  Time of request: 2026-08-21T02:53:31.6209763Z
  Time since last request: 0.0002437 seconds.
  importAddress: GUID: 51db4cfe7bc15d249a840d3643e41b7a - Path: Packages/com.unity.shadergraph/Editor/Generation/Targets/BuiltIn/ShaderLibrary/MetaInput.hlsl - Importer: ScriptedImporter/UnityEditor.QuickSearchModule:UnityEditor.Search:ASIAI0B
Importing 'GUID: 51db4cfe7bc15d249a840d3643e41b7a - Path: Packages/com.unity.shadergraph/Editor/Generation/Targets/BuiltIn/ShaderLibrary/MetaInput.hlsl - Importer: ScriptedImporter/UnityEditor.QuickSearchModule:UnityEditor.Search:ASIAI0B' with importer (ScriptedImporter : UnityEditor.QuickSearchModule:UnityEditor.Search:ASIAI0B)
Imported 'GUID: 51db4cfe7bc15d249a840d3643e41b7a' -> (Import Result ID: 'dc7fd4cd2e44addcf671cf838d2fa194') in 0.004 seconds [static and dynamic dependencies]. Details - ImportResultOutputID=ee3e6745a53962dfc4dbd4209d2023f4 DependenciesID=a235821bd5d670ac9e2e182df249f794 StaticDependenciesID=276a246582381ec23e185fff187aea6d 
Number of updated asset objects reloaded before import = 0
Number of asset objects unloaded after import = 1
========================================================================
Received Import Request.
  Time of request: 2026-08-21T02:53:31.6346972Z
  Time since last request: 0.0004733 seconds.
  importAddress: GUID: 0de8792ff52727f44925b54be00b9f18 - Path: Packages/com.unity.shadergraph/Editor/Generation/Targets/Fullscreen/Includes/CustomRenderTexture.hlsl - Importer: ScriptedImporter/UnityEditor.QuickSearchModule:UnityEditor.Search:ASIAI0B
Importing 'GUID: 0de8792ff52727f44925b54be00b9f18 - Path: Packages/com.unity.shadergraph/Editor/Generation/Targets/Fullscreen/Includes/CustomRenderTexture.hlsl - Importer: ScriptedImporter/UnityEditor.QuickSearchModule:UnityEditor.Search:ASIAI0B' with importer (ScriptedImporter : UnityEditor.QuickSearchModule:UnityEditor.Search:ASIAI0B)
Imported 'GUID: 0de8792ff52727f44925b54be00b9f18' -> (Import Result ID: 'f62b2ab0459bfe93efcfb57e4e6c0552') in 0.005 seconds [static and dynamic dependencies]. Details - ImportResultOutputID=c9d619efd29315cf6ac15753dec753cd DependenciesID=ccde9577864fe1deeb15e80296249e06 StaticDependenciesID=87cd37c593b051c6cb49f39536587f39 
Number of updated asset objects reloaded before import = 0
Number of asset objects unloaded after import = 1
========================================================================
Received Import Request.
  Time of request: 2026-08-21T02:53:31.6500491Z
  Time since last request: 0.0006347 seconds.
  importAddress: GUID: 639247ca83abc874e893eb93af2b5e44 - Path: Packages/com.unity.shadergraph/Editor/Generation/Targets/BuiltIn/Editor/AssetVersion.cs - Importer: ScriptedImporter/UnityEditor.QuickSearchModule:UnityEditor.Search:ASIAI0B
Importing 'GUID: 639247ca83abc874e893eb93af2b5e44 - Path: Packages/com.unity.shadergraph/Editor/Generation/Targets/BuiltIn/Editor/AssetVersion.cs - Importer: ScriptedImporter/UnityEditor.QuickSearchModule:UnityEditor.Search:ASIAI0B' with importer (ScriptedImporter : UnityEditor.QuickSearchModule:UnityEditor.Search:ASIAI0B)
Imported 'GUID: 639247ca83abc874e893eb93af2b5e44' -> (Import Result ID: '931c691839561844ef94d1d5bbbdd4c7') in 0.010 seconds [static and dynamic dependencies]. Details - ImportResultOutputID=3f0d870088a97f59cb5fb848342e14da DependenciesID=042084b437e7177ddc296ab512ba8974 StaticDependenciesID=321f308700eedfa8d564cb12b02f535b 
Number of updated asset objects reloaded before import = 0
Number of asset objects unloaded after import = 0
========================================================================
Received Import Request.
  Time of request: 2026-08-21T02:53:31.6710209Z
  Time since last request: 0.0004195 seconds.
  importAddress: GUID: c1931467a12255f489f3c72e4aa99ade - Path: Packages/com.unity.shadergraph/Editor/Generation/Targets/Fullscreen/Includes/FullscreenBlit.hlsl - Importer: ScriptedImporter/UnityEditor.QuickSearchModule:UnityEditor.Search:ASIAI0B
Importing 'GUID: c1931467a12255f489f3c72e4aa99ade - Path: Packages/com.unity.shadergraph/Editor/Generation/Targets/Fullscreen/Includes/FullscreenBlit.hlsl - Importer: ScriptedImporter/UnityEditor.QuickSearchModule:UnityEditor.Search:ASIAI0B' with importer (ScriptedImporter : UnityEditor.QuickSearchModule:UnityEditor.Search:ASIAI0B)
Imported 'GUID: c1931467a12255f489f3c72e4aa99ade' -> (Import Result ID: '24ad5a78f393e22fbdaae70ffd4c5379') in 0.006 seconds [static and dynamic dependencies]. Details - ImportResultOutputID=58dd804334e2dd307d37aacc8b4c95fc DependenciesID=ddae69b430ee527c243f6823453dcaa2 StaticDependenciesID=dfc0be815ef99da2e0adfcf19c31dd2f 
Number of updated asset objects reloaded before import = 0
Number of asset objects unloaded after import = 1
========================================================================
Received Import Request.
  Time of request: 2026-08-21T02:53:31.6883981Z
  Time since last request: 0.0002843 seconds.
  importAddress: GUID: 9b185d0244daaf94894ec0689c057a42 - Path: Packages/com.unity.shadergraph/Editor/Generation/Targets/BuiltIn/ShaderLibrary/ShaderVariablesFunctions.hlsl - Importer: ScriptedImporter/UnityEditor.QuickSearchModule:UnityEditor.Search:ASIAI0B
Importing 'GUID: 9b185d0244daaf94894ec0689c057a42 - Path: Packages/com.unity.shadergraph/Editor/Generation/Targets/BuiltIn/ShaderLibrary/ShaderVariablesFunctions.hlsl - Importer: ScriptedImporter/UnityEditor.QuickSearchModule:UnityEditor.Search:ASIAI0B' with importer (ScriptedImporter : UnityEditor.QuickSearchModule:UnityEditor.Search:ASIAI0B)
Imported 'GUID: 9b185d0244daaf94894ec0689c057a42' -> (Import Result ID: '1f76cef5e1cbfaad3883d4f4eab8e19c') in 0.005 seconds [static and dynamic dependencies]. Details - ImportResultOutputID=c9de9fc6c4fdb60c7f60fdfff19a7637 DependenciesID=ba7ef8c0e4ec71915c341291956deec2 StaticDependenciesID=17884b347a8f0c50d15c761147fa481d 
Number of updated asset objects reloaded before import = 0
Number of asset objects unloaded after import = 1
========================================================================
Received Import Request.
  Time of request: 2026-08-21T02:53:31.7047721Z
  Time since last request: 0.0007259 seconds.
  importAddress: GUID: 88329a10539cce1418e6aa8c8b62c896 - Path: Packages/com.unity.shadergraph/Editor/Generation/Targets/BuiltIn/ShaderLibrary/SurfaceData.hlsl - Importer: ScriptedImporter/UnityEditor.QuickSearchModule:UnityEditor.Search:ASIAI0B
Importing 'GUID: 88329a10539cce1418e6aa8c8b62c896 - Path: Packages/com.unity.shadergraph/Editor/Generation/Targets/BuiltIn/ShaderLibrary/SurfaceData.hlsl - Importer: ScriptedImporter/UnityEditor.QuickSearchModule:UnityEditor.Search:ASIAI0B' with importer (ScriptedImporter : UnityEditor.QuickSearchModule:UnityEditor.Search:ASIAI0B)
Imported 'GUID: 88329a10539cce1418e6aa8c8b62c896' -> (Import Result ID: 'ad22074e119a3ac2a5c8d8e73bb08e14') in 0.004 seconds [static and dynamic dependencies]. Details - ImportResultOutputID=ec282e6e21c41ecd49915fe44c1a4bf1 DependenciesID=e4ff861b3273b9f6ac91cdc24e27b333 StaticDependenciesID=7051f1df017091b129671b57560b56cd 
Number of updated asset objects reloaded before import = 0
Number of asset objects unloaded after import = 1
========================================================================
Received Import Request.
  Time of request: 2026-08-21T02:53:31.7185882Z
  Time since last request: 0.0003444 seconds.
  importAddress: GUID: 01fb2e405de427a47bbd366ee75d1772 - Path: Packages/com.unity.shadergraph/Editor/Generation/Targets/BuiltIn/Editor/ShaderUtils.cs - Importer: ScriptedImporter/UnityEditor.QuickSearchModule:UnityEditor.Search:ASIAI0B
Importing 'GUID: 01fb2e405de427a47bbd366ee75d1772 - Path: Packages/com.unity.shadergraph/Editor/Generation/Targets/BuiltIn/Editor/ShaderUtils.cs - Importer: ScriptedImporter/UnityEditor.QuickSearchModule:UnityEditor.Search:ASIAI0B' with importer (ScriptedImporter : UnityEditor.QuickSearchModule:UnityEditor.Search:ASIAI0B)
Imported 'GUID: 01fb2e405de427a47bbd366ee75d1772' -> (Import Result ID: '04e36f0ddd3846c3cb6b22cac59d7c5a') in 0.005 seconds [static and dynamic dependencies]. Details - ImportResultOutputID=51107854df58cf2c9f37ff20063a4bb9 DependenciesID=298285f8ec7c56fbe76a109f91a847e5 StaticDependenciesID=d65111fd7d9100934c14b00b6705c231 
Number of updated asset objects reloaded before import = 0
Number of asset objects unloaded after import = 0
========================================================================
Received Import Request.
  Time of request: 2026-08-21T02:53:31.7368692Z
  Time since last request: 0.0004713 seconds.
  importAddress: GUID: be7845eb62257564492a5c3ba1d0d181 - Path: Packages/com.unity.shadergraph/Editor/Data/Nodes/Utility/Logic/BranchOnInputConnection.cs - Importer: ScriptedImporter/UnityEditor.QuickSearchModule:UnityEditor.Search:ASIAI0B
Importing 'GUID: be7845eb62257564492a5c3ba1d0d181 - Path: Packages/com.unity.shadergraph/Editor/Data/Nodes/Utility/Logic/BranchOnInputConnection.cs - Importer: ScriptedImporter/UnityEditor.QuickSearchModule:UnityEditor.Search:ASIAI0B' with importer (ScriptedImporter : UnityEditor.QuickSearchModule:UnityEditor.Search:ASIAI0B)
Imported 'GUID: be7845eb62257564492a5c3ba1d0d181' -> (Import Result ID: '190f713da3e0b70957d3e3d060dadfbf') in 0.005 seconds [static and dynamic dependencies]. Details - ImportResultOutputID=6928b772cfca5cc21d9b17476e948cc5 DependenciesID=17b9442342c25cf5b9c70955414fffa1 StaticDependenciesID=231375cef66288c24562aa269fda8227 
Number of updated asset objects reloaded before import = 0
Number of asset objects unloaded after import = 0
========================================================================
Received Import Request.
  Time of request: 2026-08-21T02:53:31.7518418Z
  Time since last request: 0.0003388 seconds.
  importAddress: GUID: 34929a6d0bb40407fb00206ab0a10fa1 - Path: Packages/com.unity.shadergraph/Editor/Data/Nodes/Utility/Logic/AndNode.cs - Importer: ScriptedImporter/UnityEditor.QuickSearchModule:UnityEditor.Search:ASIAI0B
Importing 'GUID: 34929a6d0bb40407fb00206ab0a10fa1 - Path: Packages/com.unity.shadergraph/Editor/Data/Nodes/Utility/Logic/AndNode.cs - Importer: ScriptedImporter/UnityEditor.QuickSearchModule:UnityEditor.Search:ASIAI0B' with importer (ScriptedImporter : UnityEditor.QuickSearchModule:UnityEditor.Search:ASIAI0B)
Imported 'GUID: 34929a6d0bb40407fb00206ab0a10fa1' -> (Import Result ID: 'bf55b15f23f2d43a621a48c0d29a0214') in 0.004 seconds [static and dynamic dependencies]. Details - ImportResultOutputID=b937896935f9081f571d5e016bb6081d DependenciesID=0cbb35cb25a3980d492689161ecc1dc0 StaticDependenciesID=f49575f0aa4774d99c5f20d49e59acc6 
Number of updated asset objects reloaded before import = 0
Number of asset objects unloaded after import = 0
========================================================================
Received Import Request.
  Time of request: 2026-08-21T02:53:31.7675739Z
  Time since last request: 0.0004074 seconds.
  importAddress: GUID: 4273cde13e0f6f9428ee53ed68036d6a - Path: Packages/com.unity.shadergraph/Editor/Generation/Targets/BuiltIn/ShaderLibrary/Particles.hlsl - Importer: ScriptedImporter/UnityEditor.QuickSearchModule:UnityEditor.Search:ASIAI0B
Importing 'GUID: 4273cde13e0f6f9428ee53ed68036d6a - Path: Packages/com.unity.shadergraph/Editor/Generation/Targets/BuiltIn/ShaderLibrary/Particles.hlsl - Importer: ScriptedImporter/UnityEditor.QuickSearchModule:UnityEditor.Search:ASIAI0B' with importer (ScriptedImporter : UnityEditor.QuickSearchModule:UnityEditor.Search:ASIAI0B)
Imported 'GUID: 4273cde13e0f6f9428ee53ed68036d6a' -> (Import Result ID: '2da1b407cc8d75b80d63c14cc557aada') in 0.005 seconds [static and dynamic dependencies]. Details - ImportResultOutputID=2d476b8ee9dd696080890f327373859f DependenciesID=8501506807e08b6ce93e37dc51cea7fa StaticDependenciesID=941799014c5c455ba1034824091fc71c 
Number of updated asset objects reloaded before import = 0
Number of asset objects unloaded after import = 1
========================================================================
Received Import Request.
  Time of request: 2026-08-21T02:53:31.7834358Z
  Time since last request: 0.0003116 seconds.
  importAddress: GUID: 6beb50d076c894d12a3a5fca04d4cd4b - Path: Packages/com.unity.shadergraph/Editor/Generation/Targets/BuiltIn/Editor/ShaderPreprocessor.cs - Importer: ScriptedImporter/UnityEditor.QuickSearchModule:UnityEditor.Search:ASIAI0B
Importing 'GUID: 6beb50d076c894d12a3a5fca04d4cd4b - Path: Packages/com.unity.shadergraph/Editor/Generation/Targets/BuiltIn/Editor/ShaderPreprocessor.cs - Importer: ScriptedImporter/UnityEditor.QuickSearchModule:UnityEditor.Search:ASIAI0B' with importer (ScriptedImporter : UnityEditor.QuickSearchModule:UnityEditor.Search:ASIAI0B)
Imported 'GUID: 6beb50d076c894d12a3a5fca04d4cd4b' -> (Import Result ID: 'c02d54c889421085d8ee7e9f6c1390fa') in 0.004 seconds [static and dynamic dependencies]. Details - ImportResultOutputID=b15d19f3390e16012090fbb6b32106af DependenciesID=a67fc98fe9e632ab488601eced3512d9 StaticDependenciesID=fbf2df649fb1a3a4c5e177da9d1202dc 
Number of updated asset objects reloaded before import = 0
Number of asset objects unloaded after import = 0
========================================================================
Received Import Request.
  Time of request: 2026-08-21T02:53:31.7998373Z
  Time since last request: 0.0003469 seconds.
  importAddress: GUID: 0e15b8359c9db4d0ea27f4deab94137e - Path: Packages/com.unity.shadergraph/Editor/Data/Nodes/Utility/Logic/IsNanNode.cs - Importer: ScriptedImporter/UnityEditor.QuickSearchModule:UnityEditor.Search:ASIAI0B
Importing 'GUID: 0e15b8359c9db4d0ea27f4deab94137e - Path: Packages/com.unity.shadergraph/Editor/Data/Nodes/Utility/Logic/IsNanNode.cs - Importer: ScriptedImporter/UnityEditor.QuickSearchModule:UnityEditor.Search:ASIAI0B' with importer (ScriptedImporter : UnityEditor.QuickSearchModule:UnityEditor.Search:ASIAI0B)
Imported 'GUID: 0e15b8359c9db4d0ea27f4deab94137e' -> (Import Result ID: 'bc8c730cb606487e2b0c4f6e144848ea') in 0.005 seconds [static and dynamic dependencies]. Details - ImportResultOutputID=488f975e5f738e85bebf59b75ec04ce8 DependenciesID=ed4a8cd8bdd2d2edb2af48068ffc7359 StaticDependenciesID=e5197d63b677d66ad8292830d2e24f0f 
Number of updated asset objects reloaded before import = 0
Number of asset objects unloaded after import = 0
========================================================================
Received Import Request.
  Time of request: 2026-08-21T02:53:31.8153009Z
  Time since last request: 0.0003601 seconds.
  importAddress: GUID: e74b0f1b5e52c5642a66b47b7fc87799 - Path: Packages/com.unity.shadergraph/Editor/Generation/Targets/BuiltIn/ShaderLibrary/ShaderGraphFunctions.hlsl - Importer: ScriptedImporter/UnityEditor.QuickSearchModule:UnityEditor.Search:ASIAI0B
Importing 'GUID: e74b0f1b5e52c5642a66b47b7fc87799 - Path: Packages/com.unity.shadergraph/Editor/Generation/Targets/BuiltIn/ShaderLibrary/ShaderGraphFunctions.hlsl - Importer: ScriptedImporter/UnityEditor.QuickSearchModule:UnityEditor.Search:ASIAI0B' with importer (ScriptedImporter : UnityEditor.QuickSearchModule:UnityEditor.Search:ASIAI0B)
Imported 'GUID: e74b0f1b5e52c5642a66b47b7fc87799' -> (Import Result ID: '0c956dd7c4a99c2f87151dc4cc99b935') in 0.005 seconds [static and dynamic dependencies]. Details - ImportResultOutputID=077a2b148b84e58f891141c833487ed9 DependenciesID=95dcdda9eb29bf705f141b32ba347bfa StaticDependenciesID=6202e10f7486b23103bdc5e971850230 
Number of updated asset objects reloaded before import = 0
Number of asset objects unloaded after import = 1
========================================================================
Received Import Request.
  Time of request: 2026-08-21T02:53:31.8306915Z
  Time since last request: 0.0003781 seconds.
  importAddress: GUID: b2f79c44dead4bc3b025342e56828a27 - Path: Packages/com.unity.shadergraph/Editor/Generation/Targets/Canvas/Templates/CanvasShaderGUI.cs - Importer: ScriptedImporter/UnityEditor.QuickSearchModule:UnityEditor.Search:ASIAI0B
Importing 'GUID: b2f79c44dead4bc3b025342e56828a27 - Path: Packages/com.unity.shadergraph/Editor/Generation/Targets/Canvas/Templates/CanvasShaderGUI.cs - Importer: ScriptedImporter/UnityEditor.QuickSearchModule:UnityEditor.Search:ASIAI0B' with importer (ScriptedImporter : UnityEditor.QuickSearchModule:UnityEditor.Search:ASIAI0B)
Imported 'GUID: b2f79c44dead4bc3b025342e56828a27' -> (Import Result ID: '216bdf1085b12e291b761dc3108621a6') in 0.004 seconds [static and dynamic dependencies]. Details - ImportResultOutputID=5ed0a9d627f7f2b8d76c162720ad2bea DependenciesID=603fa561cb69cf062c0e7454c2503315 StaticDependenciesID=99724b84086b4ec3126e72f263f1ec10 
Number of updated asset objects reloaded before import = 0
Number of asset objects unloaded after import = 0
========================================================================
Received Import Request.
  Time of request: 2026-08-21T02:53:31.8714636Z
  Time since last request: 0.024945 seconds.
  importAddress: GUID: 593a7d950e7c0481098971e6732237b1 - Path: Packages/com.unity.shadergraph/Editor/Generation/Targets/BuiltIn/Editor/ShaderGraph/BuiltInStructs.cs - Importer: ScriptedImporter/UnityEditor.QuickSearchModule:UnityEditor.Search:ASIAI0B
Importing 'GUID: 593a7d950e7c0481098971e6732237b1 - Path: Packages/com.unity.shadergraph/Editor/Generation/Targets/BuiltIn/Editor/ShaderGraph/BuiltInStructs.cs - Importer: ScriptedImporter/UnityEditor.QuickSearchModule:UnityEditor.Search:ASIAI0B' with importer (ScriptedImporter : UnityEditor.QuickSearchModule:UnityEditor.Search:ASIAI0B)
Imported 'GUID: 593a7d950e7c0481098971e6732237b1' -> (Import Result ID: '38c2f456815c97dd3c359daaa5a96918') in 0.004 seconds [static and dynamic dependencies]. Details - ImportResultOutputID=4c0e9f2d7ddd13dcf900187884b0ccf7 DependenciesID=b4e7c5199e74f27c7dff4bcf02ddb116 StaticDependenciesID=481c3dd374600156e84daf3a4a36a9fb 
Number of updated asset objects reloaded before import = 0
Number of asset objects unloaded after import = 0
========================================================================
Received Import Request.
  Time of request: 2026-08-21T02:53:31.8855891Z
  Time since last request: 0.000523 seconds.
  importAddress: GUID: 9f12249d09c77224c8a6d6fad6e252b5 - Path: Packages/com.unity.shadergraph/Editor/Generation/Targets/BuiltIn/ShaderLibrary/Shim/UIShimPreview.hlsl - Importer: ScriptedImporter/UnityEditor.QuickSearchModule:UnityEditor.Search:ASIAI0B
Importing 'GUID: 9f12249d09c77224c8a6d6fad6e252b5 - Path: Packages/com.unity.shadergraph/Editor/Generation/Targets/BuiltIn/ShaderLibrary/Shim/UIShimPreview.hlsl - Importer: ScriptedImporter/UnityEditor.QuickSearchModule:UnityEditor.Search:ASIAI0B' with importer (ScriptedImporter : UnityEditor.QuickSearchModule:UnityEditor.Search:ASIAI0B)
Imported 'GUID: 9f12249d09c77224c8a6d6fad6e252b5' -> (Import Result ID: '6289eeaf5223babe643fee9fcb0307c6') in 0.005 seconds [static and dynamic dependencies]. Details - ImportResultOutputID=512127ab26172ef412688c48cee1c18c DependenciesID=fa5c0f703cfce46c71761b02a66eb500 StaticDependenciesID=92928e50593ffc4494c0c7bb6abac8b0 
Number of updated asset objects reloaded before import = 0
Number of asset objects unloaded after import = 1
========================================================================
Received Import Request.
  Time of request: 2026-08-21T02:53:31.9022666Z
  Time since last request: 0.0004168 seconds.
  importAddress: GUID: 9294601d4849f0445b9a00cc1d2de1a8 - Path: Packages/com.unity.shadergraph/Editor/Generation/Targets/BuiltIn/Editor/ShaderGUI/BaseShaderGUI.cs - Importer: ScriptedImporter/UnityEditor.QuickSearchModule:UnityEditor.Search:ASIAI0B
Importing 'GUID: 9294601d4849f0445b9a00cc1d2de1a8 - Path: Packages/com.unity.shadergraph/Editor/Generation/Targets/BuiltIn/Editor/ShaderGUI/BaseShaderGUI.cs - Importer: ScriptedImporter/UnityEditor.QuickSearchModule:UnityEditor.Search:ASIAI0B' with importer (ScriptedImporter : UnityEditor.QuickSearchModule:UnityEditor.Search:ASIAI0B)
Imported 'GUID: 9294601d4849f0445b9a00cc1d2de1a8' -> (Import Result ID: '935243b23849f843959b2ba9fbe29315') in 0.004 seconds [static and dynamic dependencies]. Details - ImportResultOutputID=25aee6904b0fce9873098a0ecbd0a345 DependenciesID=2c137d8b2af6aeb1c43013e1cdb85b99 StaticDependenciesID=5c9a925abb2e44b676aebf46916e3d50 
Number of updated asset objects reloaded before import = 0
Number of asset objects unloaded after import = 0
========================================================================
Received Import Request.
  Time of request: 2026-08-21T02:53:31.9169909Z
  Time since last request: 0.0003853 seconds.
  importAddress: GUID: 94ef141d84292aa449f735ddb4def15e - Path: Packages/com.unity.shadergraph/Editor/Generation/Targets/BuiltIn/Editor/ShaderGraph/BuiltInProperties.cs - Importer: ScriptedImporter/UnityEditor.QuickSearchModule:UnityEditor.Search:ASIAI0B
Importing 'GUID: 94ef141d84292aa449f735ddb4def15e - Path: Packages/com.unity.shadergraph/Editor/Generation/Targets/BuiltIn/Editor/ShaderGraph/BuiltInProperties.cs - Importer: ScriptedImporter/UnityEditor.QuickSearchModule:UnityEditor.Search:ASIAI0B' with importer (ScriptedImporter : UnityEditor.QuickSearchModule:UnityEditor.Search:ASIAI0B)
Imported 'GUID: 94ef141d84292aa449f735ddb4def15e' -> (Import Result ID: '8988dad104491674b9caba83b7a46f5e') in 0.004 seconds [static and dynamic dependencies]. Details - ImportResultOutputID=21be356dde413bd8823f319c14616fce DependenciesID=7f344899d1f69998ad861e807c3707a8 StaticDependenciesID=94001dacc306b5d6da95a00aae40ec60 
Number of updated asset objects reloaded before import = 0
Number of asset objects unloaded after import = 0
========================================================================
Received Import Request.
  Time of request: 2026-08-21T02:53:31.9389559Z
  Time since last request: 0.0081997 seconds.
  importAddress: GUID: d1c01b917a304614daf4994f4ca27e6d - Path: Packages/com.unity.shadergraph/Editor/Generation/Targets/BuiltIn/Editor/ShaderGraph/Templates/SharedCode.template.hlsl - Importer: ScriptedImporter/UnityEditor.QuickSearchModule:UnityEditor.Search:ASIAI0B
Importing 'GUID: d1c01b917a304614daf4994f4ca27e6d - Path: Packages/com.unity.shadergraph/Editor/Generation/Targets/BuiltIn/Editor/ShaderGraph/Templates/SharedCode.template.hlsl - Importer: ScriptedImporter/UnityEditor.QuickSearchModule:UnityEditor.Search:ASIAI0B' with importer (ScriptedImporter : UnityEditor.QuickSearchModule:UnityEditor.Search:ASIAI0B)
Imported 'GUID: d1c01b917a304614daf4994f4ca27e6d' -> (Import Result ID: '157fb406c99914c0421cb0072462439c') in 0.005 seconds [static and dynamic dependencies]. Details - ImportResultOutputID=8b6860744e2c42b7064a6bc2edc90e51 DependenciesID=ee8057378cb35dbcd5131cf3c5144d84 StaticDependenciesID=fdb1e806d6cc6d921f46769f42c3a82b 
Number of updated asset objects reloaded before import = 0
Number of asset objects unloaded after import = 1
========================================================================
Received Import Request.
  Time of request: 2026-08-21T02:53:31.9544823Z
  Time since last request: 0.0008824 seconds.
  importAddress: GUID: 45471ad7b8c1f964da5e3c07d57fbf4f - Path: Packages/com.unity.ide.rider/Rider/Editor/PostProcessors/RiderAssetPostprocessor.cs - Importer: ScriptedImporter/UnityEditor.QuickSearchModule:UnityEditor.Search:ASIAI0B
Importing 'GUID: 45471ad7b8c1f964da5e3c07d57fbf4f - Path: Packages/com.unity.ide.rider/Rider/Editor/PostProcessors/RiderAssetPostprocessor.cs - Importer: ScriptedImporter/UnityEditor.QuickSearchModule:UnityEditor.Search:ASIAI0B' with importer (ScriptedImporter : UnityEditor.QuickSearchModule:UnityEditor.Search:ASIAI0B)
Imported 'GUID: 45471ad7b8c1f964da5e3c07d57fbf4f' -> (Import Result ID: 'ebffc65fd9584f3fbf0d0dd50faec78e') in 0.004 seconds [static and dynamic dependencies]. Details - ImportResultOutputID=fdf393db2791ca303babfda765e8f27e DependenciesID=09e1ccd65e665f02e813f9ba1c0c285e StaticDependenciesID=203ba65706fcde81988d49fa472802ed 
Number of updated asset objects reloaded before import = 0
Number of asset objects unloaded after import = 0
========================================================================
Received Import Request.
  Time of request: 2026-08-21T02:53:31.9682989Z
  Time since last request: 0.0004042 seconds.
  importAddress: GUID: 8472c6472e6d4301873871a9e8fcf952 - Path: Packages/com.unity.ide.rider/Rider/Editor/Properties/AssemblyInfo.cs - Importer: ScriptedImporter/UnityEditor.QuickSearchModule:UnityEditor.Search:ASIAI0B
Importing 'GUID: 8472c6472e6d4301873871a9e8fcf952 - Path: Packages/com.unity.ide.rider/Rider/Editor/Properties/AssemblyInfo.cs - Importer: ScriptedImporter/UnityEditor.QuickSearchModule:UnityEditor.Search:ASIAI0B' with importer (ScriptedImporter : UnityEditor.QuickSearchModule:UnityEditor.Search:ASIAI0B)
Imported 'GUID: 8472c6472e6d4301873871a9e8fcf952' -> (Import Result ID: 'e58c5496fbba9bf4c7c0ae5a9ea7b1eb') in 0.004 seconds [static and dynamic dependencies]. Details - ImportResultOutputID=26451ee28bb79d8e885ba8724f307241 DependenciesID=9f512909bf23835be2c745737f26c93f StaticDependenciesID=43fb6b3deb62e52861a67fc26cb822a4 
Number of updated asset objects reloaded before import = 0
Number of asset objects unloaded after import = 0
========================================================================
Received Import Request.
  Time of request: 2026-08-21T02:53:31.9842242Z
  Time since last request: 0.000448 seconds.
  importAddress: GUID: 395ef430db5747842b555e50b3c7b330 - Path: Packages/com.unity.shadergraph/Editor/Generation/Targets/BuiltIn/Editor/ShaderGraph/Includes/LightingMetaPass.hlsl - Importer: ScriptedImporter/UnityEditor.QuickSearchModule:UnityEditor.Search:ASIAI0B
Importing 'GUID: 395ef430db5747842b555e50b3c7b330 - Path: Packages/com.unity.shadergraph/Editor/Generation/Targets/BuiltIn/Editor/ShaderGraph/Includes/LightingMetaPass.hlsl - Importer: ScriptedImporter/UnityEditor.QuickSearchModule:UnityEditor.Search:ASIAI0B' with importer (ScriptedImporter : UnityEditor.QuickSearchModule:UnityEditor.Search:ASIAI0B)
Imported 'GUID: 395ef430db5747842b555e50b3c7b330' -> (Import Result ID: 'ee3bf2a89d628c599de381099a5c96a8') in 0.005 seconds [static and dynamic dependencies]. Details - ImportResultOutputID=626375cfedfc104a420467847254aa6d DependenciesID=65e70186621aff99ece01fc0c9eaaf76 StaticDependenciesID=cc24a37c7dbfab851397fd13c7173ef6 
Number of updated asset objects reloaded before import = 0
Number of asset objects unloaded after import = 1
========================================================================
Received Import Request.
  Time of request: 2026-08-21T02:53:31.9998051Z
  Time since last request: 0.0005625 seconds.
  importAddress: GUID: 5eea837708474d7e9c1cb4b2eca0213f - Path: Packages/com.unity.ide.rider/Rider/Editor/ProjectGeneration/IAssemblyNameProvider.cs - Importer: ScriptedImporter/UnityEditor.QuickSearchModule:UnityEditor.Search:ASIAI0B
Importing 'GUID: 5eea837708474d7e9c1cb4b2eca0213f - Path: Packages/com.unity.ide.rider/Rider/Editor/ProjectGeneration/IAssemblyNameProvider.cs - Importer: ScriptedImporter/UnityEditor.QuickSearchModule:UnityEditor.Search:ASIAI0B' with importer (ScriptedImporter : UnityEditor.QuickSearchModule:UnityEditor.Search:ASIAI0B)
Imported 'GUID: 5eea837708474d7e9c1cb4b2eca0213f' -> (Import Result ID: '3267f65364d8dcc36fd58f9d22d23d3b') in 0.005 seconds [static and dynamic dependencies]. Details - ImportResultOutputID=a4ebfe5b6ee621de2035095b17db6042 DependenciesID=b97eb1258d5298474c103c502dcdcac0 StaticDependenciesID=f26adb2c9f25462f272e2f809b05b8cb 
Number of updated asset objects reloaded before import = 0
Number of asset objects unloaded after import = 0
========================================================================
Received Import Request.
  Time of request: 2026-08-21T02:53:32.0147312Z
  Time since last request: 0.0004416 seconds.
  importAddress: GUID: 8645aa9c3c74fb34ba9499e14fb332b5 - Path: Packages/com.unity.ide.rider/CHANGELOG.md - Importer: ScriptedImporter/UnityEditor.QuickSearchModule:UnityEditor.Search:ASIAI0B
Importing 'GUID: 8645aa9c3c74fb34ba9499e14fb332b5 - Path: Packages/com.unity.ide.rider/CHANGELOG.md - Importer: ScriptedImporter/UnityEditor.QuickSearchModule:UnityEditor.Search:ASIAI0B' with importer (ScriptedImporter : UnityEditor.QuickSearchModule:UnityEditor.Search:ASIAI0B)
Imported 'GUID: 8645aa9c3c74fb34ba9499e14fb332b5' -> (Import Result ID: '741865601be33c82a297b0af47f268a0') in 0.005 seconds [static and dynamic dependencies]. Details - ImportResultOutputID=aff52fd81d649cb4548f7d18624df782 DependenciesID=947ddd719968f6e77c3e5640bfc43161 StaticDependenciesID=9267eb8ce022cd87e2139318d7403da4 
Number of updated asset objects reloaded before import = 0
Number of asset objects unloaded after import = 1
========================================================================
Received Import Request.
  Time of request: 2026-08-21T02:53:32.0317557Z
  Time since last request: 0.0002409 seconds.
  importAddress: GUID: f5a0cc9645f0e2d4fb816156dcf3f4dd - Path: Packages/com.unity.ide.rider/Rider/Editor/RiderInitializer.cs - Importer: ScriptedImporter/UnityEditor.QuickSearchModule:UnityEditor.Search:ASIAI0B
Importing 'GUID: f5a0cc9645f0e2d4fb816156dcf3f4dd - Path: Packages/com.unity.ide.rider/Rider/Editor/RiderInitializer.cs - Importer: ScriptedImporter/UnityEditor.QuickSearchModule:UnityEditor.Search:ASIAI0B' with importer (ScriptedImporter : UnityEditor.QuickSearchModule:UnityEditor.Search:ASIAI0B)
Imported 'GUID: f5a0cc9645f0e2d4fb816156dcf3f4dd' -> (Import Result ID: '0cced8e942c867f1bef59cefbf2c5b23') in 0.005 seconds [static and dynamic dependencies]. Details - ImportResultOutputID=ffa4ac5abc663468a4dfc574a8aba813 DependenciesID=012832a846ab375b8339b09887a999cb StaticDependenciesID=e1f9f369f0be8292b2e83d7d195fe43f 
Number of updated asset objects reloaded before import = 0
Number of asset objects unloaded after import = 0
========================================================================
Received Import Request.
  Time of request: 2026-08-21T02:53:32.0472703Z
  Time since last request: 0.0002303 seconds.
  importAddress: GUID: 37dc84a050227a648b8474dd029e1729 - Path: Packages/com.unity.shadergraph/Editor/Generation/Targets/BuiltIn/Editor/ShaderGraph/Templates/ShaderPass.template - Importer: ScriptedImporter/UnityEditor.QuickSearchModule:UnityEditor.Search:ASIAI0B
Importing 'GUID: 37dc84a050227a648b8474dd029e1729 - Path: Packages/com.unity.shadergraph/Editor/Generation/Targets/BuiltIn/Editor/ShaderGraph/Templates/ShaderPass.template - Importer: ScriptedImporter/UnityEditor.QuickSearchModule:UnityEditor.Search:ASIAI0B' with importer (ScriptedImporter : UnityEditor.QuickSearchModule:UnityEditor.Search:ASIAI0B)
Imported 'GUID: 37dc84a050227a648b8474dd029e1729' -> (Import Result ID: 'aed46020b788a77d2ba24310fb7a7af7') in 0.005 seconds [static and dynamic dependencies]. Details - ImportResultOutputID=c6be44fc798333014b545a97d4f40e09 DependenciesID=67b89f456541ef7bbadea47a8a2f0673 StaticDependenciesID=a481c427b05467554805dcd27c12b226 
Number of updated asset objects reloaded before import = 0
Number of asset objects unloaded after import = 1
========================================================================
Received Import Request.
  Time of request: 2026-08-21T02:53:32.0650242Z
  Time since last request: 0.0003563 seconds.
  importAddress: GUID: 7078f19173ceac84fb9e29b9f6175201 - Path: Packages/com.unity.ide.rider/Rider/Editor/ProjectGeneration/ProjectGeneration.cs - Importer: ScriptedImporter/UnityEditor.QuickSearchModule:UnityEditor.Search:ASIAI0B
Importing 'GUID: 7078f19173ceac84fb9e29b9f6175201 - Path: Packages/com.unity.ide.rider/Rider/Editor/ProjectGeneration/ProjectGeneration.cs - Importer: ScriptedImporter/UnityEditor.QuickSearchModule:UnityEditor.Search:ASIAI0B' with importer (ScriptedImporter : UnityEditor.QuickSearchModule:UnityEditor.Search:ASIAI0B)
Imported 'GUID: 7078f19173ceac84fb9e29b9f6175201' -> (Import Result ID: 'fb5288e5a45e71b8dd6eba51e71f609a') in 0.004 seconds [static and dynamic dependencies]. Details - ImportResultOutputID=8a247d2b36c8b2d0be270b5c1e1d4067 DependenciesID=d1ed2632b2a816776199531635dcc86e StaticDependenciesID=8f2b3192f8949f67d8bd5238774db399 
Number of updated asset objects reloaded before import = 0
Number of asset objects unloaded after import = 0
========================================================================
Received Import Request.
  Time of request: 2026-08-21T02:53:32.0801454Z
  Time since last request: 0.0006897 seconds.
  importAddress: GUID: 8cfde1a59fb35574189691a9de1df93b - Path: Packages/com.unity.ide.rider/Rider/Editor/ProjectGeneration/GUIDProvider.cs - Importer: ScriptedImporter/UnityEditor.QuickSearchModule:UnityEditor.Search:ASIAI0B
Importing 'GUID: 8cfde1a59fb35574189691a9de1df93b - Path: Packages/com.unity.ide.rider/Rider/Editor/ProjectGeneration/GUIDProvider.cs - Importer: ScriptedImporter/UnityEditor.QuickSearchModule:UnityEditor.Search:ASIAI0B' with importer (ScriptedImporter : UnityEditor.QuickSearchModule:UnityEditor.Search:ASIAI0B)
Imported 'GUID: 8cfde1a59fb35574189691a9de1df93b' -> (Import Result ID: 'fb71909524faf7810bb2fe1234b582c3') in 0.005 seconds [static and dynamic dependencies]. Details - ImportResultOutputID=82bcad03e371033d35ca922e804fa8f5 DependenciesID=7884d55c561797f5e7d40dd399786251 StaticDependenciesID=516b7a8ebadf0e7e71d62f5e4301fa2b 
Number of updated asset objects reloaded before import = 0
Number of asset objects unloaded after import = 0
========================================================================
Received Import Request.
  Time of request: 2026-08-21T02:53:32.096052Z
  Time since last request: 0.0005435 seconds.
  importAddress: GUID: aeb8068359664ab5a8d6420381f87510 - Path: Packages/com.unity.ide.rider/Rider/Editor/LogFileOpener.cs - Importer: ScriptedImporter/UnityEditor.QuickSearchModule:UnityEditor.Search:ASIAI0B
Importing 'GUID: aeb8068359664ab5a8d6420381f87510 - Path: Packages/com.unity.ide.rider/Rider/Editor/LogFileOpener.cs - Importer: ScriptedImporter/UnityEditor.QuickSearchModule:UnityEditor.Search:ASIAI0B' with importer (ScriptedImporter : UnityEditor.QuickSearchModule:UnityEditor.Search:ASIAI0B)
Imported 'GUID: aeb8068359664ab5a8d6420381f87510' -> (Import Result ID: '93ad30a74fa4e105ea80e97b175009e0') in 0.005 seconds [static and dynamic dependencies]. Details - ImportResultOutputID=550a9ba60e8e0f07720c59c098b504da DependenciesID=9513d1747e9915e8d6a83a30c8162d27 StaticDependenciesID=5df26bd219d1e5d3b3ec78eda8cc4cd7 
Number of updated asset objects reloaded before import = 0
Number of asset objects unloaded after import = 0
========================================================================
Received Import Request.
  Time of request: 2026-08-21T02:53:32.1133994Z
  Time since last request: 0.0004269 seconds.
  importAddress: GUID: dab656c79e1985c40b31faebcda44442 - Path: Packages/com.unity.ide.rider/Rider/Editor/Discovery.cs - Importer: ScriptedImporter/UnityEditor.QuickSearchModule:UnityEditor.Search:ASIAI0B
Importing 'GUID: dab656c79e1985c40b31faebcda44442 - Path: Packages/com.unity.ide.rider/Rider/Editor/Discovery.cs - Importer: ScriptedImporter/UnityEditor.QuickSearchModule:UnityEditor.Search:ASIAI0B' with importer (ScriptedImporter : UnityEditor.QuickSearchModule:UnityEditor.Search:ASIAI0B)
Imported 'GUID: dab656c79e1985c40b31faebcda44442' -> (Import Result ID: 'fa976ffc186a91981bd5ae4aab463a8a') in 0.004 seconds [static and dynamic dependencies]. Details - ImportResultOutputID=82235ba5ca592cc1f5b6c331ba2fa875 DependenciesID=66fb4b003f2036b7b1a76cbb19a5bfac StaticDependenciesID=78277bc29c2ddbf68cff151063cdbc0d 
Number of updated asset objects reloaded before import = 0
Number of asset objects unloaded after import = 0
========================================================================
Received Import Request.
  Time of request: 2026-08-21T02:53:32.129139Z
  Time since last request: 0.0004208 seconds.
  importAddress: GUID: b0ad362e98650f847a0f2dc834fcbc88 - Path: Packages/com.unity.shadergraph/Editor/Generation/Targets/BuiltIn/Editor/ShaderGraph/Targets/BuiltInSubTarget.cs - Importer: ScriptedImporter/UnityEditor.QuickSearchModule:UnityEditor.Search:ASIAI0B
Importing 'GUID: b0ad362e98650f847a0f2dc834fcbc88 - Path: Packages/com.unity.shadergraph/Editor/Generation/Targets/BuiltIn/Editor/ShaderGraph/Targets/BuiltInSubTarget.cs - Importer: ScriptedImporter/UnityEditor.QuickSearchModule:UnityEditor.Search:ASIAI0B' with importer (ScriptedImporter : UnityEditor.QuickSearchModule:UnityEditor.Search:ASIAI0B)
Imported 'GUID: b0ad362e98650f847a0f2dc834fcbc88' -> (Import Result ID: 'b79e851756d9bf725efd1b2d52d0cb47') in 0.005 seconds [static and dynamic dependencies]. Details - ImportResultOutputID=2f2b6f3cdfe4bf3695898bf9ebcddcaf DependenciesID=84c125b06dcac80a37e37df00d014b77 StaticDependenciesID=4acc6af98a2afacd9e229212825faa68 
Number of updated asset objects reloaded before import = 0
Number of asset objects unloaded after import = 0
========================================================================
Received Import Request.
  Time of request: 2026-08-21T02:53:32.1468873Z
  Time since last request: 0.0004592 seconds.
  importAddress: GUID: 5461cde96a0881146aed77bccd1c72ec - Path: Packages/com.unity.shadergraph/Editor/Generation/Targets/BuiltIn/Editor/ShaderGraph/Includes/LegacySurfaceVertex.hlsl - Importer: ScriptedImporter/UnityEditor.QuickSearchModule:UnityEditor.Search:ASIAI0B
Importing 'GUID: 5461cde96a0881146aed77bccd1c72ec - Path: Packages/com.unity.shadergraph/Editor/Generation/Targets/BuiltIn/Editor/ShaderGraph/Includes/LegacySurfaceVertex.hlsl - Importer: ScriptedImporter/UnityEditor.QuickSearchModule:UnityEditor.Search:ASIAI0B' with importer (ScriptedImporter : UnityEditor.QuickSearchModule:UnityEditor.Search:ASIAI0B)
Imported 'GUID: 5461cde96a0881146aed77bccd1c72ec' -> (Import Result ID: 'd808e13558dd4488edaacdaa268a9963') in 0.004 seconds [static and dynamic dependencies]. Details - ImportResultOutputID=1a30df4d3c36e09e5a8e0c535c656d9c DependenciesID=84c611b21d94c8d1b30cfd653e89af20 StaticDependenciesID=f688f83644b45a266bad0e698f04edcc 
Number of updated asset objects reloaded before import = 0
Number of asset objects unloaded after import = 1
========================================================================
Received Import Request.
  Time of request: 2026-08-21T02:53:32.1630736Z
  Time since last request: 0.0003096 seconds.
  importAddress: GUID: 65e35b38e39fde248977f1e9a8ec2e10 - Path: Packages/com.unity.shadergraph/Editor/Generation/Targets/BuiltIn/Editor/ShaderGraph/Includes/ShaderPass.hlsl - Importer: ScriptedImporter/UnityEditor.QuickSearchModule:UnityEditor.Search:ASIAI0B
Importing 'GUID: 65e35b38e39fde248977f1e9a8ec2e10 - Path: Packages/com.unity.shadergraph/Editor/Generation/Targets/BuiltIn/Editor/ShaderGraph/Includes/ShaderPass.hlsl - Importer: ScriptedImporter/UnityEditor.QuickSearchModule:UnityEditor.Search:ASIAI0B' with importer (ScriptedImporter : UnityEditor.QuickSearchModule:UnityEditor.Search:ASIAI0B)
Imported 'GUID: 65e35b38e39fde248977f1e9a8ec2e10' -> (Import Result ID: '908eff6c593d113274c2b7e6012afa5b') in 0.004 seconds [static and dynamic dependencies]. Details - ImportResultOutputID=dbe62057753bf510cd32745ac9e12ecf DependenciesID=67555505e01f121650fba1ae5eb490da StaticDependenciesID=9ca677a861c0b118bc349fab964e0485 
Number of updated asset objects reloaded before import = 0
Number of asset objects unloaded after import = 1
========================================================================
Received Import Request.
  Time of request: 2026-08-21T02:53:32.1985267Z
  Time since last request: 0.0207997 seconds.
  importAddress: GUID: 06368c8598883e74380014e9a7db3e7c - Path: Packages/com.unity.render-pipelines.universal/Runtime/ComponentUtility.cs - Importer: ScriptedImporter/UnityEditor.QuickSearchModule:UnityEditor.Search:ASIAI0B
Importing 'GUID: 06368c8598883e74380014e9a7db3e7c - Path: Packages/com.unity.render-pipelines.universal/Runtime/ComponentUtility.cs - Importer: ScriptedImporter/UnityEditor.QuickSearchModule:UnityEditor.Search:ASIAI0B' with importer (ScriptedImporter : UnityEditor.QuickSearchModule:UnityEditor.Search:ASIAI0B)
Imported 'GUID: 06368c8598883e74380014e9a7db3e7c' -> (Import Result ID: 'e7df82956db0d7dd6bb5d436ac134ea7') in 0.005 seconds [static and dynamic dependencies]. Details - ImportResultOutputID=6165d604d9f54878f19de012f3d4ba20 DependenciesID=75f8490248dd37bb4aacf615418548df StaticDependenciesID=2a1919555586221b8c93f8b458da0607 
Number of updated asset objects reloaded before import = 0
Number of asset objects unloaded after import = 0
========================================================================
Received Import Request.
  Time of request: 2026-08-21T02:53:32.2136187Z
  Time since last request: 0.0006578 seconds.
  importAddress: GUID: 49312b09b1a7723458d927fbedbd2f76 - Path: Packages/com.unity.render-pipelines.universal/Editor/ContextualMenuDispatcher.cs - Importer: ScriptedImporter/UnityEditor.QuickSearchModule:UnityEditor.Search:ASIAI0B
Importing 'GUID: 49312b09b1a7723458d927fbedbd2f76 - Path: Packages/com.unity.render-pipelines.universal/Editor/ContextualMenuDispatcher.cs - Importer: ScriptedImporter/UnityEditor.QuickSearchModule:UnityEditor.Search:ASIAI0B' with importer (ScriptedImporter : UnityEditor.QuickSearchModule:UnityEditor.Search:ASIAI0B)
Imported 'GUID: 49312b09b1a7723458d927fbedbd2f76' -> (Import Result ID: 'f5fea103e2f83ac57c81a306f5244249') in 0.005 seconds [static and dynamic dependencies]. Details - ImportResultOutputID=b931118e03b9447c4ae3adb6fc694fb4 DependenciesID=cb4186d66b7ca725a251a8111bebe0f7 StaticDependenciesID=61fd1fd2d9f5e3d5d8c924d7f80504e7 
Number of updated asset objects reloaded before import = 0
Number of asset objects unloaded after import = 0
========================================================================
Received Import Request.
  Time of request: 2026-08-21T02:53:32.2286785Z
  Time since last request: 0.0003655 seconds.
  importAddress: GUID: 5e70ebf34d504229b32cd5ca729665a4 - Path: Packages/com.unity.render-pipelines.universal/Editor/UniversalRenderPipelineVolumeComponentEditor.cs - Importer: ScriptedImporter/UnityEditor.QuickSearchModule:UnityEditor.Search:ASIAI0B
Importing 'GUID: 5e70ebf34d504229b32cd5ca729665a4 - Path: Packages/com.unity.render-pipelines.universal/Editor/UniversalRenderPipelineVolumeComponentEditor.cs - Importer: ScriptedImporter/UnityEditor.QuickSearchModule:UnityEditor.Search:ASIAI0B' with importer (ScriptedImporter : UnityEditor.QuickSearchModule:UnityEditor.Search:ASIAI0B)
Imported 'GUID: 5e70ebf34d504229b32cd5ca729665a4' -> (Import Result ID: '9c47512da841cbbba157111cc9aa9d2f') in 0.004 seconds [static and dynamic dependencies]. Details - ImportResultOutputID=0952ec0221266f3e6e958cfe252463c2 DependenciesID=32a63293d7ea3d786d5138e9bc9dbdf2 StaticDependenciesID=8975d856c73295158fe13a4c45b32839 
Number of updated asset objects reloaded before import = 0
Number of asset objects unloaded after import = 0
========================================================================
Received Import Request.
  Time of request: 2026-08-21T02:53:32.2437085Z
  Time since last request: 0.0006944 seconds.
  importAddress: GUID: eecaac92122b4407f8bf4998e8708aee - Path: Packages/com.unity.render-pipelines.universal/LICENSE.md - Importer: ScriptedImporter/UnityEditor.QuickSearchModule:UnityEditor.Search:ASIAI0B
Importing 'GUID: eecaac92122b4407f8bf4998e8708aee - Path: Packages/com.unity.render-pipelines.universal/LICENSE.md - Importer: ScriptedImporter/UnityEditor.QuickSearchModule:UnityEditor.Search:ASIAI0B' with importer (ScriptedImporter : UnityEditor.QuickSearchModule:UnityEditor.Search:ASIAI0B)
Imported 'GUID: eecaac92122b4407f8bf4998e8708aee' -> (Import Result ID: 'e90950df006d7ab22800fe514c79d561') in 0.005 seconds [static and dynamic dependencies]. Details - ImportResultOutputID=86d811c033acb79e5defed9bd50b5cd4 DependenciesID=3bd3e110ed02682dc5989772117f3de2 StaticDependenciesID=16e3ab997a1597f49331be87d51a9ab5 
Number of updated asset objects reloaded before import = 0
Number of asset objects unloaded after import = 1
========================================================================
Received Import Request.
  Time of request: 2026-08-21T02:53:32.2586875Z
  Time since last request: 0.0006213 seconds.
  importAddress: GUID: 03e6c5336947d684ebd1fee775550125 - Path: Packages/com.unity.render-pipelines.universal/Editor/ShaderStripTool.cs - Importer: ScriptedImporter/UnityEditor.QuickSearchModule:UnityEditor.Search:ASIAI0B
Importing 'GUID: 03e6c5336947d684ebd1fee775550125 - Path: Packages/com.unity.render-pipelines.universal/Editor/ShaderStripTool.cs - Importer: ScriptedImporter/UnityEditor.QuickSearchModule:UnityEditor.Search:ASIAI0B' with importer (ScriptedImporter : UnityEditor.QuickSearchModule:UnityEditor.Search:ASIAI0B)
Imported 'GUID: 03e6c5336947d684ebd1fee775550125' -> (Import Result ID: '2e9091849923589af5bcc8553bcc0e41') in 0.005 seconds [static and dynamic dependencies]. Details - ImportResultOutputID=6e398d092ccf9f2762023b2f1f09d740 DependenciesID=f546e546aea3e80460600d4e31948f72 StaticDependenciesID=575d8e4bbf43af6e61b640d4e6b7c777 
Number of updated asset objects reloaded before import = 0
Number of asset objects unloaded after import = 0
========================================================================
Received Import Request.
  Time of request: 2026-08-21T02:53:32.2735495Z
  Time since last request: 0.0002505 seconds.
  importAddress: GUID: 22608619ec9a4b1db7417e80c3123098 - Path: Packages/com.unity.ide.rider/Rider/Editor/Util/UnityVersionUtils.cs - Importer: ScriptedImporter/UnityEditor.QuickSearchModule:UnityEditor.Search:ASIAI0B
Importing 'GUID: 22608619ec9a4b1db7417e80c3123098 - Path: Packages/com.unity.ide.rider/Rider/Editor/Util/UnityVersionUtils.cs - Importer: ScriptedImporter/UnityEditor.QuickSearchModule:UnityEditor.Search:ASIAI0B' with importer (ScriptedImporter : UnityEditor.QuickSearchModule:UnityEditor.Search:ASIAI0B)
Imported 'GUID: 22608619ec9a4b1db7417e80c3123098' -> (Import Result ID: '90b5c19d99b41da4c5fdd6415db75c60') in 0.005 seconds [static and dynamic dependencies]. Details - ImportResultOutputID=56f78c4fdb93c08b660907756534e4b2 DependenciesID=f1de7c6b8d04e031643d031273d86b17 StaticDependenciesID=19ed1d74e2e2653b27a241f174ccb232 
Number of updated asset objects reloaded before import = 0
Number of asset objects unloaded after import = 0
========================================================================
Received Import Request.
  Time of request: 2026-08-21T02:53:32.2881007Z
  Time since last request: 0.0004125 seconds.
  importAddress: GUID: 71747feda1cfa634686086b1914eacb6 - Path: Packages/com.unity.render-pipelines.universal-config/Tests/Editor/Unity.RenderPipelines.Universal.Config.Editor.Tests.asmdef - Importer: ScriptedImporter/UnityEditor.QuickSearchModule:UnityEditor.Search:ASIAI0B
Importing 'GUID: 71747feda1cfa634686086b1914eacb6 - Path: Packages/com.unity.render-pipelines.universal-config/Tests/Editor/Unity.RenderPipelines.Universal.Config.Editor.Tests.asmdef - Importer: ScriptedImporter/UnityEditor.QuickSearchModule:UnityEditor.Search:ASIAI0B' with importer (ScriptedImporter : UnityEditor.QuickSearchModule:UnityEditor.Search:ASIAI0B)
Imported 'GUID: 71747feda1cfa634686086b1914eacb6' -> (Import Result ID: '136cd2aab6da9e63e0694cb9bd04bc90') in 0.005 seconds [static and dynamic dependencies]. Details - ImportResultOutputID=1de1e3dfa2210b799d85d05fd7dded4f DependenciesID=925c7ffbf58be04bab48a225ca90946d StaticDependenciesID=cb6590957ce87ecfe97a3c8180bd61de 
Number of updated asset objects reloaded before import = 0
Number of asset objects unloaded after import = 1
========================================================================
Received Import Request.
  Time of request: 2026-08-21T02:53:32.3050758Z
  Time since last request: 0.0003568 seconds.
  importAddress: GUID: c579267770062bf448e75eb160330b7f - Path: Packages/com.unity.render-pipelines.universal/Editor/Unity.RenderPipelines.Universal.Editor.asmdef - Importer: ScriptedImporter/UnityEditor.QuickSearchModule:UnityEditor.Search:ASIAI0B
Importing 'GUID: c579267770062bf448e75eb160330b7f - Path: Packages/com.unity.render-pipelines.universal/Editor/Unity.RenderPipelines.Universal.Editor.asmdef - Importer: ScriptedImporter/UnityEditor.QuickSearchModule:UnityEditor.Search:ASIAI0B' with importer (ScriptedImporter : UnityEditor.QuickSearchModule:UnityEditor.Search:ASIAI0B)
Imported 'GUID: c579267770062bf448e75eb160330b7f' -> (Import Result ID: 'c08bae3d468dd3ee7142901f4e59818d') in 0.004 seconds [static and dynamic dependencies]. Details - ImportResultOutputID=0fecba2bf891f790a7aeee8db8ca7e18 DependenciesID=05e9ae1266082a479fd63ab773b53c88 StaticDependenciesID=9460e4c6810ef4158374f8b164b04486 
Number of updated asset objects reloaded before import = 0
Number of asset objects unloaded after import = 1
========================================================================
Received Import Request.
  Time of request: 2026-08-21T02:53:32.3190378Z
  Time since last request: 0.0003039 seconds.
  importAddress: GUID: 30648b8d550465f4bb77f1e1afd0b37d - Path: Packages/com.unity.render-pipelines.universal/package.json - Importer: ScriptedImporter/UnityEditor.QuickSearchModule:UnityEditor.Search:ASIAI0B
Importing 'GUID: 30648b8d550465f4bb77f1e1afd0b37d - Path: Packages/com.unity.render-pipelines.universal/package.json - Importer: ScriptedImporter/UnityEditor.QuickSearchModule:UnityEditor.Search:ASIAI0B' with importer (ScriptedImporter : UnityEditor.QuickSearchModule:UnityEditor.Search:ASIAI0B)
Imported 'GUID: 30648b8d550465f4bb77f1e1afd0b37d' -> (Import Result ID: '71a2d00ba5f364ae9dacd61b4561ccde') in 0.005 seconds [static and dynamic dependencies]. Details - ImportResultOutputID=245ef61d8f9d4d315a6768dfa9795d63 DependenciesID=5e9c9663704ecdefb52d58e8bf8fd423 StaticDependenciesID=a1e528360a4d601ee05bb8f4bb1d7f3f 
Number of updated asset objects reloaded before import = 0
Number of asset objects unloaded after import = 1
========================================================================
Received Import Request.
  Time of request: 2026-08-21T02:53:32.3339281Z
  Time since last request: 0.0007993 seconds.
  importAddress: GUID: 86bc95e6fdb13ff43aa04316542905ae - Path: Packages/com.unity.render-pipelines.universal-config/Runtime/Unity.RenderPipelines.Universal.Config.Runtime.asmdef - Importer: ScriptedImporter/UnityEditor.QuickSearchModule:UnityEditor.Search:ASIAI0B
Importing 'GUID: 86bc95e6fdb13ff43aa04316542905ae - Path: Packages/com.unity.render-pipelines.universal-config/Runtime/Unity.RenderPipelines.Universal.Config.Runtime.asmdef - Importer: ScriptedImporter/UnityEditor.QuickSearchModule:UnityEditor.Search:ASIAI0B' with importer (ScriptedImporter : UnityEditor.QuickSearchModule:UnityEditor.Search:ASIAI0B)
Imported 'GUID: 86bc95e6fdb13ff43aa04316542905ae' -> (Import Result ID: '05ee54fa96b28b08b7488fbfabc485d0') in 0.004 seconds [static and dynamic dependencies]. Details - ImportResultOutputID=c704e8667d997703ac950e3c9e3aeb0f DependenciesID=305a455876311a344facbd72c05a6859 StaticDependenciesID=1217246fa3ea755de83c9cf179608c5f 
Number of updated asset objects reloaded before import = 0
Number of asset objects unloaded after import = 1
========================================================================
Received Import Request.
  Time of request: 2026-08-21T02:53:32.3484204Z
  Time since last request: 0.0005523 seconds.
  importAddress: GUID: b13c5df96839b924b85df50f9659b9e4 - Path: Packages/com.unity.render-pipelines.universal-config/package.json - Importer: ScriptedImporter/UnityEditor.QuickSearchModule:UnityEditor.Search:ASIAI0B
Importing 'GUID: b13c5df96839b924b85df50f9659b9e4 - Path: Packages/com.unity.render-pipelines.universal-config/package.json - Importer: ScriptedImporter/UnityEditor.QuickSearchModule:UnityEditor.Search:ASIAI0B' with importer (ScriptedImporter : UnityEditor.QuickSearchModule:UnityEditor.Search:ASIAI0B)
Imported 'GUID: b13c5df96839b924b85df50f9659b9e4' -> (Import Result ID: 'c2542f97eb24611b00ac622b47325816') in 0.005 seconds [static and dynamic dependencies]. Details - ImportResultOutputID=5ffe77bf8a68601499951b32e9e0d8fb DependenciesID=c714bcad6002a3e3a5185a4c539fc5e2 StaticDependenciesID=05085181ab7443da51d1e20c603e45c4 
Number of updated asset objects reloaded before import = 0
Number of asset objects unloaded after import = 1
========================================================================
Received Import Request.
  Time of request: 2026-08-21T02:53:32.3639851Z
  Time since last request: 0.0004118 seconds.
  importAddress: GUID: 154ace4bd16de9f4e84052ac257786d6 - Path: Packages/com.unity.ide.rider/Rider/Editor/Util/CommandLineParser.cs - Importer: ScriptedImporter/UnityEditor.QuickSearchModule:UnityEditor.Search:ASIAI0B
Importing 'GUID: 154ace4bd16de9f4e84052ac257786d6 - Path: Packages/com.unity.ide.rider/Rider/Editor/Util/CommandLineParser.cs - Importer: ScriptedImporter/UnityEditor.QuickSearchModule:UnityEditor.Search:ASIAI0B' with importer (ScriptedImporter : UnityEditor.QuickSearchModule:UnityEditor.Search:ASIAI0B)
Imported 'GUID: 154ace4bd16de9f4e84052ac257786d6' -> (Import Result ID: '8c39a44143ae1e7636fd3129308f5fdd') in 0.004 seconds [static and dynamic dependencies]. Details - ImportResultOutputID=0d9d2501ba2fd962aee9be4158b2a1fd DependenciesID=6604573312c805503c2711d2cd80468e StaticDependenciesID=b00d0256bb655883a007c75ac393bbce 
Number of updated asset objects reloaded before import = 0
Number of asset objects unloaded after import = 0
========================================================================
Received Import Request.
  Time of request: 2026-08-21T02:53:32.3784329Z
  Time since last request: 0.0010238 seconds.
  importAddress: GUID: 58ab3828fb407c742a48b82bc5983a87 - Path: Packages/com.unity.ide.rider/Rider/Editor/UnitTesting/SyncTestRunCallback.cs - Importer: ScriptedImporter/UnityEditor.QuickSearchModule:UnityEditor.Search:ASIAI0B
Importing 'GUID: 58ab3828fb407c742a48b82bc5983a87 - Path: Packages/com.unity.ide.rider/Rider/Editor/UnitTesting/SyncTestRunCallback.cs - Importer: ScriptedImporter/UnityEditor.QuickSearchModule:UnityEditor.Search:ASIAI0B' with importer (ScriptedImporter : UnityEditor.QuickSearchModule:UnityEditor.Search:ASIAI0B)
Imported 'GUID: 58ab3828fb407c742a48b82bc5983a87' -> (Import Result ID: 'ae467bd1692becc136b17fa3ddf3b61b') in 0.005 seconds [static and dynamic dependencies]. Details - ImportResultOutputID=a6e7e8f8c20079fa7048daa9411203f5 DependenciesID=584b3ba092ad9701269dbfb38d3629f3 StaticDependenciesID=226db14e023811401fbd09b35702ca8d 
Number of updated asset objects reloaded before import = 0
Number of asset objects unloaded after import = 0
========================================================================
Received Import Request.
  Time of request: 2026-08-21T02:53:32.3930537Z
  Time since last request: 0.0007365 seconds.
  importAddress: GUID: 58aa570dbe0761f43b25ff6c2265bbe2 - Path: Packages/com.unity.ide.rider/Rider/Editor/UnitTesting/TestsCallback.cs - Importer: ScriptedImporter/UnityEditor.QuickSearchModule:UnityEditor.Search:ASIAI0B
Importing 'GUID: 58aa570dbe0761f43b25ff6c2265bbe2 - Path: Packages/com.unity.ide.rider/Rider/Editor/UnitTesting/TestsCallback.cs - Importer: ScriptedImporter/UnityEditor.QuickSearchModule:UnityEditor.Search:ASIAI0B' with importer (ScriptedImporter : UnityEditor.QuickSearchModule:UnityEditor.Search:ASIAI0B)
Imported 'GUID: 58aa570dbe0761f43b25ff6c2265bbe2' -> (Import Result ID: '71c01e04db34fe0756b9673d35ce82cb') in 0.004 seconds [static and dynamic dependencies]. Details - ImportResultOutputID=119622dc736a60a1c83425d974e13a3f DependenciesID=9cc4bb090aaee432f775ac1767357e00 StaticDependenciesID=115814a5240ada18a54350c61d57ecff 
Number of updated asset objects reloaded before import = 0
Number of asset objects unloaded after import = 0
========================================================================
Received Import Request.
  Time of request: 2026-08-21T02:53:32.4105752Z
  Time since last request: 0.0003674 seconds.
  importAddress: GUID: f334589a3e8ed644fa711158935ddabd - Path: Packages/com.unity.render-pipelines.universal/Editor/SavedParameter.cs - Importer: ScriptedImporter/UnityEditor.QuickSearchModule:UnityEditor.Search:ASIAI0B
Importing 'GUID: f334589a3e8ed644fa711158935ddabd - Path: Packages/com.unity.render-pipelines.universal/Editor/SavedParameter.cs - Importer: ScriptedImporter/UnityEditor.QuickSearchModule:UnityEditor.Search:ASIAI0B' with importer (ScriptedImporter : UnityEditor.QuickSearchModule:UnityEditor.Search:ASIAI0B)
Imported 'GUID: f334589a3e8ed644fa711158935ddabd' -> (Import Result ID: '022f696f1fec0695f5bbf651567e5380') in 0.004 seconds [static and dynamic dependencies]. Details - ImportResultOutputID=d949beba7d849fb5ba8adbd4262752bc DependenciesID=32c529d89799e8fc3e1395ebf69793df StaticDependenciesID=bca83fecf4cfb2fc3aec763430bf2cf2 
Number of updated asset objects reloaded before import = 0
Number of asset objects unloaded after import = 0
========================================================================
Received Import Request.
  Time of request: 2026-08-21T02:53:32.4281089Z
  Time since last request: 0.0005256 seconds.
  importAddress: GUID: 8e1f00a9be2eb66438e2835fdf1ea11b - Path: Packages/com.unity.ide.rider/Rider/Editor/Util/SerializableVersion.cs - Importer: ScriptedImporter/UnityEditor.QuickSearchModule:UnityEditor.Search:ASIAI0B
Importing 'GUID: 8e1f00a9be2eb66438e2835fdf1ea11b - Path: Packages/com.unity.ide.rider/Rider/Editor/Util/SerializableVersion.cs - Importer: ScriptedImporter/UnityEditor.QuickSearchModule:UnityEditor.Search:ASIAI0B' with importer (ScriptedImporter : UnityEditor.QuickSearchModule:UnityEditor.Search:ASIAI0B)
Imported 'GUID: 8e1f00a9be2eb66438e2835fdf1ea11b' -> (Import Result ID: '6896e61e9dd21b2a0c77d2998bbe192e') in 0.004 seconds [static and dynamic dependencies]. Details - ImportResultOutputID=0c5c8f45671724ee1cf563978b1cc4e6 DependenciesID=0b4355ee19c6e6c48608aca29d597051 StaticDependenciesID=de0a0138df67d4b4ff248f791b65442e 
Number of updated asset objects reloaded before import = 0
Number of asset objects unloaded after import = 0
========================================================================
Received Import Request.
  Time of request: 2026-08-21T02:53:32.4564227Z
  Time since last request: 0.0134835 seconds.
  importAddress: GUID: d84e8804a1d7b884fadfe260acd3935c - Path: Packages/com.unity.render-pipelines.universal/ShaderLibrary/Deprecated.cs - Importer: ScriptedImporter/UnityEditor.QuickSearchModule:UnityEditor.Search:ASIAI0B
Importing 'GUID: d84e8804a1d7b884fadfe260acd3935c - Path: Packages/com.unity.render-pipelines.universal/ShaderLibrary/Deprecated.cs - Importer: ScriptedImporter/UnityEditor.QuickSearchModule:UnityEditor.Search:ASIAI0B' with importer (ScriptedImporter : UnityEditor.QuickSearchModule:UnityEditor.Search:ASIAI0B)
Imported 'GUID: d84e8804a1d7b884fadfe260acd3935c' -> (Import Result ID: '4c78f46158f52571579245d9c8138248') in 0.005 seconds [static and dynamic dependencies]. Details - ImportResultOutputID=015f86fff026e5293745d1eb9fcf5d01 DependenciesID=eddc46f1e3a6b373ba6de63966dce2b4 StaticDependenciesID=dbad7cf7a3cabd6e67156ce2ce33c3f5 
Number of updated asset objects reloaded before import = 0
Number of asset objects unloaded after import = 0
========================================================================
Received Import Request.
  Time of request: 2026-08-21T02:53:32.4724045Z
  Time since last request: 0.0005688 seconds.
  importAddress: GUID: 2b30f99b47dd40adaf41fd8e6573daa4 - Path: Packages/com.unity.render-pipelines.universal/ShaderLibrary/GBufferInput.hlsl - Importer: ScriptedImporter/UnityEditor.QuickSearchModule:UnityEditor.Search:ASIAI0B
Importing 'GUID: 2b30f99b47dd40adaf41fd8e6573daa4 - Path: Packages/com.unity.render-pipelines.universal/ShaderLibrary/GBufferInput.hlsl - Importer: ScriptedImporter/UnityEditor.QuickSearchModule:UnityEditor.Search:ASIAI0B' with importer (ScriptedImporter : UnityEditor.QuickSearchModule:UnityEditor.Search:ASIAI0B)
Imported 'GUID: 2b30f99b47dd40adaf41fd8e6573daa4' -> (Import Result ID: '23ac71364385560c2dc0b46681de3e59') in 0.005 seconds [static and dynamic dependencies]. Details - ImportResultOutputID=1e434ecfb85f512c1183cc896200c86b DependenciesID=4750fcc1744f933c8b1b2e1893179f6d StaticDependenciesID=1cedbddacbc989639ff676e1cbb40de7 
Number of updated asset objects reloaded before import = 0
Number of asset objects unloaded after import = 1
========================================================================
Received Import Request.
  Time of request: 2026-08-21T02:53:32.4884689Z
  Time since last request: 0.0007706 seconds.
  importAddress: GUID: 31a96610f8f1dce418026fb1dec1be06 - Path: Packages/com.unity.render-pipelines.universal/ShaderLibrary/Fog.hlsl - Importer: ScriptedImporter/UnityEditor.QuickSearchModule:UnityEditor.Search:ASIAI0B
Importing 'GUID: 31a96610f8f1dce418026fb1dec1be06 - Path: Packages/com.unity.render-pipelines.universal/ShaderLibrary/Fog.hlsl - Importer: ScriptedImporter/UnityEditor.QuickSearchModule:UnityEditor.Search:ASIAI0B' with importer (ScriptedImporter : UnityEditor.QuickSearchModule:UnityEditor.Search:ASIAI0B)
Imported 'GUID: 31a96610f8f1dce418026fb1dec1be06' -> (Import Result ID: '1e38ea43914ca32ce5cfb63c13c60975') in 0.009 seconds [static and dynamic dependencies]. Details - ImportResultOutputID=69c6c3ce33ce80027b42898a3f8c50c2 DependenciesID=e788ef9cf6f64886255dcf620353271d StaticDependenciesID=f2caa52b632caf67fe7da91c1cb11916 
Number of updated asset objects reloaded before import = 0
Number of asset objects unloaded after import = 1
========================================================================
Received Import Request.
  Time of request: 2026-08-21T02:53:32.5221292Z
  Time since last request: 0.0014277 seconds.
  importAddress: GUID: cdfd6601120d40acb61c37def5977316 - Path: Packages/com.unity.render-pipelines.universal/Runtime/SpaceFillingCurves.cs - Importer: ScriptedImporter/UnityEditor.QuickSearchModule:UnityEditor.Search:ASIAI0B
Importing 'GUID: cdfd6601120d40acb61c37def5977316 - Path: Packages/com.unity.render-pipelines.universal/Runtime/SpaceFillingCurves.cs - Importer: ScriptedImporter/UnityEditor.QuickSearchModule:UnityEditor.Search:ASIAI0B' with importer (ScriptedImporter : UnityEditor.QuickSearchModule:UnityEditor.Search:ASIAI0B)
Imported 'GUID: cdfd6601120d40acb61c37def5977316' -> (Import Result ID: '8cc85290becc07a15efbff1acfa4f225') in 0.005 seconds [static and dynamic dependencies]. Details - ImportResultOutputID=4f3f3d7459e17118aa5653d37dcce937 DependenciesID=78559ff6f0976ee517f095f5f44bac67 StaticDependenciesID=a96ce05852c1c18206bf5e787fe57485 
Number of updated asset objects reloaded before import = 0
Number of asset objects unloaded after import = 0
========================================================================
Received Import Request.
  Time of request: 2026-08-21T02:53:32.5495285Z
  Time since last request: 0.000904 seconds.
  importAddress: GUID: 46662bacf9caecb4987e43ba520cc30c - Path: Packages/com.unity.render-pipelines.universal/Runtime/Documentation.cs - Importer: ScriptedImporter/UnityEditor.QuickSearchModule:UnityEditor.Search:ASIAI0B
Importing 'GUID: 46662bacf9caecb4987e43ba520cc30c - Path: Packages/com.unity.render-pipelines.universal/Runtime/Documentation.cs - Importer: ScriptedImporter/UnityEditor.QuickSearchModule:UnityEditor.Search:ASIAI0B' with importer (ScriptedImporter : UnityEditor.QuickSearchModule:UnityEditor.Search:ASIAI0B)
Imported 'GUID: 46662bacf9caecb4987e43ba520cc30c' -> (Import Result ID: '96e270f0a6e9a6966f1be0ee4ab9d4d4') in 0.005 seconds [static and dynamic dependencies]. Details - ImportResultOutputID=0c349074ee545f929d50c772f3286a3e DependenciesID=59afce301f8cd64a3dc1a0332ff9c71f StaticDependenciesID=973804efc45eb767ed893d1fb4ed73ae 
Number of updated asset objects reloaded before import = 0
Number of asset objects unloaded after import = 0
========================================================================
Received Import Request.
  Time of request: 2026-08-21T02:53:32.5678525Z
  Time since last request: 0.0006255 seconds.
  importAddress: GUID: 0e5ca08473eaf5a4ba31f382d9f51a4b - Path: Packages/com.unity.render-pipelines.universal/Runtime/StpUtils.cs - Importer: ScriptedImporter/UnityEditor.QuickSearchModule:UnityEditor.Search:ASIAI0B
Importing 'GUID: 0e5ca08473eaf5a4ba31f382d9f51a4b - Path: Packages/com.unity.render-pipelines.universal/Runtime/StpUtils.cs - Importer: ScriptedImporter/UnityEditor.QuickSearchModule:UnityEditor.Search:ASIAI0B' with importer (ScriptedImporter : UnityEditor.QuickSearchModule:UnityEditor.Search:ASIAI0B)
Imported 'GUID: 0e5ca08473eaf5a4ba31f382d9f51a4b' -> (Import Result ID: '3a61f80456d8032009bbba83d87aab7c') in 0.006 seconds [static and dynamic dependencies]. Details - ImportResultOutputID=f13bd1ff7e01418c91b99d836fa4ace1 DependenciesID=ff01b9c0dc781a4649cccbc6033498c5 StaticDependenciesID=d19e298b226717374b3242c59051aee7 
Number of updated asset objects reloaded before import = 0
Number of asset objects unloaded after import = 0
========================================================================
Received Import Request.
  Time of request: 2026-08-21T02:53:32.5847116Z
  Time since last request: 0.0004881 seconds.
  importAddress: GUID: 56aa3dcb7aefc42f293f37ba86ecd745 - Path: Packages/com.unity.render-pipelines.universal/Runtime/UniversalRendererDebug.cs - Importer: ScriptedImporter/UnityEditor.QuickSearchModule:UnityEditor.Search:ASIAI0B
Importing 'GUID: 56aa3dcb7aefc42f293f37ba86ecd745 - Path: Packages/com.unity.render-pipelines.universal/Runtime/UniversalRendererDebug.cs - Importer: ScriptedImporter/UnityEditor.QuickSearchModule:UnityEditor.Search:ASIAI0B' with importer (ScriptedImporter : UnityEditor.QuickSearchModule:UnityEditor.Search:ASIAI0B)
Imported 'GUID: 56aa3dcb7aefc42f293f37ba86ecd745' -> (Import Result ID: '4964a5a13deb4a168840811b4d5a68fb') in 0.005 seconds [static and dynamic dependencies]. Details - ImportResultOutputID=c387a02f447eea245ff21125c6b4b9c4 DependenciesID=2d8e1f2b3b433954855601e9e8137c0c StaticDependenciesID=16b23f72fb1b69922cf58da2e85fb45f 
Number of updated asset objects reloaded before import = 0
Number of asset objects unloaded after import = 0
========================================================================
Received Import Request.
  Time of request: 2026-08-21T02:53:32.6002134Z
  Time since last request: 0.0002558 seconds.
  importAddress: GUID: 4e520775f70c7bb40bab742eb999d0e4 - Path: Packages/com.unity.render-pipelines.universal/Runtime/RenderTargetBufferSystem.cs - Importer: ScriptedImporter/UnityEditor.QuickSearchModule:UnityEditor.Search:ASIAI0B
Importing 'GUID: 4e520775f70c7bb40bab742eb999d0e4 - Path: Packages/com.unity.render-pipelines.universal/Runtime/RenderTargetBufferSystem.cs - Importer: ScriptedImporter/UnityEditor.QuickSearchModule:UnityEditor.Search:ASIAI0B' with importer (ScriptedImporter : UnityEditor.QuickSearchModule:UnityEditor.Search:ASIAI0B)
Imported 'GUID: 4e520775f70c7bb40bab742eb999d0e4' -> (Import Result ID: '8a082b4f45b8dfc4ec5dea94837ece94') in 0.004 seconds [static and dynamic dependencies]. Details - ImportResultOutputID=974e0f806b440e8e8687700394953aeb DependenciesID=cb9e980849f3575fe4a0a52935070fec StaticDependenciesID=44e549199e094b1eb2d9d20e8cf67818 
Number of updated asset objects reloaded before import = 0
Number of asset objects unloaded after import = 0
========================================================================
Received Import Request.
  Time of request: 2026-08-21T02:53:32.6163298Z
  Time since last request: 0.0004265 seconds.
  importAddress: GUID: 3e4be2c2c37a850478a159473b68a63f - Path: Packages/com.unity.render-pipelines.universal/ShaderLibrary/DecalInput.hlsl - Importer: ScriptedImporter/UnityEditor.QuickSearchModule:UnityEditor.Search:ASIAI0B
Importing 'GUID: 3e4be2c2c37a850478a159473b68a63f - Path: Packages/com.unity.render-pipelines.universal/ShaderLibrary/DecalInput.hlsl - Importer: ScriptedImporter/UnityEditor.QuickSearchModule:UnityEditor.Search:ASIAI0B' with importer (ScriptedImporter : UnityEditor.QuickSearchModule:UnityEditor.Search:ASIAI0B)
Imported 'GUID: 3e4be2c2c37a850478a159473b68a63f' -> (Import Result ID: '007eae0cde712feb93256fa20a5362ed') in 0.004 seconds [static and dynamic dependencies]. Details - ImportResultOutputID=8b74ab4ee4a3b1be4d17439fb35b493d DependenciesID=317e123222493a87f380886f22e3062f StaticDependenciesID=4bad2f706c52c3c8f9dadf033907f747 
Number of updated asset objects reloaded before import = 0
Number of asset objects unloaded after import = 1
========================================================================
Received Import Request.
  Time of request: 2026-08-21T02:53:32.6312708Z
  Time since last request: 0.0005515 seconds.
  importAddress: GUID: 9050ab8b39104cd2950e888654cf80d9 - Path: Packages/com.unity.render-pipelines.universal/Runtime/UniversalCameraHistory.cs - Importer: ScriptedImporter/UnityEditor.QuickSearchModule:UnityEditor.Search:ASIAI0B
Importing 'GUID: 9050ab8b39104cd2950e888654cf80d9 - Path: Packages/com.unity.render-pipelines.universal/Runtime/UniversalCameraHistory.cs - Importer: ScriptedImporter/UnityEditor.QuickSearchModule:UnityEditor.Search:ASIAI0B' with importer (ScriptedImporter : UnityEditor.QuickSearchModule:UnityEditor.Search:ASIAI0B)
Imported 'GUID: 9050ab8b39104cd2950e888654cf80d9' -> (Import Result ID: '42bf848e25f26b48c9eed4debf87d63f') in 0.005 seconds [static and dynamic dependencies]. Details - ImportResultOutputID=6b112905029781db889b3030b367946b DependenciesID=39c4728848cf1bcae4e8ab2c72a5908c StaticDependenciesID=836daffaeaffa7bb5aed37ea4eb842f4 
Number of updated asset objects reloaded before import = 0
Number of asset objects unloaded after import = 0
========================================================================
Received Import Request.
  Time of request: 2026-08-21T02:53:32.6468602Z
  Time since last request: 0.0005596 seconds.
  importAddress: GUID: a2a66ab07b41a48198c35aa6c99d354f - Path: Packages/com.unity.render-pipelines.universal/Runtime/TemporalAA.cs - Importer: ScriptedImporter/UnityEditor.QuickSearchModule:UnityEditor.Search:ASIAI0B
Importing 'GUID: a2a66ab07b41a48198c35aa6c99d354f - Path: Packages/com.unity.render-pipelines.universal/Runtime/TemporalAA.cs - Importer: ScriptedImporter/UnityEditor.QuickSearchModule:UnityEditor.Search:ASIAI0B' with importer (ScriptedImporter : UnityEditor.QuickSearchModule:UnityEditor.Search:ASIAI0B)
Imported 'GUID: a2a66ab07b41a48198c35aa6c99d354f' -> (Import Result ID: '208f6b314d2df58961abacceac73f608') in 0.004 seconds [static and dynamic dependencies]. Details - ImportResultOutputID=9a58e41103152d91c80999245b6bb125 DependenciesID=cd119c6216cc746ece5e4a13e4b6a206 StaticDependenciesID=761de19f7dfcbb45ce06ce0510cbafbc 
Number of updated asset objects reloaded before import = 0
Number of asset objects unloaded after import = 0
========================================================================
Received Import Request.
  Time of request: 2026-08-21T02:53:32.6621398Z
  Time since last request: 0.0004725 seconds.
  importAddress: GUID: 467223c25c01847b6a07059f1b283a20 - Path: Packages/com.unity.render-pipelines.universal/Runtime/IntermediateTextureMode.cs - Importer: ScriptedImporter/UnityEditor.QuickSearchModule:UnityEditor.Search:ASIAI0B
Importing 'GUID: 467223c25c01847b6a07059f1b283a20 - Path: Packages/com.unity.render-pipelines.universal/Runtime/IntermediateTextureMode.cs - Importer: ScriptedImporter/UnityEditor.QuickSearchModule:UnityEditor.Search:ASIAI0B' with importer (ScriptedImporter : UnityEditor.QuickSearchModule:UnityEditor.Search:ASIAI0B)
Imported 'GUID: 467223c25c01847b6a07059f1b283a20' -> (Import Result ID: '4477b36fe6c0479bdd3f37e62a70f0fb') in 0.004 seconds [static and dynamic dependencies]. Details - ImportResultOutputID=3e863c041ea938cb0e212972d83c1c4a DependenciesID=ca4b2680e38e9b92198442441af9462e StaticDependenciesID=4fe778b5629df88b2a2bb976195469db 
Number of updated asset objects reloaded before import = 0
Number of asset objects unloaded after import = 0
========================================================================
Received Import Request.
  Time of request: 2026-08-21T02:53:32.6773707Z
  Time since last request: 0.0003999 seconds.
  importAddress: GUID: 71338c4661f9c40249e1fdb27df62e92 - Path: Packages/com.unity.render-pipelines.universal/ShaderLibrary/DOTS.hlsl - Importer: ScriptedImporter/UnityEditor.QuickSearchModule:UnityEditor.Search:ASIAI0B
Importing 'GUID: 71338c4661f9c40249e1fdb27df62e92 - Path: Packages/com.unity.render-pipelines.universal/ShaderLibrary/DOTS.hlsl - Importer: ScriptedImporter/UnityEditor.QuickSearchModule:UnityEditor.Search:ASIAI0B' with importer (ScriptedImporter : UnityEditor.QuickSearchModule:UnityEditor.Search:ASIAI0B)
Imported 'GUID: 71338c4661f9c40249e1fdb27df62e92' -> (Import Result ID: '2099929d8a182502c07fd1188d9e9be3') in 0.004 seconds [static and dynamic dependencies]. Details - ImportResultOutputID=99ed1f5165aab97e6ab4a5c6e38ffebc DependenciesID=5c18028cc548a02a82992cc919a059aa StaticDependenciesID=e858b5feeb824a5dbb0ae0be52147475 
Number of updated asset objects reloaded before import = 0
Number of asset objects unloaded after import = 1
========================================================================
Received Import Request.
  Time of request: 2026-08-21T02:53:32.6926092Z
  Time since last request: 0.0004466 seconds.
  importAddress: GUID: d7255bed85944a04fa68dd4d1d28022a - Path: Packages/com.unity.render-pipelines.universal/Runtime/SceneViewDrawMode.cs - Importer: ScriptedImporter/UnityEditor.QuickSearchModule:UnityEditor.Search:ASIAI0B
Importing 'GUID: d7255bed85944a04fa68dd4d1d28022a - Path: Packages/com.unity.render-pipelines.universal/Runtime/SceneViewDrawMode.cs - Importer: ScriptedImporter/UnityEditor.QuickSearchModule:UnityEditor.Search:ASIAI0B' with importer (ScriptedImporter : UnityEditor.QuickSearchModule:UnityEditor.Search:ASIAI0B)
Imported 'GUID: d7255bed85944a04fa68dd4d1d28022a' -> (Import Result ID: '36784f5b85144e0a7d5ef0b8af5c37cb') in 0.004 seconds [static and dynamic dependencies]. Details - ImportResultOutputID=a8b01ece21dd82ec0a20985ab8c7a128 DependenciesID=630ab88149cb0e4693268b4eb430f40b StaticDependenciesID=ee1e9cd2b7908af4932bf2ef8a948e77 
Number of updated asset objects reloaded before import = 0
Number of asset objects unloaded after import = 0
========================================================================
Received Import Request.
  Time of request: 2026-08-21T02:53:32.7084397Z
  Time since last request: 0.0003388 seconds.
  importAddress: GUID: 00a88cea6e93342c38794220d3168827 - Path: Packages/com.unity.render-pipelines.universal/Runtime/MotionVectors.cs - Importer: ScriptedImporter/UnityEditor.QuickSearchModule:UnityEditor.Search:ASIAI0B
Importing 'GUID: 00a88cea6e93342c38794220d3168827 - Path: Packages/com.unity.render-pipelines.universal/Runtime/MotionVectors.cs - Importer: ScriptedImporter/UnityEditor.QuickSearchModule:UnityEditor.Search:ASIAI0B' with importer (ScriptedImporter : UnityEditor.QuickSearchModule:UnityEditor.Search:ASIAI0B)
Imported 'GUID: 00a88cea6e93342c38794220d3168827' -> (Import Result ID: '6c012c5968d28f412ed3d0bda602f100') in 0.005 seconds [static and dynamic dependencies]. Details - ImportResultOutputID=297ac4381a66c848c8bb587a510c3b54 DependenciesID=b59ae90582e5a9585a8db9754f2f7cea StaticDependenciesID=0388569496afc9ae94dff66318430ffb 
Number of updated asset objects reloaded before import = 0
Number of asset objects unloaded after import = 0
========================================================================
Received Import Request.
  Time of request: 2026-08-21T02:53:32.7260597Z
  Time since last request: 0.000355 seconds.
  importAddress: GUID: a67c0bc2587298b44bc7bee9f923e8da - Path: Packages/com.unity.render-pipelines.universal/Runtime/ShadowCulling.cs - Importer: ScriptedImporter/UnityEditor.QuickSearchModule:UnityEditor.Search:ASIAI0B
Importing 'GUID: a67c0bc2587298b44bc7bee9f923e8da - Path: Packages/com.unity.render-pipelines.universal/Runtime/ShadowCulling.cs - Importer: ScriptedImporter/UnityEditor.QuickSearchModule:UnityEditor.Search:ASIAI0B' with importer (ScriptedImporter : UnityEditor.QuickSearchModule:UnityEditor.Search:ASIAI0B)
Imported 'GUID: a67c0bc2587298b44bc7bee9f923e8da' -> (Import Result ID: 'bcc6382fd73b4e36fdacf2cd22189e0e') in 0.004 seconds [static and dynamic dependencies]. Details - ImportResultOutputID=72587b49134ec640b6854548285fd76e DependenciesID=98f3b1269cec1efcf225eaac9dd5bc77 StaticDependenciesID=10ba05394ac00ccd05781e62e26b8e11 
Number of updated asset objects reloaded before import = 0
Number of asset objects unloaded after import = 0
========================================================================
Received Import Request.
  Time of request: 2026-08-21T02:53:32.75685Z
  Time since last request: 0.0157154 seconds.
  importAddress: GUID: b2555155ead696140913bef1ec93adf0 - Path: Packages/com.unity.render-pipelines.universal/ShaderLibrary/Input.hlsl - Importer: ScriptedImporter/UnityEditor.QuickSearchModule:UnityEditor.Search:ASIAI0B
Importing 'GUID: b2555155ead696140913bef1ec93adf0 - Path: Packages/com.unity.render-pipelines.universal/ShaderLibrary/Input.hlsl - Importer: ScriptedImporter/UnityEditor.QuickSearchModule:UnityEditor.Search:ASIAI0B' with importer (ScriptedImporter : UnityEditor.QuickSearchModule:UnityEditor.Search:ASIAI0B)
Imported 'GUID: b2555155ead696140913bef1ec93adf0' -> (Import Result ID: '9b73642812df82166a6c9662d5b887f2') in 0.005 seconds [static and dynamic dependencies]. Details - ImportResultOutputID=f75a50e6372b526ed5c73ccd8a2172ec DependenciesID=33884a9d74552a7b10447fc935a050c9 StaticDependenciesID=fcd1d28006dad4b8be2e861b4f7eb44e 
Number of updated asset objects reloaded before import = 0
Number of asset objects unloaded after import = 1
========================================================================
Received Import Request.
  Time of request: 2026-08-21T02:53:32.7735504Z
  Time since last request: 0.000524 seconds.
  importAddress: GUID: a20568904d9c412459181938be987e12 - Path: Packages/com.unity.render-pipelines.universal/ShaderLibrary/MotionVectorsCommon.hlsl - Importer: ScriptedImporter/UnityEditor.QuickSearchModule:UnityEditor.Search:ASIAI0B
Importing 'GUID: a20568904d9c412459181938be987e12 - Path: Packages/com.unity.render-pipelines.universal/ShaderLibrary/MotionVectorsCommon.hlsl - Importer: ScriptedImporter/UnityEditor.QuickSearchModule:UnityEditor.Search:ASIAI0B' with importer (ScriptedImporter : UnityEditor.QuickSearchModule:UnityEditor.Search:ASIAI0B)
Imported 'GUID: a20568904d9c412459181938be987e12' -> (Import Result ID: '7068edcc5c93e99e792502574cd7f4e6') in 0.005 seconds [static and dynamic dependencies]. Details - ImportResultOutputID=d09b34913b6dad5b3a29da071883e212 DependenciesID=388014c77be85c15deaf4dd2c9fd9575 StaticDependenciesID=b0212c0f21927ce7c8eb42a650a7710f 
Number of updated asset objects reloaded before import = 0
Number of asset objects unloaded after import = 1
========================================================================
Received Import Request.
  Time of request: 2026-08-21T02:53:32.7893843Z
  Time since last request: 0.0003845 seconds.
  importAddress: GUID: 573710bd101f2514f932ace958059d6a - Path: Packages/com.unity.render-pipelines.universal/Shaders/Shaders.cs - Importer: ScriptedImporter/UnityEditor.QuickSearchModule:UnityEditor.Search:ASIAI0B
Importing 'GUID: 573710bd101f2514f932ace958059d6a - Path: Packages/com.unity.render-pipelines.universal/Shaders/Shaders.cs - Importer: ScriptedImporter/UnityEditor.QuickSearchModule:UnityEditor.Search:ASIAI0B' with importer (ScriptedImporter : UnityEditor.QuickSearchModule:UnityEditor.Search:ASIAI0B)
Imported 'GUID: 573710bd101f2514f932ace958059d6a' -> (Import Result ID: '5562850363f83feb6fad7173567d7fa8') in 0.004 seconds [static and dynamic dependencies]. Details - ImportResultOutputID=0b14a5f55c69341d4566efb209c64882 DependenciesID=95c892c5e746089178626d33739ab073 StaticDependenciesID=ddd6a02e017eb823a3d63a33e64572b7 
Number of updated asset objects reloaded before import = 0
Number of asset objects unloaded after import = 0
========================================================================
Received Import Request.
  Time of request: 2026-08-21T02:53:32.8042984Z
  Time since last request: 0.0003627 seconds.
  importAddress: GUID: 688ed6f8ef8246529e7fdd721e43d639 - Path: Packages/com.unity.render-pipelines.universal/ShaderLibrary/UnityGBuffer.hlsl - Importer: ScriptedImporter/UnityEditor.QuickSearchModule:UnityEditor.Search:ASIAI0B
Importing 'GUID: 688ed6f8ef8246529e7fdd721e43d639 - Path: Packages/com.unity.render-pipelines.universal/ShaderLibrary/UnityGBuffer.hlsl - Importer: ScriptedImporter/UnityEditor.QuickSearchModule:UnityEditor.Search:ASIAI0B' with importer (ScriptedImporter : UnityEditor.QuickSearchModule:UnityEditor.Search:ASIAI0B)
Imported 'GUID: 688ed6f8ef8246529e7fdd721e43d639' -> (Import Result ID: '68b732a1136ae65927edfb78c514104b') in 0.004 seconds [static and dynamic dependencies]. Details - ImportResultOutputID=b6a4cb07760ebd667fade658da0888a4 DependenciesID=0586ea15b548b4ebd3eb89985b72ffa4 StaticDependenciesID=860b1c24809be17a31c3d1c1238a9773 
Number of updated asset objects reloaded before import = 0
Number of asset objects unloaded after import = 1
========================================================================
Received Import Request.
  Time of request: 2026-08-21T02:53:32.8187968Z
  Time since last request: 0.0003523 seconds.
  importAddress: GUID: b76d45ea333b2a049bc45c5328ef3e7c - Path: Packages/com.unity.render-pipelines.universal/Shaders/DepthNormalsPass.hlsl - Importer: ScriptedImporter/UnityEditor.QuickSearchModule:UnityEditor.Search:ASIAI0B
Importing 'GUID: b76d45ea333b2a049bc45c5328ef3e7c - Path: Packages/com.unity.render-pipelines.universal/Shaders/DepthNormalsPass.hlsl - Importer: ScriptedImporter/UnityEditor.QuickSearchModule:UnityEditor.Search:ASIAI0B' with importer (ScriptedImporter : UnityEditor.QuickSearchModule:UnityEditor.Search:ASIAI0B)
Imported 'GUID: b76d45ea333b2a049bc45c5328ef3e7c' -> (Import Result ID: 'fc170aa05e25a9955d0ccf11f948b6e2') in 0.004 seconds [static and dynamic dependencies]. Details - ImportResultOutputID=6100a4de63fa03063cdf2779f9090e54 DependenciesID=a31569ea31e1898b5eda4b5ed51fe27e StaticDependenciesID=39ff5c2b41e08eb6c8d2e438b7111e6c 
Number of updated asset objects reloaded before import = 0
Number of asset objects unloaded after import = 1
========================================================================
Received Import Request.
  Time of request: 2026-08-21T02:53:32.8347457Z
  Time since last request: 0.000397 seconds.
  importAddress: GUID: f82f912becb8b444f8f6c886f823bea6 - Path: Packages/com.unity.render-pipelines.universal/ShaderLibrary/ShaderTypes.cs - Importer: ScriptedImporter/UnityEditor.QuickSearchModule:UnityEditor.Search:ASIAI0B
Importing 'GUID: f82f912becb8b444f8f6c886f823bea6 - Path: Packages/com.unity.render-pipelines.universal/ShaderLibrary/ShaderTypes.cs - Importer: ScriptedImporter/UnityEditor.QuickSearchModule:UnityEditor.Search:ASIAI0B' with importer (ScriptedImporter : UnityEditor.QuickSearchModule:UnityEditor.Search:ASIAI0B)
Imported 'GUID: f82f912becb8b444f8f6c886f823bea6' -> (Import Result ID: '450aff7de930a5865284c6bb6c72aa2b') in 0.004 seconds [static and dynamic dependencies]. Details - ImportResultOutputID=ec98de32bba63933452af229d68e6e49 DependenciesID=c0177132d60fadb00d0b03def9d10ff6 StaticDependenciesID=13b507a9fed71f3ef1948ba1a6109e9c 
Number of updated asset objects reloaded before import = 0
Number of asset objects unloaded after import = 0
========================================================================
Received Import Request.
  Time of request: 2026-08-21T02:53:32.8500419Z
  Time since last request: 0.0003146 seconds.
  importAddress: GUID: c46f85bf266d7496d9b3659acfbdc711 - Path: Packages/com.unity.render-pipelines.universal/Shaders/LitInput.hlsl - Importer: ScriptedImporter/UnityEditor.QuickSearchModule:UnityEditor.Search:ASIAI0B
Importing 'GUID: c46f85bf266d7496d9b3659acfbdc711 - Path: Packages/com.unity.render-pipelines.universal/Shaders/LitInput.hlsl - Importer: ScriptedImporter/UnityEditor.QuickSearchModule:UnityEditor.Search:ASIAI0B' with importer (ScriptedImporter : UnityEditor.QuickSearchModule:UnityEditor.Search:ASIAI0B)
Imported 'GUID: c46f85bf266d7496d9b3659acfbdc711' -> (Import Result ID: '319c688b9df6127d6da81cfdcacd9054') in 0.004 seconds [static and dynamic dependencies]. Details - ImportResultOutputID=ced1618db5e30de036fb07f311c93190 DependenciesID=c20f33ea5f0b884cfcee5bd6060e0731 StaticDependenciesID=1f85c5f8d3b83aa9072b7109d7987531 
Number of updated asset objects reloaded before import = 0
Number of asset objects unloaded after import = 1
========================================================================
Received Import Request.
  Time of request: 2026-08-21T02:53:32.8659349Z
  Time since last request: 0.0003307 seconds.
  importAddress: GUID: 7b3ede40266cd49a395def176e1bc486 - Path: Packages/com.unity.render-pipelines.universal/Shaders/ObjectMotionVectorFallback.shader - Importer: ScriptedImporter/UnityEditor.QuickSearchModule:UnityEditor.Search:ASIAI0B
Importing 'GUID: 7b3ede40266cd49a395def176e1bc486 - Path: Packages/com.unity.render-pipelines.universal/Shaders/ObjectMotionVectorFallback.shader - Importer: ScriptedImporter/UnityEditor.QuickSearchModule:UnityEditor.Search:ASIAI0B' with importer (ScriptedImporter : UnityEditor.QuickSearchModule:UnityEditor.Search:ASIAI0B)
Imported 'GUID: 7b3ede40266cd49a395def176e1bc486' -> (Import Result ID: '885cad7469340a1a4caedb125f62504d') in 0.005 seconds [static and dynamic dependencies]. Details - ImportResultOutputID=18ccd18c93c345ac9d898d4c7ded17ba DependenciesID=19c7c0d368255e047e6875c26d562412 StaticDependenciesID=c9de2581ad011afc396608aa3ff97384 
Number of updated asset objects reloaded before import = 0
Number of asset objects unloaded after import = 1
========================================================================
Received Import Request.
  Time of request: 2026-08-21T02:53:32.8814334Z
  Time since last request: 0.000313 seconds.
  importAddress: GUID: 6564342aa7c6ca44a86b97323a311d74 - Path: Packages/com.unity.render-pipelines.universal/ShaderLibrary/UnityInput.hlsl - Importer: ScriptedImporter/UnityEditor.QuickSearchModule:UnityEditor.Search:ASIAI0B
Importing 'GUID: 6564342aa7c6ca44a86b97323a311d74 - Path: Packages/com.unity.render-pipelines.universal/ShaderLibrary/UnityInput.hlsl - Importer: ScriptedImporter/UnityEditor.QuickSearchModule:UnityEditor.Search:ASIAI0B' with importer (ScriptedImporter : UnityEditor.QuickSearchModule:UnityEditor.Search:ASIAI0B)
Imported 'GUID: 6564342aa7c6ca44a86b97323a311d74' -> (Import Result ID: '5398cb2dfaab27a28acbeeace8546073') in 0.005 seconds [static and dynamic dependencies]. Details - ImportResultOutputID=4121c882dbdc8f1aee329799d7121f0f DependenciesID=fc27d342ee3420be88cccb85bbe0a96f StaticDependenciesID=bdaffd4ec0cbf6643187f553b2ea5071 
Number of updated asset objects reloaded before import = 0
Number of asset objects unloaded after import = 1
========================================================================
Received Import Request.
  Time of request: 2026-08-21T02:53:32.8973259Z
  Time since last request: 0.0003827 seconds.
  importAddress: GUID: 573542356fb54fe4583ff78639189cf8 - Path: Packages/com.unity.render-pipelines.universal/ShaderLibrary/UniversalMetaPass.hlsl - Importer: ScriptedImporter/UnityEditor.QuickSearchModule:UnityEditor.Search:ASIAI0B
Importing 'GUID: 573542356fb54fe4583ff78639189cf8 - Path: Packages/com.unity.render-pipelines.universal/ShaderLibrary/UniversalMetaPass.hlsl - Importer: ScriptedImporter/UnityEditor.QuickSearchModule:UnityEditor.Search:ASIAI0B' with importer (ScriptedImporter : UnityEditor.QuickSearchModule:UnityEditor.Search:ASIAI0B)
Imported 'GUID: 573542356fb54fe4583ff78639189cf8' -> (Import Result ID: '17576e7ce489dbb535072ee715297dee') in 0.005 seconds [static and dynamic dependencies]. Details - ImportResultOutputID=4a1735be7d634a511008955aada97689 DependenciesID=685705cc2aa45863b2582d5f9c435331 StaticDependenciesID=75ae5a62565bb7c755955a689386c2fc 
Number of updated asset objects reloaded before import = 0
Number of asset objects unloaded after import = 1
========================================================================
Received Import Request.
  Time of request: 2026-08-21T02:53:32.9127852Z
  Time since last request: 0.0004636 seconds.
  importAddress: GUID: 92673cbb58cac8e4d8b5d044ce912dd8 - Path: Packages/com.unity.render-pipelines.universal/Shaders/LitGBufferPass.hlsl - Importer: ScriptedImporter/UnityEditor.QuickSearchModule:UnityEditor.Search:ASIAI0B
Importing 'GUID: 92673cbb58cac8e4d8b5d044ce912dd8 - Path: Packages/com.unity.render-pipelines.universal/Shaders/LitGBufferPass.hlsl - Importer: ScriptedImporter/UnityEditor.QuickSearchModule:UnityEditor.Search:ASIAI0B' with importer (ScriptedImporter : UnityEditor.QuickSearchModule:UnityEditor.Search:ASIAI0B)
Imported 'GUID: 92673cbb58cac8e4d8b5d044ce912dd8' -> (Import Result ID: 'ba583b5af8e6c15316a343e3388b94d0') in 0.004 seconds [static and dynamic dependencies]. Details - ImportResultOutputID=e3ea8f4d3c20963c70e7f18f54593b99 DependenciesID=d6e5f44bd88de5cd2e5e5609992ff7b0 StaticDependenciesID=960b680d5ba5766eb51dd477f90e925d 
Number of updated asset objects reloaded before import = 0
Number of asset objects unloaded after import = 1
========================================================================
Received Import Request.
  Time of request: 2026-08-21T02:53:32.9293518Z
  Time since last request: 0.0003753 seconds.
  importAddress: GUID: 762f0a4829f44584ba01e2f0661150d9 - Path: Packages/com.unity.render-pipelines.universal/ShaderLibrary/Lighting.hlsl - Importer: ScriptedImporter/UnityEditor.QuickSearchModule:UnityEditor.Search:ASIAI0B
Importing 'GUID: 762f0a4829f44584ba01e2f0661150d9 - Path: Packages/com.unity.render-pipelines.universal/ShaderLibrary/Lighting.hlsl - Importer: ScriptedImporter/UnityEditor.QuickSearchModule:UnityEditor.Search:ASIAI0B' with importer (ScriptedImporter : UnityEditor.QuickSearchModule:UnityEditor.Search:ASIAI0B)
Imported 'GUID: 762f0a4829f44584ba01e2f0661150d9' -> (Import Result ID: 'eefdfc3af0e896cea748b3d4518147ae') in 0.004 seconds [static and dynamic dependencies]. Details - ImportResultOutputID=273890a608bf98d5eed0adc9ad203f04 DependenciesID=02e459fc9f0f6f4f8ef59ec6404b8fc7 StaticDependenciesID=f5bb423c83169d1baa4a882625bd9694 
Number of updated asset objects reloaded before import = 0
Number of asset objects unloaded after import = 1
========================================================================
Received Import Request.
  Time of request: 2026-08-21T02:53:32.9452047Z
  Time since last request: 0.000386 seconds.
  importAddress: GUID: 20013f01a8cbaef4c9545926c27b8d73 - Path: Packages/com.unity.render-pipelines.universal/ShaderLibrary/NormalReconstruction.hlsl - Importer: ScriptedImporter/UnityEditor.QuickSearchModule:UnityEditor.Search:ASIAI0B
Importing 'GUID: 20013f01a8cbaef4c9545926c27b8d73 - Path: Packages/com.unity.render-pipelines.universal/ShaderLibrary/NormalReconstruction.hlsl - Importer: ScriptedImporter/UnityEditor.QuickSearchModule:UnityEditor.Search:ASIAI0B' with importer (ScriptedImporter : UnityEditor.QuickSearchModule:UnityEditor.Search:ASIAI0B)
Imported 'GUID: 20013f01a8cbaef4c9545926c27b8d73' -> (Import Result ID: 'ddd58ba46b77955b489b129469724e4c') in 0.005 seconds [static and dynamic dependencies]. Details - ImportResultOutputID=389ad2dff9aeb3522d71aa3291aa43b2 DependenciesID=e338330a0665c915f7f73da2fb2194db StaticDependenciesID=572ab3aa28e9de48d8a21128bedaf564 
Number of updated asset objects reloaded before import = 0
Number of asset objects unloaded after import = 1
========================================================================
Received Import Request.
  Time of request: 2026-08-21T02:53:32.9619256Z
  Time since last request: 0.0003365 seconds.
  importAddress: GUID: 91bd1404255c4cb28a6c81f20300308f - Path: Packages/com.unity.render-pipelines.universal/ShaderLibrary/UniversalDOTSInstancing.hlsl - Importer: ScriptedImporter/UnityEditor.QuickSearchModule:UnityEditor.Search:ASIAI0B
Importing 'GUID: 91bd1404255c4cb28a6c81f20300308f - Path: Packages/com.unity.render-pipelines.universal/ShaderLibrary/UniversalDOTSInstancing.hlsl - Importer: ScriptedImporter/UnityEditor.QuickSearchModule:UnityEditor.Search:ASIAI0B' with importer (ScriptedImporter : UnityEditor.QuickSearchModule:UnityEditor.Search:ASIAI0B)
Imported 'GUID: 91bd1404255c4cb28a6c81f20300308f' -> (Import Result ID: '89b85548e896c1b3d979d0bf9076e680') in 0.004 seconds [static and dynamic dependencies]. Details - ImportResultOutputID=9a7d19fb5be966ac4217ddec0a243d87 DependenciesID=e2555ab84844f2a7dacf89663ccf2b52 StaticDependenciesID=0ce570c9d8a228ea2c362862edc1f991 
Number of updated asset objects reloaded before import = 0
Number of asset objects unloaded after import = 1
========================================================================
Received Import Request.
  Time of request: 2026-08-21T02:53:32.9775058Z
  Time since last request: 0.000509 seconds.
  importAddress: GUID: bcd650cf6823f4f7fb62fe0eccae07b0 - Path: Packages/com.unity.render-pipelines.universal/ShaderLibrary/RenderingLayers.hlsl - Importer: ScriptedImporter/UnityEditor.QuickSearchModule:UnityEditor.Search:ASIAI0B
Importing 'GUID: bcd650cf6823f4f7fb62fe0eccae07b0 - Path: Packages/com.unity.render-pipelines.universal/ShaderLibrary/RenderingLayers.hlsl - Importer: ScriptedImporter/UnityEditor.QuickSearchModule:UnityEditor.Search:ASIAI0B' with importer (ScriptedImporter : UnityEditor.QuickSearchModule:UnityEditor.Search:ASIAI0B)
Imported 'GUID: bcd650cf6823f4f7fb62fe0eccae07b0' -> (Import Result ID: '863f4207768ee4a4ca76075cbb5dae7c') in 0.004 seconds [static and dynamic dependencies]. Details - ImportResultOutputID=ba0dba4366b69422d90e0aca21ff4a10 DependenciesID=f1c3f67ab6a0d57551448ec8750c6481 StaticDependenciesID=fa87bb21b31fd477238eeff03c99a1f7 
Number of updated asset objects reloaded before import = 0
Number of asset objects unloaded after import = 1
========================================================================
Received Import Request.
  Time of request: 2026-08-21T02:53:32.9927208Z
  Time since last request: 0.0004945 seconds.
  importAddress: GUID: fb6390f650ca44a5ba3246d8dda47927 - Path: Packages/com.unity.render-pipelines.universal/Shaders/FullscreenInvertColors.shadergraph - Importer: ScriptedImporter/UnityEditor.QuickSearchModule:UnityEditor.Search:ASIAI0B
Importing 'GUID: fb6390f650ca44a5ba3246d8dda47927 - Path: Packages/com.unity.render-pipelines.universal/Shaders/FullscreenInvertColors.shadergraph - Importer: ScriptedImporter/UnityEditor.QuickSearchModule:UnityEditor.Search:ASIAI0B' with importer (ScriptedImporter : UnityEditor.QuickSearchModule:UnityEditor.Search:ASIAI0B)
Imported 'GUID: fb6390f650ca44a5ba3246d8dda47927' -> (Import Result ID: '2c670ccd9a6415a91a1fbf68846d160e') in 0.024 seconds [static and dynamic dependencies]. Details - ImportResultOutputID=892ba788c246a0b7942ec45bed6ed330 DependenciesID=a78664ec0779b984eaf3d51667e77326 StaticDependenciesID=54d6bacec724bd218d156711cc35c944 
Number of updated asset objects reloaded before import = 0
Number of asset objects unloaded after import = 5
========================================================================
Received Import Request.
  Time of request: 2026-08-21T02:53:33.0340191Z
  Time since last request: 0.0072562 seconds.
  importAddress: GUID: 574332cc54d34b3b96cd214f5febe833 - Path: Packages/com.unity.render-pipelines.universal/Shaders/UnlitForwardPass.hlsl - Importer: ScriptedImporter/UnityEditor.QuickSearchModule:UnityEditor.Search:ASIAI0B
Importing 'GUID: 574332cc54d34b3b96cd214f5febe833 - Path: Packages/com.unity.render-pipelines.universal/Shaders/UnlitForwardPass.hlsl - Importer: ScriptedImporter/UnityEditor.QuickSearchModule:UnityEditor.Search:ASIAI0B' with importer (ScriptedImporter : UnityEditor.QuickSearchModule:UnityEditor.Search:ASIAI0B)
Imported 'GUID: 574332cc54d34b3b96cd214f5febe833' -> (Import Result ID: 'e404ac31824e3a54bb77467cd124fa9d') in 0.006 seconds [static and dynamic dependencies]. Details - ImportResultOutputID=6e91f5f8ba7d7ae979478899b808f4c5 DependenciesID=f5cdf49039b4ff00b00bfcd3a76580f8 StaticDependenciesID=d1fa925302f3cc0b5dd9cb9a335b59cd 
Number of updated asset objects reloaded before import = 0
Number of asset objects unloaded after import = 1
========================================================================
Received Import Request.
  Time of request: 2026-08-21T02:53:33.0502468Z
  Time since last request: 0.0003286 seconds.
  importAddress: GUID: ce8b43269e26f4263ac0da53665264b9 - Path: Packages/com.unity.render-pipelines.universal/Shaders/UnlitDepthNormalsPass.hlsl - Importer: ScriptedImporter/UnityEditor.QuickSearchModule:UnityEditor.Search:ASIAI0B
Importing 'GUID: ce8b43269e26f4263ac0da53665264b9 - Path: Packages/com.unity.render-pipelines.universal/Shaders/UnlitDepthNormalsPass.hlsl - Importer: ScriptedImporter/UnityEditor.QuickSearchModule:UnityEditor.Search:ASIAI0B' with importer (ScriptedImporter : UnityEditor.QuickSearchModule:UnityEditor.Search:ASIAI0B)
Imported 'GUID: ce8b43269e26f4263ac0da53665264b9' -> (Import Result ID: '0766f6d7362e96eea4e25f66220ac244') in 0.006 seconds [static and dynamic dependencies]. Details - ImportResultOutputID=2231da14216cdb36a3759e50f8162718 DependenciesID=acc4ba56196e59024c02c4d96d6fa030 StaticDependenciesID=98f59d7a8eac3dfedb4f7cfc5f43ca81 
Number of updated asset objects reloaded before import = 0
Number of asset objects unloaded after import = 1
========================================================================
Received Import Request.
  Time of request: 2026-08-21T02:53:33.0667964Z
  Time since last request: 0.0002442 seconds.
  importAddress: GUID: e8b802ac01d87144b91f12f40c1f2659 - Path: Packages/com.unity.render-pipelines.universal/Shaders/SpatialMappingWireframe.shader - Importer: ScriptedImporter/UnityEditor.QuickSearchModule:UnityEditor.Search:ASIAI0B
Importing 'GUID: e8b802ac01d87144b91f12f40c1f2659 - Path: Packages/com.unity.render-pipelines.universal/Shaders/SpatialMappingWireframe.shader - Importer: ScriptedImporter/UnityEditor.QuickSearchModule:UnityEditor.Search:ASIAI0B' with importer (ScriptedImporter : UnityEditor.QuickSearchModule:UnityEditor.Search:ASIAI0B)
Imported 'GUID: e8b802ac01d87144b91f12f40c1f2659' -> (Import Result ID: '31dcedbc0dec6f6302633cbcb4f214af') in 0.005 seconds [static and dynamic dependencies]. Details - ImportResultOutputID=11cb719087971a599635490fe8fb0116 DependenciesID=bb2cb9fe4c6c016cf8cea5ad8c6f6a0a StaticDependenciesID=bebadf4db6d36780c83adbff8f787c93 
Number of updated asset objects reloaded before import = 0
Number of asset objects unloaded after import = 1
========================================================================
Received Import Request.
  Time of request: 2026-08-21T02:53:33.083033Z
  Time since last request: 0.0003053 seconds.
  importAddress: GUID: df92998552b941e79fe2ceca76b5288f - Path: Packages/com.unity.render-pipelines.universal/Editor/Converter/Converters.cs - Importer: ScriptedImporter/UnityEditor.QuickSearchModule:UnityEditor.Search:ASIAI0B
Importing 'GUID: df92998552b941e79fe2ceca76b5288f - Path: Packages/com.unity.render-pipelines.universal/Editor/Converter/Converters.cs - Importer: ScriptedImporter/UnityEditor.QuickSearchModule:UnityEditor.Search:ASIAI0B' with importer (ScriptedImporter : UnityEditor.QuickSearchModule:UnityEditor.Search:ASIAI0B)
Imported 'GUID: df92998552b941e79fe2ceca76b5288f' -> (Import Result ID: '04d2e135eedbc8be6c3a1b1f1d07f45f') in 0.005 seconds [static and dynamic dependencies]. Details - ImportResultOutputID=6da6cb75eb51109eef11abb2168b97e4 DependenciesID=8beb15563f992283cfb2aad889d575b7 StaticDependenciesID=a415f8ad704d68754539b524e762c326 
Number of updated asset objects reloaded before import = 0
Number of asset objects unloaded after import = 0
========================================================================
Received Import Request.
  Time of request: 2026-08-21T02:53:33.0976254Z
  Time since last request: 0.000416 seconds.
  importAddress: GUID: 394142e3bac6ced4e9a0455ad99650fc - Path: Packages/com.unity.render-pipelines.universal/Editor/AssetPostProcessors/PhysicalMaterial3DsMaxPreprocessor.cs - Importer: ScriptedImporter/UnityEditor.QuickSearchModule:UnityEditor.Search:ASIAI0B
Importing 'GUID: 394142e3bac6ced4e9a0455ad99650fc - Path: Packages/com.unity.render-pipelines.universal/Editor/AssetPostProcessors/PhysicalMaterial3DsMaxPreprocessor.cs - Importer: ScriptedImporter/UnityEditor.QuickSearchModule:UnityEditor.Search:ASIAI0B' with importer (ScriptedImporter : UnityEditor.QuickSearchModule:UnityEditor.Search:ASIAI0B)
Imported 'GUID: 394142e3bac6ced4e9a0455ad99650fc' -> (Import Result ID: '3c80fd205d0d30461d2e5093c6578253') in 0.004 seconds [static and dynamic dependencies]. Details - ImportResultOutputID=14a743550c2d365f0b981ece1855b697 DependenciesID=adae48e3e4473ac70d994ca7e2d1651c StaticDependenciesID=954f4b18ed1e9d4d017de8757320eeed 
Number of updated asset objects reloaded before import = 0
Number of asset objects unloaded after import = 0
========================================================================
Received Import Request.
  Time of request: 2026-08-21T02:53:33.1154421Z
  Time since last request: 0.000502 seconds.
  importAddress: GUID: 52920728defd4efc99bfb3f61e16efa4 - Path: Packages/com.unity.render-pipelines.universal/Editor/Converter/InitializeConverterContext.cs - Importer: ScriptedImporter/UnityEditor.QuickSearchModule:UnityEditor.Search:ASIAI0B
Importing 'GUID: 52920728defd4efc99bfb3f61e16efa4 - Path: Packages/com.unity.render-pipelines.universal/Editor/Converter/InitializeConverterContext.cs - Importer: ScriptedImporter/UnityEditor.QuickSearchModule:UnityEditor.Search:ASIAI0B' with importer (ScriptedImporter : UnityEditor.QuickSearchModule:UnityEditor.Search:ASIAI0B)
Imported 'GUID: 52920728defd4efc99bfb3f61e16efa4' -> (Import Result ID: '15a9b88d04d8227ead5324e979180254') in 0.004 seconds [static and dynamic dependencies]. Details - ImportResultOutputID=3050066a9a4378a76833f1c2b13f0c9a DependenciesID=b6dfa266ddf8f3984f08e28bf0b6420c StaticDependenciesID=da57cdc79de58323bf70f5cfbf844de4 
Number of updated asset objects reloaded before import = 0
Number of asset objects unloaded after import = 0
========================================================================
Received Import Request.
  Time of request: 2026-08-21T02:53:33.1318012Z
  Time since last request: 0.0004635 seconds.
  importAddress: GUID: 5a6bc694ac42d3343b113dd49606145c - Path: Packages/com.unity.render-pipelines.universal/Editor/Camera/UniversalRenderPipelineCameraUI.Output.Drawers.cs - Importer: ScriptedImporter/UnityEditor.QuickSearchModule:UnityEditor.Search:ASIAI0B
Importing 'GUID: 5a6bc694ac42d3343b113dd49606145c - Path: Packages/com.unity.render-pipelines.universal/Editor/Camera/UniversalRenderPipelineCameraUI.Output.Drawers.cs - Importer: ScriptedImporter/UnityEditor.QuickSearchModule:UnityEditor.Search:ASIAI0B' with importer (ScriptedImporter : UnityEditor.QuickSearchModule:UnityEditor.Search:ASIAI0B)
Imported 'GUID: 5a6bc694ac42d3343b113dd49606145c' -> (Import Result ID: '643b16f43d3167163291202082b4aa68') in 0.005 seconds [static and dynamic dependencies]. Details - ImportResultOutputID=af0dd57213ec9591af65073bcca09090 DependenciesID=a7e6b657c706416b8ff781682ba834ca StaticDependenciesID=7603124c56ecb554c85e20788bd09a58 
Number of updated asset objects reloaded before import = 0
Number of asset objects unloaded after import = 0
========================================================================
Received Import Request.
  Time of request: 2026-08-21T02:53:33.1465309Z
  Time since last request: 0.0005391 seconds.
  importAddress: GUID: d69b82b363f561049985d33b03059590 - Path: Packages/com.unity.render-pipelines.universal/Editor/Converter/RenderPipelineConverterContainer.cs - Importer: ScriptedImporter/UnityEditor.QuickSearchModule:UnityEditor.Search:ASIAI0B
Importing 'GUID: d69b82b363f561049985d33b03059590 - Path: Packages/com.unity.render-pipelines.universal/Editor/Converter/RenderPipelineConverterContainer.cs - Importer: ScriptedImporter/UnityEditor.QuickSearchModule:UnityEditor.Search:ASIAI0B' with importer (ScriptedImporter : UnityEditor.QuickSearchModule:UnityEditor.Search:ASIAI0B)
Imported 'GUID: d69b82b363f561049985d33b03059590' -> (Import Result ID: 'fa1d26717b1eb23a7bdfadd7f44db80a') in 0.004 seconds [static and dynamic dependencies]. Details - ImportResultOutputID=ed46e37fc146f9c631c810fb6734481b DependenciesID=c5208a153d4c4aef4e7a6917b1f92b2b StaticDependenciesID=fe57b5e20c574be25640ed6f10648904 
Number of updated asset objects reloaded before import = 0
Number of asset objects unloaded after import = 0
========================================================================
Received Import Request.
  Time of request: 2026-08-21T02:53:33.1609273Z
  Time since last request: 0.0002967 seconds.
  importAddress: GUID: 210f441e9bc1d0c4888c4369d2c0859f - Path: Packages/com.unity.render-pipelines.universal/Editor/2D/PixelPerfectCameraEditor.cs - Importer: ScriptedImporter/UnityEditor.QuickSearchModule:UnityEditor.Search:ASIAI0B
Importing 'GUID: 210f441e9bc1d0c4888c4369d2c0859f - Path: Packages/com.unity.render-pipelines.universal/Editor/2D/PixelPerfectCameraEditor.cs - Importer: ScriptedImporter/UnityEditor.QuickSearchModule:UnityEditor.Search:ASIAI0B' with importer (ScriptedImporter : UnityEditor.QuickSearchModule:UnityEditor.Search:ASIAI0B)
Imported 'GUID: 210f441e9bc1d0c4888c4369d2c0859f' -> (Import Result ID: '803640806772d70a86dba4f9030d77c8') in 0.005 seconds [static and dynamic dependencies]. Details - ImportResultOutputID=8b3d895b4ab767164f1391d86462ae31 DependenciesID=3b2b44f77d61d92c175a930d08c0eb3b StaticDependenciesID=d6990e82e3f3b7f42dbd4c981589909f 
Number of updated asset objects reloaded before import = 0
Number of asset objects unloaded after import = 0
========================================================================
Received Import Request.
  Time of request: 2026-08-21T02:53:33.1759269Z
  Time since last request: 0.0003319 seconds.
  importAddress: GUID: 258887e488db43041a92d45ddb4f2a4d - Path: Packages/com.unity.render-pipelines.universal/Editor/2D/FreeformPathPresets.cs - Importer: ScriptedImporter/UnityEditor.QuickSearchModule:UnityEditor.Search:ASIAI0B
Importing 'GUID: 258887e488db43041a92d45ddb4f2a4d - Path: Packages/com.unity.render-pipelines.universal/Editor/2D/FreeformPathPresets.cs - Importer: ScriptedImporter/UnityEditor.QuickSearchModule:UnityEditor.Search:ASIAI0B' with importer (ScriptedImporter : UnityEditor.QuickSearchModule:UnityEditor.Search:ASIAI0B)
Imported 'GUID: 258887e488db43041a92d45ddb4f2a4d' -> (Import Result ID: '99bac73a8870912e0cd1111074b5833b') in 0.010 seconds [static and dynamic dependencies]. Details - ImportResultOutputID=8afeaf17479da4eafeaa40c42e56ce8d DependenciesID=e3175e128d9ca1c43bbe512770881506 StaticDependenciesID=3287e98b32c666ef40371b85f985e430 
Number of updated asset objects reloaded before import = 0
Number of asset objects unloaded after import = 0
========================================================================
Received Import Request.
  Time of request: 2026-08-21T02:53:33.1977373Z
  Time since last request: 0.0006119 seconds.
  importAddress: GUID: 7db8784515f96cf459209aeab8ad7ce3 - Path: Packages/com.unity.render-pipelines.universal/Editor/Decal/CreateDecalShaderGraph.cs - Importer: ScriptedImporter/UnityEditor.QuickSearchModule:UnityEditor.Search:ASIAI0B
Importing 'GUID: 7db8784515f96cf459209aeab8ad7ce3 - Path: Packages/com.unity.render-pipelines.universal/Editor/Decal/CreateDecalShaderGraph.cs - Importer: ScriptedImporter/UnityEditor.QuickSearchModule:UnityEditor.Search:ASIAI0B' with importer (ScriptedImporter : UnityEditor.QuickSearchModule:UnityEditor.Search:ASIAI0B)
Imported 'GUID: 7db8784515f96cf459209aeab8ad7ce3' -> (Import Result ID: 'f7747df44aa7e383261f8a26e13c200d') in 0.006 seconds [static and dynamic dependencies]. Details - ImportResultOutputID=4046963db9e9f25ebd9e3941b6405471 DependenciesID=41bff94b458de2c53f6ac0df8d9ea352 StaticDependenciesID=76cbd1eecdff74ba0739bcc23aa08124 
Number of updated asset objects reloaded before import = 0
Number of asset objects unloaded after import = 0
========================================================================
Received Import Request.
  Time of request: 2026-08-21T02:53:33.2162501Z
  Time since last request: 0.0005928 seconds.
  importAddress: GUID: 17ea29e638a319a48b6ec0f98c462d7e - Path: Packages/com.unity.render-pipelines.universal/Editor/AssetPostProcessors/FBXMaterialDescriptionPreprocessor.cs - Importer: ScriptedImporter/UnityEditor.QuickSearchModule:UnityEditor.Search:ASIAI0B
Importing 'GUID: 17ea29e638a319a48b6ec0f98c462d7e - Path: Packages/com.unity.render-pipelines.universal/Editor/AssetPostProcessors/FBXMaterialDescriptionPreprocessor.cs - Importer: ScriptedImporter/UnityEditor.QuickSearchModule:UnityEditor.Search:ASIAI0B' with importer (ScriptedImporter : UnityEditor.QuickSearchModule:UnityEditor.Search:ASIAI0B)
Imported 'GUID: 17ea29e638a319a48b6ec0f98c462d7e' -> (Import Result ID: '68fa83ef27880e6095a2de8273f015e0') in 0.005 seconds [static and dynamic dependencies]. Details - ImportResultOutputID=347cdbcc33b659aa9dbaa2f271dfc5fd DependenciesID=1d056812d4ce4c2d4de8962f11bb17e3 StaticDependenciesID=734750cf484732c4241cea5d96b63265 
Number of updated asset objects reloaded before import = 0
Number of asset objects unloaded after import = 0
========================================================================
Received Import Request.
  Time of request: 2026-08-21T02:53:33.2390262Z
  Time since last request: 0.0004282 seconds.
  importAddress: GUID: e7ba75cc852b14b7f934978b5697bf1b - Path: Packages/com.unity.render-pipelines.universal/Shaders/UnlitInput.hlsl - Importer: ScriptedImporter/UnityEditor.QuickSearchModule:UnityEditor.Search:ASIAI0B
Importing 'GUID: e7ba75cc852b14b7f934978b5697bf1b - Path: Packages/com.unity.render-pipelines.universal/Shaders/UnlitInput.hlsl - Importer: ScriptedImporter/UnityEditor.QuickSearchModule:UnityEditor.Search:ASIAI0B' with importer (ScriptedImporter : UnityEditor.QuickSearchModule:UnityEditor.Search:ASIAI0B)
Imported 'GUID: e7ba75cc852b14b7f934978b5697bf1b' -> (Import Result ID: 'a0c8f863ffe0cc01d1e39752d9f449e8') in 0.005 seconds [static and dynamic dependencies]. Details - ImportResultOutputID=f6d08704088c4563c0cb1e44f56d8c1d DependenciesID=20b14dd67c009b4b22e3f7566bedc9ff StaticDependenciesID=562bc4b069dd3486ad531bb4075274b8 
Number of updated asset objects reloaded before import = 0
Number of asset objects unloaded after import = 1
========================================================================
Received Import Request.
  Time of request: 2026-08-21T02:53:33.2628058Z
  Time since last request: 0.0003572 seconds.
  importAddress: GUID: 62e1d3960d9dba84780a633cbb9f63c2 - Path: Packages/com.unity.render-pipelines.universal/Editor/2D/Light2DEditorUtility.cs - Importer: ScriptedImporter/UnityEditor.QuickSearchModule:UnityEditor.Search:ASIAI0B
Importing 'GUID: 62e1d3960d9dba84780a633cbb9f63c2 - Path: Packages/com.unity.render-pipelines.universal/Editor/2D/Light2DEditorUtility.cs - Importer: ScriptedImporter/UnityEditor.QuickSearchModule:UnityEditor.Search:ASIAI0B' with importer (ScriptedImporter : UnityEditor.QuickSearchModule:UnityEditor.Search:ASIAI0B)
Imported 'GUID: 62e1d3960d9dba84780a633cbb9f63c2' -> (Import Result ID: '196b16ded2955e68e95d7e7a0a45f612') in 0.005 seconds [static and dynamic dependencies]. Details - ImportResultOutputID=9b10f38b247a6bf5f56c66cb5a028e4c DependenciesID=f1ec2c5b8ecc6cd8237a4458b596cb50 StaticDependenciesID=09ffa1fbef214e6430c9fa93023d8db0 
Number of updated asset objects reloaded before import = 0
Number of asset objects unloaded after import = 0
========================================================================
Received Import Request.
  Time of request: 2026-08-21T02:53:33.2801593Z
  Time since last request: 0.0006237 seconds.
  importAddress: GUID: 39262bb9f1f65f040aefacd75fbd0e47 - Path: Packages/com.unity.render-pipelines.universal/Editor/Decal/DecalPass.template - Importer: ScriptedImporter/UnityEditor.QuickSearchModule:UnityEditor.Search:ASIAI0B
Importing 'GUID: 39262bb9f1f65f040aefacd75fbd0e47 - Path: Packages/com.unity.render-pipelines.universal/Editor/Decal/DecalPass.template - Importer: ScriptedImporter/UnityEditor.QuickSearchModule:UnityEditor.Search:ASIAI0B' with importer (ScriptedImporter : UnityEditor.QuickSearchModule:UnityEditor.Search:ASIAI0B)
Imported 'GUID: 39262bb9f1f65f040aefacd75fbd0e47' -> (Import Result ID: '8fcf3df2548e5783bfa4e8810640f9db') in 0.006 seconds [static and dynamic dependencies]. Details - ImportResultOutputID=cd8fd8b79daa461c8138afb83d5c4963 DependenciesID=d34433bb8e650900b3a97b8a45aa0312 StaticDependenciesID=72da43c357f4f43145977e5087a6fbaa 
Number of updated asset objects reloaded before import = 0
Number of asset objects unloaded after import = 1
========================================================================
Received Import Request.
  Time of request: 2026-08-21T02:53:33.2954263Z
  Time since last request: 0.0003583 seconds.
  importAddress: GUID: 9b18b0fc0f8fa024bad93dc11774b8f4 - Path: Packages/com.unity.render-pipelines.universal/Editor/Decal/CreateDecalProjector.cs - Importer: ScriptedImporter/UnityEditor.QuickSearchModule:UnityEditor.Search:ASIAI0B
Importing 'GUID: 9b18b0fc0f8fa024bad93dc11774b8f4 - Path: Packages/com.unity.render-pipelines.universal/Editor/Decal/CreateDecalProjector.cs - Importer: ScriptedImporter/UnityEditor.QuickSearchModule:UnityEditor.Search:ASIAI0B' with importer (ScriptedImporter : UnityEditor.QuickSearchModule:UnityEditor.Search:ASIAI0B)
Imported 'GUID: 9b18b0fc0f8fa024bad93dc11774b8f4' -> (Import Result ID: '1f3a28d0b011d61991ac2e314bf4c6d6') in 0.004 seconds [static and dynamic dependencies]. Details - ImportResultOutputID=f5c1a1fdbd274ffe25120f2442219655 DependenciesID=66146c9f5157f4126b9cb236758076f7 StaticDependenciesID=e5458fb503b1aa18a08c3cbf70c3d01a 
Number of updated asset objects reloaded before import = 0
Number of asset objects unloaded after import = 0
========================================================================
Received Import Request.
  Time of request: 2026-08-21T02:53:33.3168181Z
  Time since last request: 0.0083552 seconds.
  importAddress: GUID: 471d118113469fd45ba63677546e2020 - Path: Packages/com.unity.render-pipelines.universal/Editor/Overrides/ColorCurvesEditor.cs - Importer: ScriptedImporter/UnityEditor.QuickSearchModule:UnityEditor.Search:ASIAI0B
Importing 'GUID: 471d118113469fd45ba63677546e2020 - Path: Packages/com.unity.render-pipelines.universal/Editor/Overrides/ColorCurvesEditor.cs - Importer: ScriptedImporter/UnityEditor.QuickSearchModule:UnityEditor.Search:ASIAI0B' with importer (ScriptedImporter : UnityEditor.QuickSearchModule:UnityEditor.Search:ASIAI0B)
Imported 'GUID: 471d118113469fd45ba63677546e2020' -> (Import Result ID: '160b050c9e1cd4b941ca3e11189b8df9') in 0.005 seconds [static and dynamic dependencies]. Details - ImportResultOutputID=876d3bfab8a96017881b26bcd67675ab DependenciesID=28adb4bca6bbdde4bb607965fe60f7b2 StaticDependenciesID=c3903bcc8e8226b86f7db28e5bb50652 
Number of updated asset objects reloaded before import = 0
Number of asset objects unloaded after import = 0
========================================================================
Received Import Request.
  Time of request: 2026-08-21T02:53:33.3344037Z
  Time since last request: 0.0027072 seconds.
  importAddress: GUID: a1f945299a132004b958edeb1e9441dd - Path: Packages/com.unity.render-pipelines.universal/Editor/RendererFeatures/NewPostProcessTemplateDropdownItems.cs - Importer: ScriptedImporter/UnityEditor.QuickSearchModule:UnityEditor.Search:ASIAI0B
Importing 'GUID: a1f945299a132004b958edeb1e9441dd - Path: Packages/com.unity.render-pipelines.universal/Editor/RendererFeatures/NewPostProcessTemplateDropdownItems.cs - Importer: ScriptedImporter/UnityEditor.QuickSearchModule:UnityEditor.Search:ASIAI0B' with importer (ScriptedImporter : UnityEditor.QuickSearchModule:UnityEditor.Search:ASIAI0B)
Imported 'GUID: a1f945299a132004b958edeb1e9441dd' -> (Import Result ID: '35976a01d6ced60025368f038a7e5b21') in 0.004 seconds [static and dynamic dependencies]. Details - ImportResultOutputID=532eae406890e0a5fd1c33f4c80f1718 DependenciesID=7181be074adc2e9820aefb6bfbb2d38f StaticDependenciesID=763251c51658df1728c6f9f0672fa43c 
Number of updated asset objects reloaded before import = 0
Number of asset objects unloaded after import = 0
========================================================================
Received Import Request.
  Time of request: 2026-08-21T02:53:33.349681Z
  Time since last request: 0.000345 seconds.
  importAddress: GUID: ed534566ab68d00408f22fdba23b0848 - Path: Packages/com.unity.render-pipelines.universal/Editor/Decal/DisplacableRectHandles.cs - Importer: ScriptedImporter/UnityEditor.QuickSearchModule:UnityEditor.Search:ASIAI0B
Importing 'GUID: ed534566ab68d00408f22fdba23b0848 - Path: Packages/com.unity.render-pipelines.universal/Editor/Decal/DisplacableRectHandles.cs - Importer: ScriptedImporter/UnityEditor.QuickSearchModule:UnityEditor.Search:ASIAI0B' with importer (ScriptedImporter : UnityEditor.QuickSearchModule:UnityEditor.Search:ASIAI0B)
Imported 'GUID: ed534566ab68d00408f22fdba23b0848' -> (Import Result ID: 'd8346e06d54600f71f1b675a06403bfd') in 0.004 seconds [static and dynamic dependencies]. Details - ImportResultOutputID=f0aa4dd8a4c39d3acacf9c4c24f8aa78 DependenciesID=170557cca5398cf2f2718f26a38ef931 StaticDependenciesID=73ad04b42eeef9466c9d98a90c68ce30 
Number of updated asset objects reloaded before import = 0
Number of asset objects unloaded after import = 0
========================================================================
Received Import Request.
  Time of request: 2026-08-21T02:53:33.3652536Z
  Time since last request: 0.0003277 seconds.
  importAddress: GUID: 2102cc5328fff429ab79b384a6ba51b2 - Path: Packages/com.unity.render-pipelines.universal/Editor/ShaderGraph/UniversalBlockFields.cs - Importer: ScriptedImporter/UnityEditor.QuickSearchModule:UnityEditor.Search:ASIAI0B
Importing 'GUID: 2102cc5328fff429ab79b384a6ba51b2 - Path: Packages/com.unity.render-pipelines.universal/Editor/ShaderGraph/UniversalBlockFields.cs - Importer: ScriptedImporter/UnityEditor.QuickSearchModule:UnityEditor.Search:ASIAI0B' with importer (ScriptedImporter : UnityEditor.QuickSearchModule:UnityEditor.Search:ASIAI0B)
Imported 'GUID: 2102cc5328fff429ab79b384a6ba51b2' -> (Import Result ID: 'dabfa9f83516a2d29889746ab6cc4e8e') in 0.004 seconds [static and dynamic dependencies]. Details - ImportResultOutputID=31d60243f8b6aab45648132b659def31 DependenciesID=b924999b39254c9a66ed7d53ba702f8b StaticDependenciesID=16b635a80f4347797f422e9a017001b6 
Number of updated asset objects reloaded before import = 0
Number of asset objects unloaded after import = 0
========================================================================
Received Import Request.
  Time of request: 2026-08-21T02:53:33.3793388Z
  Time since last request: 0.00067 seconds.
  importAddress: GUID: 434049f27d9ec4c049092928038efbd3 - Path: Packages/com.unity.render-pipelines.universal/Editor/RendererFeatures/FullScreenPassRendererFeatureEditor.cs - Importer: ScriptedImporter/UnityEditor.QuickSearchModule:UnityEditor.Search:ASIAI0B
Importing 'GUID: 434049f27d9ec4c049092928038efbd3 - Path: Packages/com.unity.render-pipelines.universal/Editor/RendererFeatures/FullScreenPassRendererFeatureEditor.cs - Importer: ScriptedImporter/UnityEditor.QuickSearchModule:UnityEditor.Search:ASIAI0B' with importer (ScriptedImporter : UnityEditor.QuickSearchModule:UnityEditor.Search:ASIAI0B)
Imported 'GUID: 434049f27d9ec4c049092928038efbd3' -> (Import Result ID: 'cf3c27fb1659972ab26afde0a895c0ac') in 0.005 seconds [static and dynamic dependencies]. Details - ImportResultOutputID=e11776de22635d7b413ca7527df3afd4 DependenciesID=25abb8f994bdac49ec93e8159a5f09c8 StaticDependenciesID=c2f627b8c6f32e9b21faf60145b79e32 
Number of updated asset objects reloaded before import = 0
Number of asset objects unloaded after import = 0
========================================================================
Received Import Request.
  Time of request: 2026-08-21T02:53:33.3955169Z
  Time since last request: 0.0003936 seconds.
  importAddress: GUID: 93d037989b854c24d8f2a8284a46acf3 - Path: Packages/com.unity.render-pipelines.universal/Editor/Terrain/BuildTerrainVertexDescriptionInputs.template.hlsl - Importer: ScriptedImporter/UnityEditor.QuickSearchModule:UnityEditor.Search:ASIAI0B
Importing 'GUID: 93d037989b854c24d8f2a8284a46acf3 - Path: Packages/com.unity.render-pipelines.universal/Editor/Terrain/BuildTerrainVertexDescriptionInputs.template.hlsl - Importer: ScriptedImporter/UnityEditor.QuickSearchModule:UnityEditor.Search:ASIAI0B' with importer (ScriptedImporter : UnityEditor.QuickSearchModule:UnityEditor.Search:ASIAI0B)
Imported 'GUID: 93d037989b854c24d8f2a8284a46acf3' -> (Import Result ID: 'd7877f7da2ac6e1df955bfc8514e3f57') in 0.005 seconds [static and dynamic dependencies]. Details - ImportResultOutputID=8f39911d4393a4b74a3320cd79768d1a DependenciesID=cecffb50187aa22515cedfca5bec6cf6 StaticDependenciesID=4836c5e86d485a7952a656f434eeace0 
Number of updated asset objects reloaded before import = 0
Number of asset objects unloaded after import = 1
========================================================================
Received Import Request.
  Time of request: 2026-08-21T02:53:33.4109734Z
  Time since last request: 0.0003063 seconds.
  importAddress: GUID: 2ac687ac4790a434e9503543c707b33f - Path: Packages/com.unity.render-pipelines.universal/Editor/ShaderGraph/UniversalStructs.cs - Importer: ScriptedImporter/UnityEditor.QuickSearchModule:UnityEditor.Search:ASIAI0B
Importing 'GUID: 2ac687ac4790a434e9503543c707b33f - Path: Packages/com.unity.render-pipelines.universal/Editor/ShaderGraph/UniversalStructs.cs - Importer: ScriptedImporter/UnityEditor.QuickSearchModule:UnityEditor.Search:ASIAI0B' with importer (ScriptedImporter : UnityEditor.QuickSearchModule:UnityEditor.Search:ASIAI0B)
Imported 'GUID: 2ac687ac4790a434e9503543c707b33f' -> (Import Result ID: '8ed5803e3117b141ae90d768f1d77b40') in 0.004 seconds [static and dynamic dependencies]. Details - ImportResultOutputID=53e707b473a4f378755625b03e5a3ea1 DependenciesID=16feef09363622762c7c4ddefe8773dc StaticDependenciesID=f2376ece49afc68d6cdb8d6f3088cf57 
Number of updated asset objects reloaded before import = 0
Number of asset objects unloaded after import = 0
========================================================================
Received Import Request.
  Time of request: 2026-08-21T02:53:33.4255338Z
  Time since last request: 0.0004317 seconds.
  importAddress: GUID: dfe4e1c6ce66d514bafdec16128f59ed - Path: Packages/com.unity.render-pipelines.universal/Editor/Settings/UniversalRenderPipelinePreferencesProvider.cs - Importer: ScriptedImporter/UnityEditor.QuickSearchModule:UnityEditor.Search:ASIAI0B
Importing 'GUID: dfe4e1c6ce66d514bafdec16128f59ed - Path: Packages/com.unity.render-pipelines.universal/Editor/Settings/UniversalRenderPipelinePreferencesProvider.cs - Importer: ScriptedImporter/UnityEditor.QuickSearchModule:UnityEditor.Search:ASIAI0B' with importer (ScriptedImporter : UnityEditor.QuickSearchModule:UnityEditor.Search:ASIAI0B)
Imported 'GUID: dfe4e1c6ce66d514bafdec16128f59ed' -> (Import Result ID: '68464d70367459408890bf523922d351') in 0.004 seconds [static and dynamic dependencies]. Details - ImportResultOutputID=babb9b146b6f0afc9ee85a0423c1932d DependenciesID=d3548ff5ffb1c68b510f5fd6a805bbb6 StaticDependenciesID=be9a5c7f55547e2247b6edc04004f595 
Number of updated asset objects reloaded before import = 0
Number of asset objects unloaded after import = 0
========================================================================
Received Import Request.
  Time of request: 2026-08-21T02:53:33.4400923Z
  Time since last request: 0.0003247 seconds.
  importAddress: GUID: 24b1fe14c2b41d6489a7e7819483df6b - Path: Packages/com.unity.render-pipelines.universal/Editor/Gizmos/Camera_Base.png - Importer: ScriptedImporter/UnityEditor.QuickSearchModule:UnityEditor.Search:ASIAI0B
Importing 'GUID: 24b1fe14c2b41d6489a7e7819483df6b - Path: Packages/com.unity.render-pipelines.universal/Editor/Gizmos/Camera_Base.png - Importer: ScriptedImporter/UnityEditor.QuickSearchModule:UnityEditor.Search:ASIAI0B' with importer (ScriptedImporter : UnityEditor.QuickSearchModule:UnityEditor.Search:ASIAI0B)
Imported 'GUID: 24b1fe14c2b41d6489a7e7819483df6b' -> (Import Result ID: '607d228d01ed57cd1643e062c553a2be') in 0.007 seconds [static and dynamic dependencies]. Details - ImportResultOutputID=d492df11bcb760ce443cef4f48b9ff25 DependenciesID=5c5a958e11b051eaca47e2c3f941e8c3 StaticDependenciesID=587f590821fdd5d809bc680fd1845873 
Number of updated asset objects reloaded before import = 0
Number of asset objects unloaded after import = 1
========================================================================
Received Import Request.
  Time of request: 2026-08-21T02:53:33.4590747Z
  Time since last request: 0.0003858 seconds.
  importAddress: GUID: 3b77405e9fadb4c408bbf830f615ce99 - Path: Packages/com.unity.render-pipelines.universal/Editor/Terrain/TerrainPassDefine.template.hlsl - Importer: ScriptedImporter/UnityEditor.QuickSearchModule:UnityEditor.Search:ASIAI0B
Importing 'GUID: 3b77405e9fadb4c408bbf830f615ce99 - Path: Packages/com.unity.render-pipelines.universal/Editor/Terrain/TerrainPassDefine.template.hlsl - Importer: ScriptedImporter/UnityEditor.QuickSearchModule:UnityEditor.Search:ASIAI0B' with importer (ScriptedImporter : UnityEditor.QuickSearchModule:UnityEditor.Search:ASIAI0B)
Imported 'GUID: 3b77405e9fadb4c408bbf830f615ce99' -> (Import Result ID: 'e2541ab856419de4988db069741be04a') in 0.004 seconds [static and dynamic dependencies]. Details - ImportResultOutputID=a8f41fe96b3ff478c3ea5a4ec4a5140c DependenciesID=7bbecf5da311d72dbc1ebf4511be1768 StaticDependenciesID=5a860b295866760c184c83633af49558 
Number of updated asset objects reloaded before import = 0
Number of asset objects unloaded after import = 1
========================================================================
Received Import Request.
  Time of request: 2026-08-21T02:53:33.4736179Z
  Time since last request: 0.0003687 seconds.
  importAddress: GUID: ad710d4eb795c9e45a2dc60a0001e99b - Path: Packages/com.unity.render-pipelines.universal/Editor/Overrides/DepthOfFieldEditor.cs - Importer: ScriptedImporter/UnityEditor.QuickSearchModule:UnityEditor.Search:ASIAI0B
Importing 'GUID: ad710d4eb795c9e45a2dc60a0001e99b - Path: Packages/com.unity.render-pipelines.universal/Editor/Overrides/DepthOfFieldEditor.cs - Importer: ScriptedImporter/UnityEditor.QuickSearchModule:UnityEditor.Search:ASIAI0B' with importer (ScriptedImporter : UnityEditor.QuickSearchModule:UnityEditor.Search:ASIAI0B)
Imported 'GUID: ad710d4eb795c9e45a2dc60a0001e99b' -> (Import Result ID: '98d620e19e5ceaa96f9d8daf7f68553c') in 0.004 seconds [static and dynamic dependencies]. Details - ImportResultOutputID=21a573aff58cde1901a0f243968200ef DependenciesID=f5925218bd4d955d49a931431cebab6b StaticDependenciesID=b840149cb33eb7ec5cd57c25102d5ef9 
Number of updated asset objects reloaded before import = 0
Number of asset objects unloaded after import = 0
========================================================================
Received Import Request.
  Time of request: 2026-08-21T02:53:33.4880573Z
  Time since last request: 0.000386 seconds.
  importAddress: GUID: 95d59ef6d24484ca08922525945ef2ef - Path: Packages/com.unity.render-pipelines.universal/Editor/ShaderGraph/UniversalFields.cs - Importer: ScriptedImporter/UnityEditor.QuickSearchModule:UnityEditor.Search:ASIAI0B
Importing 'GUID: 95d59ef6d24484ca08922525945ef2ef - Path: Packages/com.unity.render-pipelines.universal/Editor/ShaderGraph/UniversalFields.cs - Importer: ScriptedImporter/UnityEditor.QuickSearchModule:UnityEditor.Search:ASIAI0B' with importer (ScriptedImporter : UnityEditor.QuickSearchModule:UnityEditor.Search:ASIAI0B)
Imported 'GUID: 95d59ef6d24484ca08922525945ef2ef' -> (Import Result ID: 'ed51d2bf546f55f92bec450c917f610c') in 0.003 seconds [static and dynamic dependencies]. Details - ImportResultOutputID=f9ccff6bb0cabedc392593c2040e23c1 DependenciesID=2c0919fc78e0274f21b6bfe95eb03c6a StaticDependenciesID=2e84c3957386ca6dad8b9728c0385252 
Number of updated asset objects reloaded before import = 0
Number of asset objects unloaded after import = 0
========================================================================
Received Import Request.
  Time of request: 2026-08-21T02:53:33.5028962Z
  Time since last request: 0.0004422 seconds.
  importAddress: GUID: a48458ea708872f44bf79d4c9e33ff07 - Path: Packages/com.unity.render-pipelines.universal/Editor/ShaderGUI/ShaderGraphTerrainLitGUI.cs - Importer: ScriptedImporter/UnityEditor.QuickSearchModule:UnityEditor.Search:ASIAI0B
Importing 'GUID: a48458ea708872f44bf79d4c9e33ff07 - Path: Packages/com.unity.render-pipelines.universal/Editor/ShaderGUI/ShaderGraphTerrainLitGUI.cs - Importer: ScriptedImporter/UnityEditor.QuickSearchModule:UnityEditor.Search:ASIAI0B' with importer (ScriptedImporter : UnityEditor.QuickSearchModule:UnityEditor.Search:ASIAI0B)
Imported 'GUID: a48458ea708872f44bf79d4c9e33ff07' -> (Import Result ID: '1a6bd5b7dfb5fd58b80449a463086921') in 0.005 seconds [static and dynamic dependencies]. Details - ImportResultOutputID=7545cb8b3d9c9d7a4703ce3c484b3267 DependenciesID=772753ff78933020054af37c3b33d063 StaticDependenciesID=0ac3ef439b0317f24f7105279fd2f067 
Number of updated asset objects reloaded before import = 0
Number of asset objects unloaded after import = 0
========================================================================
Received Import Request.
  Time of request: 2026-08-21T02:53:33.5189465Z
  Time since last request: 0.0004352 seconds.
  importAddress: GUID: 5421f26576fd37c4c8a2389698c6a276 - Path: Packages/com.unity.render-pipelines.universal/Editor/Overrides/ColorLookupEditor.cs - Importer: ScriptedImporter/UnityEditor.QuickSearchModule:UnityEditor.Search:ASIAI0B
Importing 'GUID: 5421f26576fd37c4c8a2389698c6a276 - Path: Packages/com.unity.render-pipelines.universal/Editor/Overrides/ColorLookupEditor.cs - Importer: ScriptedImporter/UnityEditor.QuickSearchModule:UnityEditor.Search:ASIAI0B' with importer (ScriptedImporter : UnityEditor.QuickSearchModule:UnityEditor.Search:ASIAI0B)
Imported 'GUID: 5421f26576fd37c4c8a2389698c6a276' -> (Import Result ID: '7f884cc6bca8f14cff0dbfa45a5818b4') in 0.004 seconds [static and dynamic dependencies]. Details - ImportResultOutputID=ddcf9ea7a47a72fe731b5f12884baeda DependenciesID=d8960a718f7eb4a239cb0195f0dc5995 StaticDependenciesID=6ebbfbfad4336a104350137cdea07dba 
Number of updated asset objects reloaded before import = 0
Number of asset objects unloaded after import = 0
========================================================================
Received Import Request.
  Time of request: 2026-08-21T02:53:33.5333979Z
  Time since last request: 0.0003675 seconds.
  importAddress: GUID: 5faac1f019b9d88418c3721b7845b4d2 - Path: Packages/com.unity.render-pipelines.universal/Editor/ShaderGUI/BaseShaderGUI.cs - Importer: ScriptedImporter/UnityEditor.QuickSearchModule:UnityEditor.Search:ASIAI0B
Importing 'GUID: 5faac1f019b9d88418c3721b7845b4d2 - Path: Packages/com.unity.render-pipelines.universal/Editor/ShaderGUI/BaseShaderGUI.cs - Importer: ScriptedImporter/UnityEditor.QuickSearchModule:UnityEditor.Search:ASIAI0B' with importer (ScriptedImporter : UnityEditor.QuickSearchModule:UnityEditor.Search:ASIAI0B)
Imported 'GUID: 5faac1f019b9d88418c3721b7845b4d2' -> (Import Result ID: '9b3da892a983992787595feef90887e9') in 0.004 seconds [static and dynamic dependencies]. Details - ImportResultOutputID=b1801edbbb8e9d9177243fdddad5df75 DependenciesID=50b5f5817c715b94b8194145c020a71f StaticDependenciesID=92d021d76ac55f5e37dc356dc6e57170 
Number of updated asset objects reloaded before import = 0
Number of asset objects unloaded after import = 0
========================================================================
Received Import Request.
  Time of request: 2026-08-21T02:53:33.5489032Z
  Time since last request: 0.000423 seconds.
  importAddress: GUID: 9d187c8728d2b4c398f45befcacc2827 - Path: Packages/com.unity.render-pipelines.universal/Editor/SceneTemplates/Standard.scenetemplate - Importer: ScriptedImporter/UnityEditor.QuickSearchModule:UnityEditor.Search:ASIAI0B
Importing 'GUID: 9d187c8728d2b4c398f45befcacc2827 - Path: Packages/com.unity.render-pipelines.universal/Editor/SceneTemplates/Standard.scenetemplate - Importer: ScriptedImporter/UnityEditor.QuickSearchModule:UnityEditor.Search:ASIAI0B' with importer (ScriptedImporter : UnityEditor.QuickSearchModule:UnityEditor.Search:ASIAI0B)
Imported 'GUID: 9d187c8728d2b4c398f45befcacc2827' -> (Import Result ID: '7b625ccfe9b3f3479ab74bc653b36784') in 0.031 seconds [static and dynamic dependencies]. Details - ImportResultOutputID=08ca7d4d29661d006d899797a07710f0 DependenciesID=a705ae59b8f81233f6fa8f179f6a5871 StaticDependenciesID=3c07538d01d452c4530e46e7942d2d2e 
Number of updated asset objects reloaded before import = 0
Number of asset objects unloaded after import = 75
========================================================================
Received Import Request.
  Time of request: 2026-08-21T02:53:33.600351Z
  Time since last request: 0.0093072 seconds.
  importAddress: GUID: a7745542269049e0a733b635ef8e4df8 - Path: Packages/com.unity.render-pipelines.universal/Runtime/Debug/DebugRenderSetup.cs - Importer: ScriptedImporter/UnityEditor.QuickSearchModule:UnityEditor.Search:ASIAI0B
Importing 'GUID: a7745542269049e0a733b635ef8e4df8 - Path: Packages/com.unity.render-pipelines.universal/Runtime/Debug/DebugRenderSetup.cs - Importer: ScriptedImporter/UnityEditor.QuickSearchModule:UnityEditor.Search:ASIAI0B' with importer (ScriptedImporter : UnityEditor.QuickSearchModule:UnityEditor.Search:ASIAI0B)
Imported 'GUID: a7745542269049e0a733b635ef8e4df8' -> (Import Result ID: '6bc95c4f31f571d7e17b8c115aaca2d5') in 0.005 seconds [static and dynamic dependencies]. Details - ImportResultOutputID=b54329c0eeb6def99078ac7341dd63f1 DependenciesID=e138737b6e645e5e4c5cca296b481cfa StaticDependenciesID=0a7d16a78b80ed4b99a402ec6fe15331 
Number of updated asset objects reloaded before import = 0
Number of asset objects unloaded after import = 0
========================================================================
Received Import Request.
  Time of request: 2026-08-21T02:53:33.6164536Z
  Time since last request: 0.0005095 seconds.
  importAddress: GUID: 19860e28f507465db66c1b9c82b7bc41 - Path: Packages/com.unity.render-pipelines.universal/Editor/VFXGraph/VFXShaderGraphGUI.cs - Importer: ScriptedImporter/UnityEditor.QuickSearchModule:UnityEditor.Search:ASIAI0B
Importing 'GUID: 19860e28f507465db66c1b9c82b7bc41 - Path: Packages/com.unity.render-pipelines.universal/Editor/VFXGraph/VFXShaderGraphGUI.cs - Importer: ScriptedImporter/UnityEditor.QuickSearchModule:UnityEditor.Search:ASIAI0B' with importer (ScriptedImporter : UnityEditor.QuickSearchModule:UnityEditor.Search:ASIAI0B)
Imported 'GUID: 19860e28f507465db66c1b9c82b7bc41' -> (Import Result ID: '94fb3f4381037e153badbf6a1dde7b04') in 0.005 seconds [static and dynamic dependencies]. Details - ImportResultOutputID=f38560255e81fb1225c37a903e9bd02c DependenciesID=f62d8715cc40c127a412ef45b667f9fb StaticDependenciesID=bb53c99be3cad22d953b741027d6a945 
Number of updated asset objects reloaded before import = 0
Number of asset objects unloaded after import = 0
========================================================================
Received Import Request.
  Time of request: 2026-08-21T02:53:33.6334487Z
  Time since last request: 0.0003643 seconds.
  importAddress: GUID: 9d9379906932aeb42948429db294542e - Path: Packages/com.unity.render-pipelines.universal/Runtime/2D/URP2D_GraphicsExtensions.cs - Importer: ScriptedImporter/UnityEditor.QuickSearchModule:UnityEditor.Search:ASIAI0B
Importing 'GUID: 9d9379906932aeb42948429db294542e - Path: Packages/com.unity.render-pipelines.universal/Runtime/2D/URP2D_GraphicsExtensions.cs - Importer: ScriptedImporter/UnityEditor.QuickSearchModule:UnityEditor.Search:ASIAI0B' with importer (ScriptedImporter : UnityEditor.QuickSearchModule:UnityEditor.Search:ASIAI0B)
Imported 'GUID: 9d9379906932aeb42948429db294542e' -> (Import Result ID: '01f9805da06615827ca54cf24c51680c') in 0.005 seconds [static and dynamic dependencies]. Details - ImportResultOutputID=2b322b1b0181265723db8d6e3cd1c92e DependenciesID=de8d2343a0ecbaa8f7e75d8dd3f8e704 StaticDependenciesID=06736d80339e76ffd06902edc344d36a 
Number of updated asset objects reloaded before import = 0
Number of asset objects unloaded after import = 0
========================================================================
Received Import Request.
  Time of request: 2026-08-21T02:53:33.6511635Z
  Time since last request: 0.0003 seconds.
  importAddress: GUID: a3003080e2504b14e80ae61a46e929e1 - Path: Packages/com.unity.render-pipelines.universal/Editor/UniversalRenderPipelineAsset/UniversalRenderPipelineAssetUI.Skin.cs - Importer: ScriptedImporter/UnityEditor.QuickSearchModule:UnityEditor.Search:ASIAI0B
Importing 'GUID: a3003080e2504b14e80ae61a46e929e1 - Path: Packages/com.unity.render-pipelines.universal/Editor/UniversalRenderPipelineAsset/UniversalRenderPipelineAssetUI.Skin.cs - Importer: ScriptedImporter/UnityEditor.QuickSearchModule:UnityEditor.Search:ASIAI0B' with importer (ScriptedImporter : UnityEditor.QuickSearchModule:UnityEditor.Search:ASIAI0B)
Imported 'GUID: a3003080e2504b14e80ae61a46e929e1' -> (Import Result ID: '8d35b9f0810eba3d4b34d16b4de8443d') in 0.004 seconds [static and dynamic dependencies]. Details - ImportResultOutputID=824be8ea3c277e75558e2472196defd7 DependenciesID=5fca07ff481236a42077f63284d8aff6 StaticDependenciesID=0cd5baafa52c40a52774f31c5cebac92 
Number of updated asset objects reloaded before import = 0
Number of asset objects unloaded after import = 0
========================================================================
Received Import Request.
  Time of request: 2026-08-21T02:53:33.6673066Z
  Time since last request: 0.0003157 seconds.
  importAddress: GUID: bf2edee5c58d82540a51f03df9d42094 - Path: Packages/com.unity.render-pipelines.universal/Runtime/Data/UniversalRenderPipelineAsset.cs - Importer: ScriptedImporter/UnityEditor.QuickSearchModule:UnityEditor.Search:ASIAI0B
Importing 'GUID: bf2edee5c58d82540a51f03df9d42094 - Path: Packages/com.unity.render-pipelines.universal/Runtime/Data/UniversalRenderPipelineAsset.cs - Importer: ScriptedImporter/UnityEditor.QuickSearchModule:UnityEditor.Search:ASIAI0B' with importer (ScriptedImporter : UnityEditor.QuickSearchModule:UnityEditor.Search:ASIAI0B)
Imported 'GUID: bf2edee5c58d82540a51f03df9d42094' -> (Import Result ID: 'c5b4f152fc1e839b5ba9ab255e9c7cb1') in 0.005 seconds [static and dynamic dependencies]. Details - ImportResultOutputID=2718aa79d890e14595f5a815f14910ce DependenciesID=d52030793058af6eda4a679ed9afcacd StaticDependenciesID=1fa50e056f0f575fb1a17ee3955cb6c2 
Number of updated asset objects reloaded before import = 0
Number of asset objects unloaded after import = 0
========================================================================
Received Import Request.
  Time of request: 2026-08-21T02:53:33.6834697Z
  Time since last request: 0.0003828 seconds.
  importAddress: GUID: adcb49d2b04b1654b85e627fe5dde64f - Path: Packages/com.unity.render-pipelines.universal/Runtime/2D/PixelPerfectCameraInternal.cs - Importer: ScriptedImporter/UnityEditor.QuickSearchModule:UnityEditor.Search:ASIAI0B
Importing 'GUID: adcb49d2b04b1654b85e627fe5dde64f - Path: Packages/com.unity.render-pipelines.universal/Runtime/2D/PixelPerfectCameraInternal.cs - Importer: ScriptedImporter/UnityEditor.QuickSearchModule:UnityEditor.Search:ASIAI0B' with importer (ScriptedImporter : UnityEditor.QuickSearchModule:UnityEditor.Search:ASIAI0B)
Imported 'GUID: adcb49d2b04b1654b85e627fe5dde64f' -> (Import Result ID: '7312303ad8021e18b42fde8f07e0ca6f') in 0.005 seconds [static and dynamic dependencies]. Details - ImportResultOutputID=6e6a885239f75177f0866b4e201e3567 DependenciesID=14ed48c14921ea3706d07c66b2b029ab StaticDependenciesID=f916cf6ae254af180cf6bc9b811dd73d 
Number of updated asset objects reloaded before import = 0
Number of asset objects unloaded after import = 0
========================================================================
Received Import Request.
  Time of request: 2026-08-21T02:53:33.7003533Z
  Time since last request: 0.0003047 seconds.
  importAddress: GUID: 4be1f66afb30bb94889fb3a357474d63 - Path: Packages/com.unity.render-pipelines.universal/Editor/VFXGraph/VFXURPBinder.cs - Importer: ScriptedImporter/UnityEditor.QuickSearchModule:UnityEditor.Search:ASIAI0B
Importing 'GUID: 4be1f66afb30bb94889fb3a357474d63 - Path: Packages/com.unity.render-pipelines.universal/Editor/VFXGraph/VFXURPBinder.cs - Importer: ScriptedImporter/UnityEditor.QuickSearchModule:UnityEditor.Search:ASIAI0B' with importer (ScriptedImporter : UnityEditor.QuickSearchModule:UnityEditor.Search:ASIAI0B)
Imported 'GUID: 4be1f66afb30bb94889fb3a357474d63' -> (Import Result ID: '11d120f4a8bac4215c807d6af04c463a') in 0.005 seconds [static and dynamic dependencies]. Details - ImportResultOutputID=15aea0d281a28210e7b6ddf34e1b0498 DependenciesID=06a18e857d9b9ac365372a8550ef58b3 StaticDependenciesID=179475e89d8287ed4c3e93821bb04934 
Number of updated asset objects reloaded before import = 0
Number of asset objects unloaded after import = 0
========================================================================
Received Import Request.
  Time of request: 2026-08-21T02:53:33.7199861Z
  Time since last request: 0.0010018 seconds.
  importAddress: GUID: 18f50ab9cd0aa054b99d7d539cd829b5 - Path: Packages/com.unity.render-pipelines.universal/Runtime/Debug/UniversalRenderPipelineVolumeDebugSettings.cs - Importer: ScriptedImporter/UnityEditor.QuickSearchModule:UnityEditor.Search:ASIAI0B
Importing 'GUID: 18f50ab9cd0aa054b99d7d539cd829b5 - Path: Packages/com.unity.render-pipelines.universal/Runtime/Debug/UniversalRenderPipelineVolumeDebugSettings.cs - Importer: ScriptedImporter/UnityEditor.QuickSearchModule:UnityEditor.Search:ASIAI0B' with importer (ScriptedImporter : UnityEditor.QuickSearchModule:UnityEditor.Search:ASIAI0B)
Imported 'GUID: 18f50ab9cd0aa054b99d7d539cd829b5' -> (Import Result ID: '86a1acae2de728b10fc492dc279d0d21') in 0.005 seconds [static and dynamic dependencies]. Details - ImportResultOutputID=8c533f1cce0275b2df91f4a33b580cf7 DependenciesID=cfb24fd252ee735f3bb8f957cacb6301 StaticDependenciesID=30b7560f56ff11672b9fd178fc87f9da 
Number of updated asset objects reloaded before import = 0
Number of asset objects unloaded after import = 0
========================================================================
Received Import Request.
  Time of request: 2026-08-21T02:53:33.7366147Z
  Time since last request: 0.0007212 seconds.
  importAddress: GUID: 388ad3b1dc9c6ae45b630f914fab638f - Path: Packages/com.unity.render-pipelines.universal/Editor/VFXGraph/VFXURPSubOutput.cs - Importer: ScriptedImporter/UnityEditor.QuickSearchModule:UnityEditor.Search:ASIAI0B
Importing 'GUID: 388ad3b1dc9c6ae45b630f914fab638f - Path: Packages/com.unity.render-pipelines.universal/Editor/VFXGraph/VFXURPSubOutput.cs - Importer: ScriptedImporter/UnityEditor.QuickSearchModule:UnityEditor.Search:ASIAI0B' with importer (ScriptedImporter : UnityEditor.QuickSearchModule:UnityEditor.Search:ASIAI0B)
Imported 'GUID: 388ad3b1dc9c6ae45b630f914fab638f' -> (Import Result ID: '17cda61bcafcf4159b8d00c81ee6c6e2') in 0.004 seconds [static and dynamic dependencies]. Details - ImportResultOutputID=499ff9c0c640bacd25c4c26ce35027aa DependenciesID=56c5cac89fd5162756913709c42c3d39 StaticDependenciesID=29eeeb84ce9a06fc78f95693d5ef4a6b 
Number of updated asset objects reloaded before import = 0
Number of asset objects unloaded after import = 0
========================================================================
Received Import Request.
  Time of request: 2026-08-21T02:53:33.752863Z
  Time since last request: 0.0004449 seconds.
  importAddress: GUID: 2c3de1a926cfe8f4697ce0ff97e18ef3 - Path: Packages/com.unity.render-pipelines.universal/Runtime/FrameData/Universal2DResourceData.cs - Importer: ScriptedImporter/UnityEditor.QuickSearchModule:UnityEditor.Search:ASIAI0B
Importing 'GUID: 2c3de1a926cfe8f4697ce0ff97e18ef3 - Path: Packages/com.unity.render-pipelines.universal/Runtime/FrameData/Universal2DResourceData.cs - Importer: ScriptedImporter/UnityEditor.QuickSearchModule:UnityEditor.Search:ASIAI0B' with importer (ScriptedImporter : UnityEditor.QuickSearchModule:UnityEditor.Search:ASIAI0B)
Imported 'GUID: 2c3de1a926cfe8f4697ce0ff97e18ef3' -> (Import Result ID: 'd4f081e21fd5f94f5df1bac49cc9ea8c') in 0.004 seconds [static and dynamic dependencies]. Details - ImportResultOutputID=12780538de041d6aa8c4c0773dace569 DependenciesID=cf2d818ba3ba859febcbdb3bea89100b StaticDependenciesID=a3eec9d41525a8cbd00cafb23d44a753 
Number of updated asset objects reloaded before import = 0
Number of asset objects unloaded after import = 0
========================================================================
Received Import Request.
  Time of request: 2026-08-21T02:53:33.7675982Z
  Time since last request: 0.0002799 seconds.
  importAddress: GUID: a684da720c3a43aaa94d1c3e9de4321f - Path: Packages/com.unity.render-pipelines.universal/Runtime/Debug/DebugHandler.cs - Importer: ScriptedImporter/UnityEditor.QuickSearchModule:UnityEditor.Search:ASIAI0B
Importing 'GUID: a684da720c3a43aaa94d1c3e9de4321f - Path: Packages/com.unity.render-pipelines.universal/Runtime/Debug/DebugHandler.cs - Importer: ScriptedImporter/UnityEditor.QuickSearchModule:UnityEditor.Search:ASIAI0B' with importer (ScriptedImporter : UnityEditor.QuickSearchModule:UnityEditor.Search:ASIAI0B)
Imported 'GUID: a684da720c3a43aaa94d1c3e9de4321f' -> (Import Result ID: 'fcc3e8dc2b48c22953692cee5bf3ec90') in 0.004 seconds [static and dynamic dependencies]. Details - ImportResultOutputID=9d10555b95deb689c726ef2da1b6d876 DependenciesID=6f4ee6b4decc33a6a88c0f92f26ccf0a StaticDependenciesID=15a9f8e754c37453c9dcb71f55a2d87e 
Number of updated asset objects reloaded before import = 0
Number of asset objects unloaded after import = 0
========================================================================
Received Import Request.
  Time of request: 2026-08-21T02:53:33.7826627Z
  Time since last request: 0.0004519 seconds.
  importAddress: GUID: 50139ce6dfc5481409cd02c43fbc842f - Path: Packages/com.unity.render-pipelines.universal/Runtime/2D/AssemblyInfo.cs - Importer: ScriptedImporter/UnityEditor.QuickSearchModule:UnityEditor.Search:ASIAI0B
Importing 'GUID: 50139ce6dfc5481409cd02c43fbc842f - Path: Packages/com.unity.render-pipelines.universal/Runtime/2D/AssemblyInfo.cs - Importer: ScriptedImporter/UnityEditor.QuickSearchModule:UnityEditor.Search:ASIAI0B' with importer (ScriptedImporter : UnityEditor.QuickSearchModule:UnityEditor.Search:ASIAI0B)
Imported 'GUID: 50139ce6dfc5481409cd02c43fbc842f' -> (Import Result ID: 'b04f8ea2e50902173d69a2db4d41bac1') in 0.006 seconds [static and dynamic dependencies]. Details - ImportResultOutputID=2d2026f25ded22031aef167272d3178a DependenciesID=f1b3a25b029931c6a2c75a9ad1d26f52 StaticDependenciesID=cfd5df97e3542425ed0b335e8b584d1f 
Number of updated asset objects reloaded before import = 0
Number of asset objects unloaded after import = 0
========================================================================
Received Import Request.
  Time of request: 2026-08-21T02:53:33.8013561Z
  Time since last request: 0.0003215 seconds.
  importAddress: GUID: e28016542c8e4854a545aa24a49c882e - Path: Packages/com.unity.render-pipelines.universal/Runtime/FrameData/UniversalCameraData.cs - Importer: ScriptedImporter/UnityEditor.QuickSearchModule:UnityEditor.Search:ASIAI0B
Importing 'GUID: e28016542c8e4854a545aa24a49c882e - Path: Packages/com.unity.render-pipelines.universal/Runtime/FrameData/UniversalCameraData.cs - Importer: ScriptedImporter/UnityEditor.QuickSearchModule:UnityEditor.Search:ASIAI0B' with importer (ScriptedImporter : UnityEditor.QuickSearchModule:UnityEditor.Search:ASIAI0B)
Imported 'GUID: e28016542c8e4854a545aa24a49c882e' -> (Import Result ID: '131b808831e8ddf53098281a956bf808') in 0.004 seconds [static and dynamic dependencies]. Details - ImportResultOutputID=4d3c087701270f41521e6a945390a99c DependenciesID=daed40e000796d985e368cb637fabafb StaticDependenciesID=42ad8384579b032a93789110ef840bdb 
Number of updated asset objects reloaded before import = 0
Number of asset objects unloaded after import = 0
========================================================================
Received Import Request.
  Time of request: 2026-08-21T02:53:33.8164479Z
  Time since last request: 0.0004012 seconds.
  importAddress: GUID: 9eac74bd55c9f7248a432b8e8725366c - Path: Packages/com.unity.render-pipelines.universal/Runtime/History/StpHistory.cs - Importer: ScriptedImporter/UnityEditor.QuickSearchModule:UnityEditor.Search:ASIAI0B
Importing 'GUID: 9eac74bd55c9f7248a432b8e8725366c - Path: Packages/com.unity.render-pipelines.universal/Runtime/History/StpHistory.cs - Importer: ScriptedImporter/UnityEditor.QuickSearchModule:UnityEditor.Search:ASIAI0B' with importer (ScriptedImporter : UnityEditor.QuickSearchModule:UnityEditor.Search:ASIAI0B)
Imported 'GUID: 9eac74bd55c9f7248a432b8e8725366c' -> (Import Result ID: '1b407552e54adc11071a9741f9cd2c26') in 0.005 seconds [static and dynamic dependencies]. Details - ImportResultOutputID=c8903a9e8e87cd42443015f35a8fe9f3 DependenciesID=eefb08708660cf0e367d8377575f3953 StaticDependenciesID=a6b9aa94548d1b2d99b16628ec52aebe 
Number of updated asset objects reloaded before import = 0
Number of asset objects unloaded after import = 0
========================================================================
Received Import Request.
  Time of request: 2026-08-21T02:53:33.8346939Z
  Time since last request: 0.0003499 seconds.
  importAddress: GUID: 55dca53d5ab64402b85ef43b2af4e33e - Path: Packages/com.unity.render-pipelines.universal/Runtime/Data/UniversalRenderPipelineAssetPrefiltering.cs - Importer: ScriptedImporter/UnityEditor.QuickSearchModule:UnityEditor.Search:ASIAI0B
Importing 'GUID: 55dca53d5ab64402b85ef43b2af4e33e - Path: Packages/com.unity.render-pipelines.universal/Runtime/Data/UniversalRenderPipelineAssetPrefiltering.cs - Importer: ScriptedImporter/UnityEditor.QuickSearchModule:UnityEditor.Search:ASIAI0B' with importer (ScriptedImporter : UnityEditor.QuickSearchModule:UnityEditor.Search:ASIAI0B)
Imported 'GUID: 55dca53d5ab64402b85ef43b2af4e33e' -> (Import Result ID: 'd88921b3e73a8d43bc7149770a5cfe07') in 0.005 seconds [static and dynamic dependencies]. Details - ImportResultOutputID=54cc1fc3ce67fb794a6104733a13fe1d DependenciesID=339a5367b0864c784ffafe441701602f StaticDependenciesID=ebc43388dd0336f0ae4db00bf484a658 
Number of updated asset objects reloaded before import = 0
Number of asset objects unloaded after import = 0
========================================================================
Received Import Request.
  Time of request: 2026-08-21T02:53:33.8514164Z
  Time since last request: 0.0003435 seconds.
  importAddress: GUID: e3df3f6511ee9d84fb93259d602ff2e5 - Path: Packages/com.unity.render-pipelines.universal/Runtime/Debug/DebugDisplaySettingsLighting.cs - Importer: ScriptedImporter/UnityEditor.QuickSearchModule:UnityEditor.Search:ASIAI0B
Importing 'GUID: e3df3f6511ee9d84fb93259d602ff2e5 - Path: Packages/com.unity.render-pipelines.universal/Runtime/Debug/DebugDisplaySettingsLighting.cs - Importer: ScriptedImporter/UnityEditor.QuickSearchModule:UnityEditor.Search:ASIAI0B' with importer (ScriptedImporter : UnityEditor.QuickSearchModule:UnityEditor.Search:ASIAI0B)
Imported 'GUID: e3df3f6511ee9d84fb93259d602ff2e5' -> (Import Result ID: '0d5b58f4977e51735f71a9f2c07f0580') in 0.004 seconds [static and dynamic dependencies]. Details - ImportResultOutputID=21d6c331cf64150d7b987f1605c888b8 DependenciesID=4dca1a7b182695baeb700657f28a19b0 StaticDependenciesID=adc0cc56e5c438350d90f07e2fc70887 
Number of updated asset objects reloaded before import = 0
Number of asset objects unloaded after import = 0
========================================================================
Received Import Request.
  Time of request: 2026-08-21T02:53:33.8664623Z
  Time since last request: 0.0003033 seconds.
  importAddress: GUID: eda47df5b85f4f249abf7abd73db2cb2 - Path: Packages/com.unity.render-pipelines.universal/Editor/Volume/DefaultVolumeProfile.asset - Importer: ScriptedImporter/UnityEditor.QuickSearchModule:UnityEditor.Search:ASIAI0B
Importing 'GUID: eda47df5b85f4f249abf7abd73db2cb2 - Path: Packages/com.unity.render-pipelines.universal/Editor/Volume/DefaultVolumeProfile.asset - Importer: ScriptedImporter/UnityEditor.QuickSearchModule:UnityEditor.Search:ASIAI0B' with importer (ScriptedImporter : UnityEditor.QuickSearchModule:UnityEditor.Search:ASIAI0B)
Imported 'GUID: eda47df5b85f4f249abf7abd73db2cb2' -> (Import Result ID: '2f498d430bf2244616afdc6fcf01b30e') in 0.005 seconds [static and dynamic dependencies]. Details - ImportResultOutputID=070335f149155c8eb20012d317063a23 DependenciesID=594cdda3873be256d68d14d2241b802f StaticDependenciesID=cd8b41409dc69adc492170d171ec12c3 
Number of updated asset objects reloaded before import = 0
Number of asset objects unloaded after import = 1
========================================================================
Received Import Request.
  Time of request: 2026-08-21T02:53:33.8930262Z
  Time since last request: 0.0113267 seconds.
  importAddress: GUID: b51db210fe78df745a372851b3db949e - Path: Packages/com.unity.render-pipelines.universal/Runtime/Materials/SpatialMappingOcclusion.mat - Importer: ScriptedImporter/UnityEditor.QuickSearchModule:UnityEditor.Search:ASIAI0B
Importing 'GUID: b51db210fe78df745a372851b3db949e - Path: Packages/com.unity.render-pipelines.universal/Runtime/Materials/SpatialMappingOcclusion.mat - Importer: ScriptedImporter/UnityEditor.QuickSearchModule:UnityEditor.Search:ASIAI0B' with importer (ScriptedImporter : UnityEditor.QuickSearchModule:UnityEditor.Search:ASIAI0B)
Imported 'GUID: b51db210fe78df745a372851b3db949e' -> (Import Result ID: 'f11cf596f531bfefd469cde66dbfabbf') in 0.005 seconds [static and dynamic dependencies]. Details - ImportResultOutputID=28ebd4059aab55e4001eb97364aff649 DependenciesID=c734c367a6a08748294dea96521ece7c StaticDependenciesID=e307d496cde2f52eaf8a6b5283ac7746 
Number of updated asset objects reloaded before import = 0
Number of asset objects unloaded after import = 1
========================================================================
Received Import Request.
  Time of request: 2026-08-21T02:53:33.9094567Z
  Time since last request: 0.0002803 seconds.
  importAddress: GUID: a834bac5135fab746bc234ec665972de - Path: Packages/com.unity.render-pipelines.universal/Runtime/Passes/DrawScreenSpaceUIPass.cs - Importer: ScriptedImporter/UnityEditor.QuickSearchModule:UnityEditor.Search:ASIAI0B
Importing 'GUID: a834bac5135fab746bc234ec665972de - Path: Packages/com.unity.render-pipelines.universal/Runtime/Passes/DrawScreenSpaceUIPass.cs - Importer: ScriptedImporter/UnityEditor.QuickSearchModule:UnityEditor.Search:ASIAI0B' with importer (ScriptedImporter : UnityEditor.QuickSearchModule:UnityEditor.Search:ASIAI0B)
Imported 'GUID: a834bac5135fab746bc234ec665972de' -> (Import Result ID: '4eaaa98fb3e42e409d573db007d64bff') in 0.004 seconds [static and dynamic dependencies]. Details - ImportResultOutputID=88facf17069ea1bd094eb1caf32b547b DependenciesID=bb8c9af053241af0d6a6fd15c3346a8e StaticDependenciesID=095fa96b0ee117768dcf837a642f30d6 
Number of updated asset objects reloaded before import = 0
Number of asset objects unloaded after import = 0
========================================================================
Received Import Request.
  Time of request: 2026-08-21T02:53:33.9248052Z
  Time since last request: 0.0003109 seconds.
  importAddress: GUID: 6fa1a543f4721444d94e0b3200fa22a8 - Path: Packages/com.unity.render-pipelines.universal/Runtime/Passes/AdditionalLightsShadowAtlasLayout.cs - Importer: ScriptedImporter/UnityEditor.QuickSearchModule:UnityEditor.Search:ASIAI0B
Importing 'GUID: 6fa1a543f4721444d94e0b3200fa22a8 - Path: Packages/com.unity.render-pipelines.universal/Runtime/Passes/AdditionalLightsShadowAtlasLayout.cs - Importer: ScriptedImporter/UnityEditor.QuickSearchModule:UnityEditor.Search:ASIAI0B' with importer (ScriptedImporter : UnityEditor.QuickSearchModule:UnityEditor.Search:ASIAI0B)
Imported 'GUID: 6fa1a543f4721444d94e0b3200fa22a8' -> (Import Result ID: '6cd9eb57d4e39b57a514a69d08aa32c5') in 0.004 seconds [static and dynamic dependencies]. Details - ImportResultOutputID=436d3aa8dbb6d482499a2884ebf73090 DependenciesID=edca61cade1582c2eb9b6f14455b2f03 StaticDependenciesID=615d6afe8bab3e0aa7f6e96e89451a27 
Number of updated asset objects reloaded before import = 0
Number of asset objects unloaded after import = 0
========================================================================
Received Import Request.
  Time of request: 2026-08-21T02:53:33.9395554Z
  Time since last request: 0.0008277 seconds.
  importAddress: GUID: 14a56f221d48d58419103d8e8c070dd9 - Path: Packages/com.unity.render-pipelines.universal/Runtime/Passes/ProbeVolumeDebugPass.cs - Importer: ScriptedImporter/UnityEditor.QuickSearchModule:UnityEditor.Search:ASIAI0B
Importing 'GUID: 14a56f221d48d58419103d8e8c070dd9 - Path: Packages/com.unity.render-pipelines.universal/Runtime/Passes/ProbeVolumeDebugPass.cs - Importer: ScriptedImporter/UnityEditor.QuickSearchModule:UnityEditor.Search:ASIAI0B' with importer (ScriptedImporter : UnityEditor.QuickSearchModule:UnityEditor.Search:ASIAI0B)
Imported 'GUID: 14a56f221d48d58419103d8e8c070dd9' -> (Import Result ID: 'b21c1fe076b1f56f45b99d98726aaa36') in 0.004 seconds [static and dynamic dependencies]. Details - ImportResultOutputID=cdd0f3b876a748bc2b522d0d3656ff8c DependenciesID=5abfa0e8546425f4fadc2ab3d3a0be71 StaticDependenciesID=1f1ae83462cff68f1fb202b755bf3ed1 
Number of updated asset objects reloaded before import = 0
Number of asset objects unloaded after import = 0
========================================================================
Received Import Request.
  Time of request: 2026-08-21T02:53:33.9537294Z
  Time since last request: 0.0004087 seconds.
  importAddress: GUID: 15d0c3709176029428a0da2f8cecf0b5 - Path: Packages/com.unity.render-pipelines.universal/Runtime/Materials/SpriteMask-Default.mat - Importer: ScriptedImporter/UnityEditor.QuickSearchModule:UnityEditor.Search:ASIAI0B
Importing 'GUID: 15d0c3709176029428a0da2f8cecf0b5 - Path: Packages/com.unity.render-pipelines.universal/Runtime/Materials/SpriteMask-Default.mat - Importer: ScriptedImporter/UnityEditor.QuickSearchModule:UnityEditor.Search:ASIAI0B' with importer (ScriptedImporter : UnityEditor.QuickSearchModule:UnityEditor.Search:ASIAI0B)
Imported 'GUID: 15d0c3709176029428a0da2f8cecf0b5' -> (Import Result ID: '55ffff5777f88f27829f7a886ede3357') in 0.012 seconds [static and dynamic dependencies]. Details - ImportResultOutputID=be90c50992cce84dc0c93bd4c1194592 DependenciesID=331252642b5b1e816907bfe5c4c57214 StaticDependenciesID=48a6baaeb27da3130104b680496e6337 
Number of updated asset objects reloaded before import = 0
Number of asset objects unloaded after import = 1
========================================================================
Received Import Request.
  Time of request: 2026-08-21T02:53:33.9770996Z
  Time since last request: 0.0000239 seconds.
  importAddress: GUID: 666fd5e17c3205e469d806ca3f160378 - Path: Packages/com.unity.render-pipelines.universal/Runtime/RendererFeatures/FullScreenPassRendererFeature.migration.cs - Importer: ScriptedImporter/UnityEditor.QuickSearchModule:UnityEditor.Search:ASIAI0B
Importing 'GUID: 666fd5e17c3205e469d806ca3f160378 - Path: Packages/com.unity.render-pipelines.universal/Runtime/RendererFeatures/FullScreenPassRendererFeature.migration.cs - Importer: ScriptedImporter/UnityEditor.QuickSearchModule:UnityEditor.Search:ASIAI0B' with importer (ScriptedImporter : UnityEditor.QuickSearchModule:UnityEditor.Search:ASIAI0B)
Imported 'GUID: 666fd5e17c3205e469d806ca3f160378' -> (Import Result ID: '0b901bbfd4b1d45d0d24bab690b102a0') in 0.004 seconds [static and dynamic dependencies]. Details - ImportResultOutputID=f6402af147c191ec74bdd7ca50f85de3 DependenciesID=96a14aa1b13c133b94df63b6b2b99e4d StaticDependenciesID=72956a535bfd5be8433a7ebc601d55f5 
Number of updated asset objects reloaded before import = 0
Number of asset objects unloaded after import = 0
========================================================================
Received Import Request.
  Time of request: 2026-08-21T02:53:33.9914372Z
  Time since last request: 0.0002981 seconds.
  importAddress: GUID: dbd10d839f22d4127aeb9851dfed8caa - Path: Packages/com.unity.render-pipelines.universal/Runtime/Passes/RenderObjectsPass.cs - Importer: ScriptedImporter/UnityEditor.QuickSearchModule:UnityEditor.Search:ASIAI0B
Importing 'GUID: dbd10d839f22d4127aeb9851dfed8caa - Path: Packages/com.unity.render-pipelines.universal/Runtime/Passes/RenderObjectsPass.cs - Importer: ScriptedImporter/UnityEditor.QuickSearchModule:UnityEditor.Search:ASIAI0B' with importer (ScriptedImporter : UnityEditor.QuickSearchModule:UnityEditor.Search:ASIAI0B)
Imported 'GUID: dbd10d839f22d4127aeb9851dfed8caa' -> (Import Result ID: 'e53ea0937ae5c139afa6ab1397bf8a84') in 0.004 seconds [static and dynamic dependencies]. Details - ImportResultOutputID=2ab242c4f9af121878e244de8888500d DependenciesID=f630d5b7dd48b8b3f03705a0dc7a317d StaticDependenciesID=bbcaf758bd7d838701bd1e85c23b3e7a 
Number of updated asset objects reloaded before import = 0
Number of asset objects unloaded after import = 0
========================================================================
Received Import Request.
  Time of request: 2026-08-21T02:53:34.006488Z
  Time since last request: 0.0002939 seconds.
  importAddress: GUID: 4bcbfb254d9395f439b5d8a711e29acd - Path: Packages/com.unity.render-pipelines.universal/Runtime/Passes/HDRDebugViewPass.cs - Importer: ScriptedImporter/UnityEditor.QuickSearchModule:UnityEditor.Search:ASIAI0B
Importing 'GUID: 4bcbfb254d9395f439b5d8a711e29acd - Path: Packages/com.unity.render-pipelines.universal/Runtime/Passes/HDRDebugViewPass.cs - Importer: ScriptedImporter/UnityEditor.QuickSearchModule:UnityEditor.Search:ASIAI0B' with importer (ScriptedImporter : UnityEditor.QuickSearchModule:UnityEditor.Search:ASIAI0B)
Imported 'GUID: 4bcbfb254d9395f439b5d8a711e29acd' -> (Import Result ID: 'a7a4c2ebb22257685e1b0883a588017e') in 0.004 seconds [static and dynamic dependencies]. Details - ImportResultOutputID=9a27a12462b2f3b1012c6aacd8ab7ffa DependenciesID=e24885ffb5c977fd075f405404f44492 StaticDependenciesID=1cbfa4c4609342c805ec744b11b7b37e 
Number of updated asset objects reloaded before import = 0
Number of asset objects unloaded after import = 0
========================================================================
Received Import Request.
  Time of request: 2026-08-21T02:53:34.0202044Z
  Time since last request: 0.0004157 seconds.
  importAddress: GUID: 0b2db86121404754db890f4c8dfe81b2 - Path: Packages/com.unity.render-pipelines.universal/Runtime/Overrides/Bloom.cs - Importer: ScriptedImporter/UnityEditor.QuickSearchModule:UnityEditor.Search:ASIAI0B
Importing 'GUID: 0b2db86121404754db890f4c8dfe81b2 - Path: Packages/com.unity.render-pipelines.universal/Runtime/Overrides/Bloom.cs - Importer: ScriptedImporter/UnityEditor.QuickSearchModule:UnityEditor.Search:ASIAI0B' with importer (ScriptedImporter : UnityEditor.QuickSearchModule:UnityEditor.Search:ASIAI0B)
Imported 'GUID: 0b2db86121404754db890f4c8dfe81b2' -> (Import Result ID: '30988e717fbf0274df96ee63fb950808') in 0.004 seconds [static and dynamic dependencies]. Details - ImportResultOutputID=63d5dd95c62f20230aa0cdb031617a10 DependenciesID=14ba54c23135b98d4313deb94ae4969a StaticDependenciesID=e55de8327fe3b1d65e3aec52e2d82d85 
Number of updated asset objects reloaded before import = 0
Number of asset objects unloaded after import = 0
========================================================================
Received Import Request.
  Time of request: 2026-08-21T02:53:34.0344384Z
  Time since last request: 0.0003641 seconds.
  importAddress: GUID: 1d258bcfb9f91794090920274896e493 - Path: Packages/com.unity.render-pipelines.universal/Runtime/Passes/DeferredPass.cs - Importer: ScriptedImporter/UnityEditor.QuickSearchModule:UnityEditor.Search:ASIAI0B
Importing 'GUID: 1d258bcfb9f91794090920274896e493 - Path: Packages/com.unity.render-pipelines.universal/Runtime/Passes/DeferredPass.cs - Importer: ScriptedImporter/UnityEditor.QuickSearchModule:UnityEditor.Search:ASIAI0B' with importer (ScriptedImporter : UnityEditor.QuickSearchModule:UnityEditor.Search:ASIAI0B)
Imported 'GUID: 1d258bcfb9f91794090920274896e493' -> (Import Result ID: '756c77dae5ebec6e3726e6d79f027894') in 0.004 seconds [static and dynamic dependencies]. Details - ImportResultOutputID=b510808801580f8a41a186b9805ed6ca DependenciesID=ab196e527fdb604f167bd71ad4e20fb5 StaticDependenciesID=8ad7b5b258600bd65214166696236f73 
Number of updated asset objects reloaded before import = 0
Number of asset objects unloaded after import = 0
========================================================================
Received Import Request.
  Time of request: 2026-08-21T02:53:34.0510882Z
  Time since last request: 0.0003395 seconds.
  importAddress: GUID: 7e18083ec47e7446fac286a4ecd439fc - Path: Packages/com.unity.render-pipelines.universal/Runtime/Passes/CopyColorPass.cs - Importer: ScriptedImporter/UnityEditor.QuickSearchModule:UnityEditor.Search:ASIAI0B
Importing 'GUID: 7e18083ec47e7446fac286a4ecd439fc - Path: Packages/com.unity.render-pipelines.universal/Runtime/Passes/CopyColorPass.cs - Importer: ScriptedImporter/UnityEditor.QuickSearchModule:UnityEditor.Search:ASIAI0B' with importer (ScriptedImporter : UnityEditor.QuickSearchModule:UnityEditor.Search:ASIAI0B)
Imported 'GUID: 7e18083ec47e7446fac286a4ecd439fc' -> (Import Result ID: '4205fffcc4c09c972e6da75b80735d03') in 0.004 seconds [static and dynamic dependencies]. Details - ImportResultOutputID=c90045f222a53b23d99c9d24a16d60ce DependenciesID=204a873f806f49182d62089bc9079854 StaticDependenciesID=69816b2b1626300eb516c9419ffbcc91 
Number of updated asset objects reloaded before import = 0
Number of asset objects unloaded after import = 0
========================================================================
Received Import Request.
  Time of request: 2026-08-21T02:53:34.0668651Z
  Time since last request: 0.0003452 seconds.
  importAddress: GUID: a1614fc811f8f184697d9bee70ab9fe5 - Path: Packages/com.unity.render-pipelines.universal/Runtime/RendererFeatures/DecalRendererFeature.cs - Importer: ScriptedImporter/UnityEditor.QuickSearchModule:UnityEditor.Search:ASIAI0B
Importing 'GUID: a1614fc811f8f184697d9bee70ab9fe5 - Path: Packages/com.unity.render-pipelines.universal/Runtime/RendererFeatures/DecalRendererFeature.cs - Importer: ScriptedImporter/UnityEditor.QuickSearchModule:UnityEditor.Search:ASIAI0B' with importer (ScriptedImporter : UnityEditor.QuickSearchModule:UnityEditor.Search:ASIAI0B)
Imported 'GUID: a1614fc811f8f184697d9bee70ab9fe5' -> (Import Result ID: '3f69a8a5c56f70b7011574c63126bfbc') in 0.008 seconds [static and dynamic dependencies]. Details - ImportResultOutputID=3b3d89a8cc63816a9b72fe2d943b4390 DependenciesID=d5504d5f251e74cc79e100ba7ee38978 StaticDependenciesID=ca626371815cd8082110447ae69ed82c 
Number of updated asset objects reloaded before import = 0
Number of asset objects unloaded after import = 1
========================================================================
Received Import Request.
  Time of request: 2026-08-21T02:53:34.0852424Z
  Time since last request: 0.0002618 seconds.
  importAddress: GUID: 10e31bb2e2b26314bb6132009378847c - Path: Packages/com.unity.render-pipelines.universal/Runtime/Passes/GBufferPass.cs - Importer: ScriptedImporter/UnityEditor.QuickSearchModule:UnityEditor.Search:ASIAI0B
Importing 'GUID: 10e31bb2e2b26314bb6132009378847c - Path: Packages/com.unity.render-pipelines.universal/Runtime/Passes/GBufferPass.cs - Importer: ScriptedImporter/UnityEditor.QuickSearchModule:UnityEditor.Search:ASIAI0B' with importer (ScriptedImporter : UnityEditor.QuickSearchModule:UnityEditor.Search:ASIAI0B)
Imported 'GUID: 10e31bb2e2b26314bb6132009378847c' -> (Import Result ID: '8ff4ab14d83ee840a65e8a0a9dddf4f9') in 0.004 seconds [static and dynamic dependencies]. Details - ImportResultOutputID=198d3a054d63b07dc99d267d3b546eca DependenciesID=03f183dd829fe5358cd6f5298a83f127 StaticDependenciesID=07fc86c059d8bce4bcb383acdd9c52c0 
Number of updated asset objects reloaded before import = 0
Number of asset objects unloaded after import = 0
========================================================================
Received Import Request.
  Time of request: 2026-08-21T02:53:34.0997815Z
  Time since last request: 0.0003342 seconds.
  importAddress: GUID: 558a8e2b6826cf840aae193990ba9f2e - Path: Packages/com.unity.render-pipelines.universal/Runtime/Overrides/ShadowsMidtonesHighlights.cs - Importer: ScriptedImporter/UnityEditor.QuickSearchModule:UnityEditor.Search:ASIAI0B
Importing 'GUID: 558a8e2b6826cf840aae193990ba9f2e - Path: Packages/com.unity.render-pipelines.universal/Runtime/Overrides/ShadowsMidtonesHighlights.cs - Importer: ScriptedImporter/UnityEditor.QuickSearchModule:UnityEditor.Search:ASIAI0B' with importer (ScriptedImporter : UnityEditor.QuickSearchModule:UnityEditor.Search:ASIAI0B)
Imported 'GUID: 558a8e2b6826cf840aae193990ba9f2e' -> (Import Result ID: 'e525c042fa33e351305561e947eb93a4') in 0.004 seconds [static and dynamic dependencies]. Details - ImportResultOutputID=587d9cd0b23d15cc4f95086cb04cc74e DependenciesID=0c451eb08fb57d25e0c3a59c8154bcdb StaticDependenciesID=342ebd2458c24e591be0c98c4536064d 
Number of updated asset objects reloaded before import = 0
Number of asset objects unloaded after import = 0
========================================================================
Received Import Request.
  Time of request: 2026-08-21T02:53:34.113975Z
  Time since last request: 0.0003931 seconds.
  importAddress: GUID: e823cd5b5d27c0f4b8256e7c12ee3e6d - Path: Packages/com.unity.render-pipelines.universal/Runtime/Materials/ParticlesUnlit.mat - Importer: ScriptedImporter/UnityEditor.QuickSearchModule:UnityEditor.Search:ASIAI0B
Importing 'GUID: e823cd5b5d27c0f4b8256e7c12ee3e6d - Path: Packages/com.unity.render-pipelines.universal/Runtime/Materials/ParticlesUnlit.mat - Importer: ScriptedImporter/UnityEditor.QuickSearchModule:UnityEditor.Search:ASIAI0B' with importer (ScriptedImporter : UnityEditor.QuickSearchModule:UnityEditor.Search:ASIAI0B)
Imported 'GUID: e823cd5b5d27c0f4b8256e7c12ee3e6d' -> (Import Result ID: '9536def5d2680adc141fe4277ab23cd1') in 0.019 seconds [static and dynamic dependencies]. Details - ImportResultOutputID=a6a6055e825b39659cfeadd6ac4ff57e DependenciesID=91fe5bacce7928c441cec8852b0fb397 StaticDependenciesID=9b7e84a52977a4355632ae7f7f78219b 
Number of updated asset objects reloaded before import = 0
Number of asset objects unloaded after import = 2
========================================================================
Received Import Request.
  Time of request: 2026-08-21T02:53:34.1660294Z
  Time since last request: 0.0225532 seconds.
  importAddress: GUID: 2f5d344954b35bc4faad3771ebd6ccd8 - Path: Packages/com.unity.render-pipelines.universal/Runtime/Settings/URPTerrainShaderSetting.cs - Importer: ScriptedImporter/UnityEditor.QuickSearchModule:UnityEditor.Search:ASIAI0B
Importing 'GUID: 2f5d344954b35bc4faad3771ebd6ccd8 - Path: Packages/com.unity.render-pipelines.universal/Runtime/Settings/URPTerrainShaderSetting.cs - Importer: ScriptedImporter/UnityEditor.QuickSearchModule:UnityEditor.Search:ASIAI0B' with importer (ScriptedImporter : UnityEditor.QuickSearchModule:UnityEditor.Search:ASIAI0B)
Imported 'GUID: 2f5d344954b35bc4faad3771ebd6ccd8' -> (Import Result ID: '945809b98b5c16086d3a78128efbb5bc') in 0.005 seconds [static and dynamic dependencies]. Details - ImportResultOutputID=1a9d1095e80852d15eb80666134afe13 DependenciesID=5ba94a9de80aa7df9a13216a2505eacf StaticDependenciesID=c977382c2274e39846d0bf491993ee27 
Number of updated asset objects reloaded before import = 0
Number of asset objects unloaded after import = 0
========================================================================
Received Import Request.
  Time of request: 2026-08-21T02:53:34.1812757Z
  Time since last request: 0.00073 seconds.
  importAddress: GUID: 35922f772e2f746e0a76b49701b8c04a - Path: Packages/com.unity.render-pipelines.universal/Runtime/Settings/URPReflectionProbeSettings.cs - Importer: ScriptedImporter/UnityEditor.QuickSearchModule:UnityEditor.Search:ASIAI0B
Importing 'GUID: 35922f772e2f746e0a76b49701b8c04a - Path: Packages/com.unity.render-pipelines.universal/Runtime/Settings/URPReflectionProbeSettings.cs - Importer: ScriptedImporter/UnityEditor.QuickSearchModule:UnityEditor.Search:ASIAI0B' with importer (ScriptedImporter : UnityEditor.QuickSearchModule:UnityEditor.Search:ASIAI0B)
Imported 'GUID: 35922f772e2f746e0a76b49701b8c04a' -> (Import Result ID: '79cc03aeb3e072ff9458e39b4d8f179f') in 0.005 seconds [static and dynamic dependencies]. Details - ImportResultOutputID=f5fe300ec79449abfb4eac92e067dce0 DependenciesID=54623c6aac8b6dcce718cc4c7e99ffce StaticDependenciesID=d2e25d204d87f1acfb59756978f22932 
Number of updated asset objects reloaded before import = 0
Number of asset objects unloaded after import = 0
========================================================================
Received Import Request.
  Time of request: 2026-08-21T02:53:34.1961711Z
  Time since last request: 0.000594 seconds.
  importAddress: GUID: e39bd598ce13f44ba8af997d3e42cd18 - Path: Packages/com.unity.render-pipelines.universal/Shaders/2D/Sprite-Mask.shader - Importer: ScriptedImporter/UnityEditor.QuickSearchModule:UnityEditor.Search:ASIAI0B
Importing 'GUID: e39bd598ce13f44ba8af997d3e42cd18 - Path: Packages/com.unity.render-pipelines.universal/Shaders/2D/Sprite-Mask.shader - Importer: ScriptedImporter/UnityEditor.QuickSearchModule:UnityEditor.Search:ASIAI0B' with importer (ScriptedImporter : UnityEditor.QuickSearchModule:UnityEditor.Search:ASIAI0B)
Imported 'GUID: e39bd598ce13f44ba8af997d3e42cd18' -> (Import Result ID: '20dfb22f1f3b0ba362f41ab0e6d9cbf0') in 0.005 seconds [static and dynamic dependencies]. Details - ImportResultOutputID=be7ab816f13e7017f539cf7ab651afde DependenciesID=2d158df0c55f4f2dac4c7d2e2f00bae3 StaticDependenciesID=288db6660fd04f426d0ac1f7de570b3f 
Number of updated asset objects reloaded before import = 0
Number of asset objects unloaded after import = 1
========================================================================
Received Import Request.
  Time of request: 2026-08-21T02:53:34.2115091Z
  Time since last request: 0.00029 seconds.
  importAddress: GUID: 53626a513ea68ce47b59dc1299fe3959 - Path: Packages/com.unity.render-pipelines.universal/Shaders/Debug/ProbeVolumeSamplingDebugPositionNormal.compute - Importer: ScriptedImporter/UnityEditor.QuickSearchModule:UnityEditor.Search:ASIAI0B
Importing 'GUID: 53626a513ea68ce47b59dc1299fe3959 - Path: Packages/com.unity.render-pipelines.universal/Shaders/Debug/ProbeVolumeSamplingDebugPositionNormal.compute - Importer: ScriptedImporter/UnityEditor.QuickSearchModule:UnityEditor.Search:ASIAI0B' with importer (ScriptedImporter : UnityEditor.QuickSearchModule:UnityEditor.Search:ASIAI0B)
Imported 'GUID: 53626a513ea68ce47b59dc1299fe3959' -> (Import Result ID: '80f6a4c924ba8cb18af4ea450582d353') in 0.005 seconds [static and dynamic dependencies]. Details - ImportResultOutputID=a72c02a44dae12f7e3d1b4984abf0f89 DependenciesID=24dfc4c22372861d9ddbfab82ef7477b StaticDependenciesID=98c13970092bfd29666576fef4200dae 
Number of updated asset objects reloaded before import = 0
Number of asset objects unloaded after import = 1
========================================================================
Received Import Request.
  Time of request: 2026-08-21T02:53:34.2260414Z
  Time since last request: 0.000411 seconds.
  importAddress: GUID: 24921b8147a072847b68efb524c025e3 - Path: Packages/com.unity.render-pipelines.universal/Runtime/RendererFeatures/OnTilePostProcessResource.cs - Importer: ScriptedImporter/UnityEditor.QuickSearchModule:UnityEditor.Search:ASIAI0B
Importing 'GUID: 24921b8147a072847b68efb524c025e3 - Path: Packages/com.unity.render-pipelines.universal/Runtime/RendererFeatures/OnTilePostProcessResource.cs - Importer: ScriptedImporter/UnityEditor.QuickSearchModule:UnityEditor.Search:ASIAI0B' with importer (ScriptedImporter : UnityEditor.QuickSearchModule:UnityEditor.Search:ASIAI0B)
Imported 'GUID: 24921b8147a072847b68efb524c025e3' -> (Import Result ID: 'bb4d1fc1d909ceaaee395e9c91fe2e1b') in 0.006 seconds [static and dynamic dependencies]. Details - ImportResultOutputID=b99e3368f7021cb42ae412701b624c5f DependenciesID=a0b45f65d8ceb3f9f3c9bd7342a216b9 StaticDependenciesID=882bc63b50b3fa9d0d2933d6e6272398 
Number of updated asset objects reloaded before import = 0
Number of asset objects unloaded after import = 0
========================================================================
Received Import Request.
  Time of request: 2026-08-21T02:53:34.2417253Z
  Time since last request: 0.0003621 seconds.
  importAddress: GUID: a70b6c101edaa442a80370b0d514fb3c - Path: Packages/com.unity.render-pipelines.universal/ShaderLibrary/LightCookie/LightCookieInput.hlsl - Importer: ScriptedImporter/UnityEditor.QuickSearchModule:UnityEditor.Search:ASIAI0B
Importing 'GUID: a70b6c101edaa442a80370b0d514fb3c - Path: Packages/com.unity.render-pipelines.universal/ShaderLibrary/LightCookie/LightCookieInput.hlsl - Importer: ScriptedImporter/UnityEditor.QuickSearchModule:UnityEditor.Search:ASIAI0B' with importer (ScriptedImporter : UnityEditor.QuickSearchModule:UnityEditor.Search:ASIAI0B)
Imported 'GUID: a70b6c101edaa442a80370b0d514fb3c' -> (Import Result ID: '266d30346e80ac480ce7a65a1c805bba') in 0.005 seconds [static and dynamic dependencies]. Details - ImportResultOutputID=9dd5b114dcc27f2acf217d2e3c2037bf DependenciesID=266ec936a419c8d1bade5b9399995b17 StaticDependenciesID=0b6b3560811a4f18f4833288d13e9a38 
Number of updated asset objects reloaded before import = 0
Number of asset objects unloaded after import = 1
========================================================================
Received Import Request.
  Time of request: 2026-08-21T02:53:34.2586928Z
  Time since last request: 0.0003954 seconds.
  importAddress: GUID: 8da870822b2d17746b2bd8d494f18787 - Path: Packages/com.unity.render-pipelines.universal/Runtime/RenderPipelineResources/Renderer2DResources.cs - Importer: ScriptedImporter/UnityEditor.QuickSearchModule:UnityEditor.Search:ASIAI0B
Importing 'GUID: 8da870822b2d17746b2bd8d494f18787 - Path: Packages/com.unity.render-pipelines.universal/Runtime/RenderPipelineResources/Renderer2DResources.cs - Importer: ScriptedImporter/UnityEditor.QuickSearchModule:UnityEditor.Search:ASIAI0B' with importer (ScriptedImporter : UnityEditor.QuickSearchModule:UnityEditor.Search:ASIAI0B)
Imported 'GUID: 8da870822b2d17746b2bd8d494f18787' -> (Import Result ID: '0ad4dfd0895de5e6bb4231724841303c') in 0.006 seconds [static and dynamic dependencies]. Details - ImportResultOutputID=af1bda3e001d3023c9372b1b4f729de9 DependenciesID=7cbbe416d1c34edf9314db0dfaf0b9f1 StaticDependenciesID=0e401708999c6d5e3f142930fc366b6e 
Number of updated asset objects reloaded before import = 0
Number of asset objects unloaded after import = 0
========================================================================
Received Import Request.
  Time of request: 2026-08-21T02:53:34.2761125Z
  Time since last request: 0.0003854 seconds.
  importAddress: GUID: 394c5e9a352f74e998cb797d7aa461d4 - Path: Packages/com.unity.render-pipelines.universal/ShaderLibrary/LightCookie/LightCookieTypes.hlsl - Importer: ScriptedImporter/UnityEditor.QuickSearchModule:UnityEditor.Search:ASIAI0B
Importing 'GUID: 394c5e9a352f74e998cb797d7aa461d4 - Path: Packages/com.unity.render-pipelines.universal/ShaderLibrary/LightCookie/LightCookieTypes.hlsl - Importer: ScriptedImporter/UnityEditor.QuickSearchModule:UnityEditor.Search:ASIAI0B' with importer (ScriptedImporter : UnityEditor.QuickSearchModule:UnityEditor.Search:ASIAI0B)
Imported 'GUID: 394c5e9a352f74e998cb797d7aa461d4' -> (Import Result ID: 'b929e4fe50eaafe91f293b2277c0cc68') in 0.004 seconds [static and dynamic dependencies]. Details - ImportResultOutputID=e61ed2c4c7054cdd8bd0176bba791bcc DependenciesID=6a76e6554cb514aaa8fc0e22ccdaef0c StaticDependenciesID=086dd26fd569ff2f0bc4697946283639 
Number of updated asset objects reloaded before import = 0
Number of asset objects unloaded after import = 1
========================================================================
Received Import Request.
  Time of request: 2026-08-21T02:53:34.2931588Z
  Time since last request: 0.0004311 seconds.
  importAddress: GUID: 9d476ba138cb60c49a03d544270271d5 - Path: Packages/com.unity.render-pipelines.universal/Runtime/XR/XRSystemUniversal.cs - Importer: ScriptedImporter/UnityEditor.QuickSearchModule:UnityEditor.Search:ASIAI0B
Importing 'GUID: 9d476ba138cb60c49a03d544270271d5 - Path: Packages/com.unity.render-pipelines.universal/Runtime/XR/XRSystemUniversal.cs - Importer: ScriptedImporter/UnityEditor.QuickSearchModule:UnityEditor.Search:ASIAI0B' with importer (ScriptedImporter : UnityEditor.QuickSearchModule:UnityEditor.Search:ASIAI0B)
Imported 'GUID: 9d476ba138cb60c49a03d544270271d5' -> (Import Result ID: 'ec39aaab03ff4a7b4c3996698bf647cf') in 0.005 seconds [static and dynamic dependencies]. Details - ImportResultOutputID=74f479030a28d0857602380e10346ee1 DependenciesID=069675e38b7055bb0eff93b828331999 StaticDependenciesID=0b2ab23eafeadfdd4d5c0ea3e836b320 
Number of updated asset objects reloaded before import = 0
Number of asset objects unloaded after import = 0
========================================================================
Received Import Request.
  Time of request: 2026-08-21T02:53:34.3125933Z
  Time since last request: 0.0007981 seconds.
  importAddress: GUID: 3f36a6a4d730c3942afd169457cb4035 - Path: Packages/com.unity.render-pipelines.universal/Runtime/Settings/URPDefaultVolumeProfileSetting.cs - Importer: ScriptedImporter/UnityEditor.QuickSearchModule:UnityEditor.Search:ASIAI0B
Importing 'GUID: 3f36a6a4d730c3942afd169457cb4035 - Path: Packages/com.unity.render-pipelines.universal/Runtime/Settings/URPDefaultVolumeProfileSetting.cs - Importer: ScriptedImporter/UnityEditor.QuickSearchModule:UnityEditor.Search:ASIAI0B' with importer (ScriptedImporter : UnityEditor.QuickSearchModule:UnityEditor.Search:ASIAI0B)
Imported 'GUID: 3f36a6a4d730c3942afd169457cb4035' -> (Import Result ID: 'ba2ba5e4e1a09467331075b013adadc0') in 0.006 seconds [static and dynamic dependencies]. Details - ImportResultOutputID=2752a74ea359a36eb0e8854631b69551 DependenciesID=da550c7d0db9bf3c504a1caab44d95b9 StaticDependenciesID=abf5206e547960de7d22c5743c141cf7 
Number of updated asset objects reloaded before import = 0
Number of asset objects unloaded after import = 0
========================================================================
Received Import Request.
  Time of request: 2026-08-21T02:53:34.3298032Z
  Time since last request: 0.000381 seconds.
  importAddress: GUID: 77774d9009bb81447b048c907d4c6273 - Path: Packages/com.unity.render-pipelines.universal/Shaders/2D/Shadow2D-Unshadow-Geometry.shader - Importer: ScriptedImporter/UnityEditor.QuickSearchModule:UnityEditor.Search:ASIAI0B
Importing 'GUID: 77774d9009bb81447b048c907d4c6273 - Path: Packages/com.unity.render-pipelines.universal/Shaders/2D/Shadow2D-Unshadow-Geometry.shader - Importer: ScriptedImporter/UnityEditor.QuickSearchModule:UnityEditor.Search:ASIAI0B' with importer (ScriptedImporter : UnityEditor.QuickSearchModule:UnityEditor.Search:ASIAI0B)
Imported 'GUID: 77774d9009bb81447b048c907d4c6273' -> (Import Result ID: 'a583c34ff194503cf723b34abeb9091f') in 0.006 seconds [static and dynamic dependencies]. Details - ImportResultOutputID=f37dd4d6dafc4606cdd5bbb15d90c94f DependenciesID=3f70bdbd37991be02b787ae1e47d046b StaticDependenciesID=47aa7598eee2b359dbd9de87bdbf1fa3 
Number of updated asset objects reloaded before import = 0
Number of asset objects unloaded after import = 1
========================================================================
Received Import Request.
  Time of request: 2026-08-21T02:53:34.346193Z
  Time since last request: 0.000364 seconds.
  importAddress: GUID: a8f66a2552f2df24d822f6c0b17834c5 - Path: Packages/com.unity.render-pipelines.universal/Runtime/RenderPipelineResources/UniversalRenderPipelineRuntimeTextures.cs - Importer: ScriptedImporter/UnityEditor.QuickSearchModule:UnityEditor.Search:ASIAI0B
Importing 'GUID: a8f66a2552f2df24d822f6c0b17834c5 - Path: Packages/com.unity.render-pipelines.universal/Runtime/RenderPipelineResources/UniversalRenderPipelineRuntimeTextures.cs - Importer: ScriptedImporter/UnityEditor.QuickSearchModule:UnityEditor.Search:ASIAI0B' with importer (ScriptedImporter : UnityEditor.QuickSearchModule:UnityEditor.Search:ASIAI0B)
Imported 'GUID: a8f66a2552f2df24d822f6c0b17834c5' -> (Import Result ID: '576f8dd52307be0b84bcb27232cec7c2') in 0.004 seconds [static and dynamic dependencies]. Details - ImportResultOutputID=813358839f5fd8ee96d4c556b24890cf DependenciesID=eca7384bca2aaac7263e8f074a7e98dd StaticDependenciesID=fc3f484f0a018ff53abfcc8be8ead7b0 
Number of updated asset objects reloaded before import = 0
Number of asset objects unloaded after import = 0
========================================================================
Received Import Request.
  Time of request: 2026-08-21T02:53:34.3604049Z
  Time since last request: 0.0003893 seconds.
  importAddress: GUID: d7288f66e4fb0634c9afef98c31b722a - Path: Packages/com.unity.render-pipelines.universal/Shaders/2D/VFXSpriteUnlit.shadergraph - Importer: ScriptedImporter/UnityEditor.QuickSearchModule:UnityEditor.Search:ASIAI0B
Importing 'GUID: d7288f66e4fb0634c9afef98c31b722a - Path: Packages/com.unity.render-pipelines.universal/Shaders/2D/VFXSpriteUnlit.shadergraph - Importer: ScriptedImporter/UnityEditor.QuickSearchModule:UnityEditor.Search:ASIAI0B' with importer (ScriptedImporter : UnityEditor.QuickSearchModule:UnityEditor.Search:ASIAI0B)
Imported 'GUID: d7288f66e4fb0634c9afef98c31b722a' -> (Import Result ID: 'cd3b0ac511ad092ea9603324cc65c0d7') in 0.008 seconds [static and dynamic dependencies]. Details - ImportResultOutputID=e3d2cf8ce1eb5a3eeb2f66cffe047a05 DependenciesID=cd19179f94eb6bd0d67fbc21fe21d07f StaticDependenciesID=bfcdd9c307af83aa6c943ff6f344c1d9 
Number of updated asset objects reloaded before import = 0
Number of asset objects unloaded after import = 4
========================================================================
Received Import Request.
  Time of request: 2026-08-21T02:53:34.3809159Z
  Time since last request: 0.0002235 seconds.
  importAddress: GUID: 24a73dccd7b6fad4798be282f96a21f4 - Path: Packages/com.unity.render-pipelines.universal/Shaders/2D/VFXSpriteLit.shadergraph - Importer: ScriptedImporter/UnityEditor.QuickSearchModule:UnityEditor.Search:ASIAI0B
Importing 'GUID: 24a73dccd7b6fad4798be282f96a21f4 - Path: Packages/com.unity.render-pipelines.universal/Shaders/2D/VFXSpriteLit.shadergraph - Importer: ScriptedImporter/UnityEditor.QuickSearchModule:UnityEditor.Search:ASIAI0B' with importer (ScriptedImporter : UnityEditor.QuickSearchModule:UnityEditor.Search:ASIAI0B)
Imported 'GUID: 24a73dccd7b6fad4798be282f96a21f4' -> (Import Result ID: '38f8cc4d63881c335d1d45936064b9b4') in 0.007 seconds [static and dynamic dependencies]. Details - ImportResultOutputID=c1110007b058c76243a91093876cd011 DependenciesID=369ab9e52dee83fddc6f0b37a800ec44 StaticDependenciesID=2eaefd703093868e3512af4516518746 
Number of updated asset objects reloaded before import = 0
Number of asset objects unloaded after import = 4
========================================================================
Received Import Request.
  Time of request: 2026-08-21T02:53:34.3992067Z
  Time since last request: 0.0001338 seconds.
  importAddress: GUID: 4e90a8289da1f3943885176e4f83e35c - Path: Packages/com.unity.render-pipelines.universal/Shaders/2D/Mesh2D-Lit-Default.shader - Importer: ScriptedImporter/UnityEditor.QuickSearchModule:UnityEditor.Search:ASIAI0B
Importing 'GUID: 4e90a8289da1f3943885176e4f83e35c - Path: Packages/com.unity.render-pipelines.universal/Shaders/2D/Mesh2D-Lit-Default.shader - Importer: ScriptedImporter/UnityEditor.QuickSearchModule:UnityEditor.Search:ASIAI0B' with importer (ScriptedImporter : UnityEditor.QuickSearchModule:UnityEditor.Search:ASIAI0B)
Imported 'GUID: 4e90a8289da1f3943885176e4f83e35c' -> (Import Result ID: '66b1991d4ff9e23044441923e0c8d868') in 0.006 seconds [static and dynamic dependencies]. Details - ImportResultOutputID=29755328d3023a8a2a871663be22d241 DependenciesID=7e29b8dbc6fde0db254ac1e7434ace84 StaticDependenciesID=6323a07a7b53873a2b11af5313e315e6 
Number of updated asset objects reloaded before import = 0
Number of asset objects unloaded after import = 1
========================================================================
Received Import Request.
  Time of request: 2026-08-21T02:53:34.416189Z
  Time since last request: 0.00034 seconds.
  importAddress: GUID: de02b375720b5c445afe83cd483bedf3 - Path: Packages/com.unity.render-pipelines.universal/Shaders/2D/Shadow2D-Unshadow-Sprite.shader - Importer: ScriptedImporter/UnityEditor.QuickSearchModule:UnityEditor.Search:ASIAI0B
Importing 'GUID: de02b375720b5c445afe83cd483bedf3 - Path: Packages/com.unity.render-pipelines.universal/Shaders/2D/Shadow2D-Unshadow-Sprite.shader - Importer: ScriptedImporter/UnityEditor.QuickSearchModule:UnityEditor.Search:ASIAI0B' with importer (ScriptedImporter : UnityEditor.QuickSearchModule:UnityEditor.Search:ASIAI0B)
Imported 'GUID: de02b375720b5c445afe83cd483bedf3' -> (Import Result ID: '3e523d6e904bca661bcff3cad7b7123e') in 0.005 seconds [static and dynamic dependencies]. Details - ImportResultOutputID=7ba7136739b0066529e0337b51e339e6 DependenciesID=b975eab099049cd82566bfc9a960ccbf StaticDependenciesID=f0bf6266ce19a1811a3c747d9166a9d9 
Number of updated asset objects reloaded before import = 0
Number of asset objects unloaded after import = 1
========================================================================
Received Import Request.
  Time of request: 2026-08-21T02:53:34.4484939Z
  Time since last request: 0.0167472 seconds.
  importAddress: GUID: 65df88701913c224d95fc554db28381a - Path: Packages/com.unity.render-pipelines.universal/Shaders/PostProcessing/LutBuilderLdr.shader - Importer: ScriptedImporter/UnityEditor.QuickSearchModule:UnityEditor.Search:ASIAI0B
Importing 'GUID: 65df88701913c224d95fc554db28381a - Path: Packages/com.unity.render-pipelines.universal/Shaders/PostProcessing/LutBuilderLdr.shader - Importer: ScriptedImporter/UnityEditor.QuickSearchModule:UnityEditor.Search:ASIAI0B' with importer (ScriptedImporter : UnityEditor.QuickSearchModule:UnityEditor.Search:ASIAI0B)
Imported 'GUID: 65df88701913c224d95fc554db28381a' -> (Import Result ID: '4b11be83bddf24c4963bdcfd5ff3a5f5') in 0.006 seconds [static and dynamic dependencies]. Details - ImportResultOutputID=eff742ade72217237785921864ac470b DependenciesID=930ea3093f37b9b78790cb9f5c4ae0f4 StaticDependenciesID=8ab533b6e5532240f14978d53f471824 
Number of updated asset objects reloaded before import = 0
Number of asset objects unloaded after import = 1
========================================================================
Received Import Request.
  Time of request: 2026-08-21T02:53:34.4640072Z
  Time since last request: 0.0003173 seconds.
  importAddress: GUID: 63eaba0ebfb82cc43bde059b4a8c65f6 - Path: Packages/com.unity.render-pipelines.universal/Shaders/PostProcessing/SubpixelMorphologicalAntialiasing.shader - Importer: ScriptedImporter/UnityEditor.QuickSearchModule:UnityEditor.Search:ASIAI0B
Importing 'GUID: 63eaba0ebfb82cc43bde059b4a8c65f6 - Path: Packages/com.unity.render-pipelines.universal/Shaders/PostProcessing/SubpixelMorphologicalAntialiasing.shader - Importer: ScriptedImporter/UnityEditor.QuickSearchModule:UnityEditor.Search:ASIAI0B' with importer (ScriptedImporter : UnityEditor.QuickSearchModule:UnityEditor.Search:ASIAI0B)
Imported 'GUID: 63eaba0ebfb82cc43bde059b4a8c65f6' -> (Import Result ID: 'ccc4d6bac8e501968a7f66013bdd6293') in 0.005 seconds [static and dynamic dependencies]. Details - ImportResultOutputID=51eaf954af05718d07902cd0ca0912d0 DependenciesID=d3c2f718fa9c77c0173b1b776fe8061a StaticDependenciesID=754492cc14d46d152d0c2b99f62891ed 
Number of updated asset objects reloaded before import = 0
Number of asset objects unloaded after import = 1
========================================================================
Received Import Request.
  Time of request: 2026-08-21T02:53:34.4791994Z
  Time since last request: 0.0007289 seconds.
  importAddress: GUID: cc421706a0b598946982fee0c0d4bf51 - Path: Packages/com.unity.render-pipelines.universal/Shaders/Particles/ParticlesLitGbufferPass.hlsl - Importer: ScriptedImporter/UnityEditor.QuickSearchModule:UnityEditor.Search:ASIAI0B
Importing 'GUID: cc421706a0b598946982fee0c0d4bf51 - Path: Packages/com.unity.render-pipelines.universal/Shaders/Particles/ParticlesLitGbufferPass.hlsl - Importer: ScriptedImporter/UnityEditor.QuickSearchModule:UnityEditor.Search:ASIAI0B' with importer (ScriptedImporter : UnityEditor.QuickSearchModule:UnityEditor.Search:ASIAI0B)
Imported 'GUID: cc421706a0b598946982fee0c0d4bf51' -> (Import Result ID: '017fc227a1358c6a57cab84b87b7a8a8') in 0.005 seconds [static and dynamic dependencies]. Details - ImportResultOutputID=a7902c1954c0b403866cc7dd11f7006a DependenciesID=66b3a76ad6ea780619ae7e4adba5f4f2 StaticDependenciesID=6f9dfb325f1e900143cd0c7bfa5d3056 
Number of updated asset objects reloaded before import = 0
Number of asset objects unloaded after import = 1
========================================================================
Received Import Request.
  Time of request: 2026-08-21T02:53:34.4948555Z
  Time since last request: 0.0003555 seconds.
  importAddress: GUID: e9fc1df17be32ac41a7186d571c669d5 - Path: Packages/com.unity.render-pipelines.universal/Shaders/Nature/SpeedTree8Input.hlsl - Importer: ScriptedImporter/UnityEditor.QuickSearchModule:UnityEditor.Search:ASIAI0B
Importing 'GUID: e9fc1df17be32ac41a7186d571c669d5 - Path: Packages/com.unity.render-pipelines.universal/Shaders/Nature/SpeedTree8Input.hlsl - Importer: ScriptedImporter/UnityEditor.QuickSearchModule:UnityEditor.Search:ASIAI0B' with importer (ScriptedImporter : UnityEditor.QuickSearchModule:UnityEditor.Search:ASIAI0B)
Imported 'GUID: e9fc1df17be32ac41a7186d571c669d5' -> (Import Result ID: '1437641fb67cdd3defbce7660fc85bb2') in 0.005 seconds [static and dynamic dependencies]. Details - ImportResultOutputID=024cf2c71754efb82734b12ba8ed09b5 DependenciesID=4663531e753571b8896acb4c9cb00d3a StaticDependenciesID=5dc17487907a44b156a4c91ec8384356 
Number of updated asset objects reloaded before import = 0
Number of asset objects unloaded after import = 1
========================================================================
Received Import Request.
  Time of request: 2026-08-21T02:53:34.5106312Z
  Time since last request: 0.0004009 seconds.
  importAddress: GUID: 749e1c2d203942319da1fdb1d94c5f2a - Path: Packages/com.unity.render-pipelines.universal/Shaders/Terrain/TerrainDetailLitPasses.hlsl - Importer: ScriptedImporter/UnityEditor.QuickSearchModule:UnityEditor.Search:ASIAI0B
Importing 'GUID: 749e1c2d203942319da1fdb1d94c5f2a - Path: Packages/com.unity.render-pipelines.universal/Shaders/Terrain/TerrainDetailLitPasses.hlsl - Importer: ScriptedImporter/UnityEditor.QuickSearchModule:UnityEditor.Search:ASIAI0B' with importer (ScriptedImporter : UnityEditor.QuickSearchModule:UnityEditor.Search:ASIAI0B)
Imported 'GUID: 749e1c2d203942319da1fdb1d94c5f2a' -> (Import Result ID: '37185501bf998049b0c0b69d1e7aaec5') in 0.004 seconds [static and dynamic dependencies]. Details - ImportResultOutputID=a8649e1e0c89164a8c0bf164806abd83 DependenciesID=ea0e4b2dfe5af181a1d96ead02c9915d StaticDependenciesID=65d461a63f89994d85d31b958497102c 
Number of updated asset objects reloaded before import = 0
Number of asset objects unloaded after import = 1
========================================================================
Received Import Request.
  Time of request: 2026-08-21T02:53:34.5264865Z
  Time since last request: 0.0003627 seconds.
  importAddress: GUID: ec9fec698a3456d4fb18cf8bacb7a2bc - Path: Packages/com.unity.render-pipelines.universal/Shaders/PostProcessing/LutBuilderHdr.shader - Importer: ScriptedImporter/UnityEditor.QuickSearchModule:UnityEditor.Search:ASIAI0B
Importing 'GUID: ec9fec698a3456d4fb18cf8bacb7a2bc - Path: Packages/com.unity.render-pipelines.universal/Shaders/PostProcessing/LutBuilderHdr.shader - Importer: ScriptedImporter/UnityEditor.QuickSearchModule:UnityEditor.Search:ASIAI0B' with importer (ScriptedImporter : UnityEditor.QuickSearchModule:UnityEditor.Search:ASIAI0B)
Imported 'GUID: ec9fec698a3456d4fb18cf8bacb7a2bc' -> (Import Result ID: '8baf701ab5a3fa40c40f382535f6ffec') in 0.004 seconds [static and dynamic dependencies]. Details - ImportResultOutputID=81c51a2b75a53f21704958d15e2990d6 DependenciesID=1131b3abcce985d3118fd1e9402a2c50 StaticDependenciesID=dbe96744d8d1d188637b3accd73dbd38 
Number of updated asset objects reloaded before import = 0
Number of asset objects unloaded after import = 1
========================================================================
Received Import Request.
  Time of request: 2026-08-21T02:53:34.5421167Z
  Time since last request: 0.0003864 seconds.
  importAddress: GUID: a361552991159403bbd785132d5cb812 - Path: Packages/com.unity.render-pipelines.universal/Shaders/Particles/ParticlesUnlitForwardPass.hlsl - Importer: ScriptedImporter/UnityEditor.QuickSearchModule:UnityEditor.Search:ASIAI0B
Importing 'GUID: a361552991159403bbd785132d5cb812 - Path: Packages/com.unity.render-pipelines.universal/Shaders/Particles/ParticlesUnlitForwardPass.hlsl - Importer: ScriptedImporter/UnityEditor.QuickSearchModule:UnityEditor.Search:ASIAI0B' with importer (ScriptedImporter : UnityEditor.QuickSearchModule:UnityEditor.Search:ASIAI0B)
Imported 'GUID: a361552991159403bbd785132d5cb812' -> (Import Result ID: '0d92fb03a84d4ab5cb675c5a121c7ad3') in 0.004 seconds [static and dynamic dependencies]. Details - ImportResultOutputID=7dbfa29ecd4cbd0a92a8627b5d14ec8b DependenciesID=fc9bd7e4dedd4fdc0c08e4e9c2d7bcac StaticDependenciesID=f368f3e302240799d1da655b6a05975a 
Number of updated asset objects reloaded before import = 0
Number of asset objects unloaded after import = 1
========================================================================
Received Import Request.
  Time of request: 2026-08-21T02:53:34.5563134Z
  Time since last request: 0.0003941 seconds.
  importAddress: GUID: 0613a5abac2db2247bdcd7380e98bba1 - Path: Packages/com.unity.render-pipelines.universal/Shaders/Nature/SpeedTree8Passes.hlsl - Importer: ScriptedImporter/UnityEditor.QuickSearchModule:UnityEditor.Search:ASIAI0B
Importing 'GUID: 0613a5abac2db2247bdcd7380e98bba1 - Path: Packages/com.unity.render-pipelines.universal/Shaders/Nature/SpeedTree8Passes.hlsl - Importer: ScriptedImporter/UnityEditor.QuickSearchModule:UnityEditor.Search:ASIAI0B' with importer (ScriptedImporter : UnityEditor.QuickSearchModule:UnityEditor.Search:ASIAI0B)
Imported 'GUID: 0613a5abac2db2247bdcd7380e98bba1' -> (Import Result ID: 'd30fc48a45a5776ab7bd69e683ad4b5c') in 0.006 seconds [static and dynamic dependencies]. Details - ImportResultOutputID=9529aab9de86594b036ee16131f5d978 DependenciesID=c02df5a1339036105485f225cecefb42 StaticDependenciesID=a0e9644472a9a9f6c76e3c85c32ba004 
Number of updated asset objects reloaded before import = 0
Number of asset objects unloaded after import = 1
========================================================================
Received Import Request.
  Time of request: 2026-08-21T02:53:34.572667Z
  Time since last request: 0.0004267 seconds.
  importAddress: GUID: a3129e299d0744bb7bd42c2cea7cea2b - Path: Packages/com.unity.render-pipelines.universal/Shaders/Particles/ParticlesLitInput.hlsl - Importer: ScriptedImporter/UnityEditor.QuickSearchModule:UnityEditor.Search:ASIAI0B
Importing 'GUID: a3129e299d0744bb7bd42c2cea7cea2b - Path: Packages/com.unity.render-pipelines.universal/Shaders/Particles/ParticlesLitInput.hlsl - Importer: ScriptedImporter/UnityEditor.QuickSearchModule:UnityEditor.Search:ASIAI0B' with importer (ScriptedImporter : UnityEditor.QuickSearchModule:UnityEditor.Search:ASIAI0B)
Imported 'GUID: a3129e299d0744bb7bd42c2cea7cea2b' -> (Import Result ID: 'aa8b90538626e8ee3c1a64e0ee02f3f1') in 0.005 seconds [static and dynamic dependencies]. Details - ImportResultOutputID=59e3a78b6df095bbfe71cd7a34a36a99 DependenciesID=a95471691b643a152732fd66f438799f StaticDependenciesID=8db188cd11617b26d5f2338de38c903a 
Number of updated asset objects reloaded before import = 0
Number of asset objects unloaded after import = 1
========================================================================
Received Import Request.
  Time of request: 2026-08-21T02:53:34.5879444Z
  Time since last request: 0.0003474 seconds.
  importAddress: GUID: 3f1f7ec9e0c852a48826fe085f257d80 - Path: Packages/com.unity.render-pipelines.universal/Shaders/PostProcessing/SubpixelMorphologicalAntialiasing.hlsl - Importer: ScriptedImporter/UnityEditor.QuickSearchModule:UnityEditor.Search:ASIAI0B
Importing 'GUID: 3f1f7ec9e0c852a48826fe085f257d80 - Path: Packages/com.unity.render-pipelines.universal/Shaders/PostProcessing/SubpixelMorphologicalAntialiasing.hlsl - Importer: ScriptedImporter/UnityEditor.QuickSearchModule:UnityEditor.Search:ASIAI0B' with importer (ScriptedImporter : UnityEditor.QuickSearchModule:UnityEditor.Search:ASIAI0B)
Imported 'GUID: 3f1f7ec9e0c852a48826fe085f257d80' -> (Import Result ID: '6396725e0066aab66144c38d279c4cc0') in 0.004 seconds [static and dynamic dependencies]. Details - ImportResultOutputID=db717479e1af10f5e318ce2395b55278 DependenciesID=46c91672f0a044b61c5b25cadaf9f791 StaticDependenciesID=1d4f42b310193495e2daf7376f256941 
Number of updated asset objects reloaded before import = 0
Number of asset objects unloaded after import = 1
========================================================================
Received Import Request.
  Time of request: 2026-08-21T02:53:34.6031329Z
  Time since last request: 0.0002705 seconds.
  importAddress: GUID: ca55f7593a02f4c1ab1bdbc03282d7af - Path: Packages/com.unity.render-pipelines.universal/Shaders/Terrain/WavingGrassInput.hlsl - Importer: ScriptedImporter/UnityEditor.QuickSearchModule:UnityEditor.Search:ASIAI0B
Importing 'GUID: ca55f7593a02f4c1ab1bdbc03282d7af - Path: Packages/com.unity.render-pipelines.universal/Shaders/Terrain/WavingGrassInput.hlsl - Importer: ScriptedImporter/UnityEditor.QuickSearchModule:UnityEditor.Search:ASIAI0B' with importer (ScriptedImporter : UnityEditor.QuickSearchModule:UnityEditor.Search:ASIAI0B)
Imported 'GUID: ca55f7593a02f4c1ab1bdbc03282d7af' -> (Import Result ID: '538dab2639363f13142b68f5589f83d9') in 0.005 seconds [static and dynamic dependencies]. Details - ImportResultOutputID=7ec9b75516c44ba1d9242c2f93ad11d2 DependenciesID=5d23ee51fe3d1f6ddc61beaa624c5943 StaticDependenciesID=88740a20a0f068f6c1e7708d97326fe8 
Number of updated asset objects reloaded before import = 0
Number of asset objects unloaded after import = 1
========================================================================
Received Import Request.
  Time of request: 2026-08-21T02:53:34.6197166Z
  Time since last request: 0.000448 seconds.
  importAddress: GUID: 637c27b6fe6224a06b2b066769d0a6e6 - Path: Packages/com.unity.render-pipelines.universal/Shaders/Particles/ParticlesDepthNormalsPass.hlsl - Importer: ScriptedImporter/UnityEditor.QuickSearchModule:UnityEditor.Search:ASIAI0B
Importing 'GUID: 637c27b6fe6224a06b2b066769d0a6e6 - Path: Packages/com.unity.render-pipelines.universal/Shaders/Particles/ParticlesDepthNormalsPass.hlsl - Importer: ScriptedImporter/UnityEditor.QuickSearchModule:UnityEditor.Search:ASIAI0B' with importer (ScriptedImporter : UnityEditor.QuickSearchModule:UnityEditor.Search:ASIAI0B)
Imported 'GUID: 637c27b6fe6224a06b2b066769d0a6e6' -> (Import Result ID: 'b893325fb1104742764bbbbfcbed7245') in 0.005 seconds [static and dynamic dependencies]. Details - ImportResultOutputID=18eb81da3a5a2c2467f1b8159517187f DependenciesID=65047fec097449fdd0808891bc2d6f9e StaticDependenciesID=3d133533e7e9f6194480a022fdf6be9a 
Number of updated asset objects reloaded before import = 0
Number of asset objects unloaded after import = 1
========================================================================
Received Import Request.
  Time of request: 2026-08-21T02:53:34.6365052Z
  Time since last request: 0.0004114 seconds.
  importAddress: GUID: b7839dad95683814aa64166edc107ae2 - Path: Packages/com.unity.render-pipelines.universal/Shaders/Particles/ParticlesLit.shader - Importer: ScriptedImporter/UnityEditor.QuickSearchModule:UnityEditor.Search:ASIAI0B
Importing 'GUID: b7839dad95683814aa64166edc107ae2 - Path: Packages/com.unity.render-pipelines.universal/Shaders/Particles/ParticlesLit.shader - Importer: ScriptedImporter/UnityEditor.QuickSearchModule:UnityEditor.Search:ASIAI0B' with importer (ScriptedImporter : UnityEditor.QuickSearchModule:UnityEditor.Search:ASIAI0B)
Imported 'GUID: b7839dad95683814aa64166edc107ae2' -> (Import Result ID: 'c3b5ea8f5ffd1892ec293a507e8d4978') in 0.006 seconds [static and dynamic dependencies]. Details - ImportResultOutputID=f915e8d8caed26890984d05be6127145 DependenciesID=77895b3d872436454496412cad934230 StaticDependenciesID=b37f39e76a4f637d029f9070b52f4ef4 
Number of updated asset objects reloaded before import = 0
Number of asset objects unloaded after import = 1
========================================================================
Received Import Request.
  Time of request: 2026-08-21T02:53:34.6534138Z
  Time since last request: 0.0003778 seconds.
  importAddress: GUID: a817cb90496894b368593402e13b040c - Path: Packages/com.unity.render-pipelines.universal/Shaders/Terrain/TerrainLitInput.hlsl - Importer: ScriptedImporter/UnityEditor.QuickSearchModule:UnityEditor.Search:ASIAI0B
Importing 'GUID: a817cb90496894b368593402e13b040c - Path: Packages/com.unity.render-pipelines.universal/Shaders/Terrain/TerrainLitInput.hlsl - Importer: ScriptedImporter/UnityEditor.QuickSearchModule:UnityEditor.Search:ASIAI0B' with importer (ScriptedImporter : UnityEditor.QuickSearchModule:UnityEditor.Search:ASIAI0B)
Imported 'GUID: a817cb90496894b368593402e13b040c' -> (Import Result ID: 'd8279bb040cd3dee6b4d1ba3577337b0') in 0.004 seconds [static and dynamic dependencies]. Details - ImportResultOutputID=e9d721ae456cc05b62fd9c6c9155514c DependenciesID=445fbf02713bcb6edb53c3327e81e126 StaticDependenciesID=1321e236141a37121fa4956f6cf8d167 
Number of updated asset objects reloaded before import = 0
Number of asset objects unloaded after import = 1
========================================================================
Received Import Request.
  Time of request: 2026-08-21T02:53:34.6695945Z
  Time since last request: 0.0010596 seconds.
  importAddress: GUID: 5f1864addb451f54bae8c86d230f736e - Path: Packages/com.unity.render-pipelines.universal/Shaders/PostProcessing/Bloom.shader - Importer: ScriptedImporter/UnityEditor.QuickSearchModule:UnityEditor.Search:ASIAI0B
Importing 'GUID: 5f1864addb451f54bae8c86d230f736e - Path: Packages/com.unity.render-pipelines.universal/Shaders/PostProcessing/Bloom.shader - Importer: ScriptedImporter/UnityEditor.QuickSearchModule:UnityEditor.Search:ASIAI0B' with importer (ScriptedImporter : UnityEditor.QuickSearchModule:UnityEditor.Search:ASIAI0B)
Imported 'GUID: 5f1864addb451f54bae8c86d230f736e' -> (Import Result ID: '2e322f2b54b216b0073d7545744c9a92') in 0.005 seconds [static and dynamic dependencies]. Details - ImportResultOutputID=9e380c664863ccb40a2c673c61cffb2f DependenciesID=f00f55bdb39c7a95e841474873f6af0f StaticDependenciesID=11bfc56d6b63e4605cf0c2c5f767cbd2 
Number of updated asset objects reloaded before import = 0
Number of asset objects unloaded after import = 1
========================================================================
Received Import Request.
  Time of request: 2026-08-21T02:53:34.6879125Z
  Time since last request: 0.0006132 seconds.
  importAddress: GUID: 0a7e590f3cf1d4ee8a8fab5b6eff09ef - Path: Packages/com.unity.render-pipelines.universal/Shaders/Terrain/TerrainLitAdd.shader - Importer: ScriptedImporter/UnityEditor.QuickSearchModule:UnityEditor.Search:ASIAI0B
Importing 'GUID: 0a7e590f3cf1d4ee8a8fab5b6eff09ef - Path: Packages/com.unity.render-pipelines.universal/Shaders/Terrain/TerrainLitAdd.shader - Importer: ScriptedImporter/UnityEditor.QuickSearchModule:UnityEditor.Search:ASIAI0B' with importer (ScriptedImporter : UnityEditor.QuickSearchModule:UnityEditor.Search:ASIAI0B)
Imported 'GUID: 0a7e590f3cf1d4ee8a8fab5b6eff09ef' -> (Import Result ID: 'ba3e99271c0650f355b9d38202185150') in 0.006 seconds [static and dynamic dependencies]. Details - ImportResultOutputID=20c150e19aff1616edbb1428c100a598 DependenciesID=a8a34fed55425689f65311ec140b0e76 StaticDependenciesID=488fc02b0b46f58dedef14ccb8587dac 
Number of updated asset objects reloaded before import = 0
Number of asset objects unloaded after import = 1
========================================================================
Received Import Request.
  Time of request: 2026-08-21T02:53:34.7346563Z
  Time since last request: 0.0312604 seconds.
  importAddress: GUID: 7bd051581c284375b0ba2d185aca3541 - Path: Packages/com.unity.render-pipelines.universal/Tests/Editor/RenderingLayersTests.cs - Importer: ScriptedImporter/UnityEditor.QuickSearchModule:UnityEditor.Search:ASIAI0B
Importing 'GUID: 7bd051581c284375b0ba2d185aca3541 - Path: Packages/com.unity.render-pipelines.universal/Tests/Editor/RenderingLayersTests.cs - Importer: ScriptedImporter/UnityEditor.QuickSearchModule:UnityEditor.Search:ASIAI0B' with importer (ScriptedImporter : UnityEditor.QuickSearchModule:UnityEditor.Search:ASIAI0B)
Imported 'GUID: 7bd051581c284375b0ba2d185aca3541' -> (Import Result ID: '8b35aff57928c507c92cf2cd18a1e456') in 0.005 seconds [static and dynamic dependencies]. Details - ImportResultOutputID=fd6be9de78a2a6f1a7edeeb9e55c71f3 DependenciesID=bccf762457d55c9087348883aa538d3d StaticDependenciesID=9549d9d164a6f9ac045ff7003eec1a46 
Number of updated asset objects reloaded before import = 0
Number of asset objects unloaded after import = 0
========================================================================
Received Import Request.
  Time of request: 2026-08-21T02:53:34.7499202Z
  Time since last request: 0.0006884 seconds.
  importAddress: GUID: 119f93d0bcbf1e743bf5fcf237507d39 - Path: Packages/com.unity.render-pipelines.universal/Textures/2D/Sparkle.png - Importer: ScriptedImporter/UnityEditor.QuickSearchModule:UnityEditor.Search:ASIAI0B
Importing 'GUID: 119f93d0bcbf1e743bf5fcf237507d39 - Path: Packages/com.unity.render-pipelines.universal/Textures/2D/Sparkle.png - Importer: ScriptedImporter/UnityEditor.QuickSearchModule:UnityEditor.Search:ASIAI0B' with importer (ScriptedImporter : UnityEditor.QuickSearchModule:UnityEditor.Search:ASIAI0B)
Imported 'GUID: 119f93d0bcbf1e743bf5fcf237507d39' -> (Import Result ID: 'b743e28a82150f4a30d9223c902de6e1') in 0.017 seconds [static and dynamic dependencies]. Details - ImportResultOutputID=528fc50ae3b5c15c73d281f767a78bba DependenciesID=9f797f9af45fc6619cd5e89f0901a445 StaticDependenciesID=6b40fcd25a50ddaa6e0bd1ec8a2c709d 
Number of updated asset objects reloaded before import = 0
Number of asset objects unloaded after import = 3
========================================================================
Received Import Request.
  Time of request: 2026-08-21T02:53:34.7799086Z
  Time since last request: 0.0004167 seconds.
  importAddress: GUID: a545bf4d761e01b42818d52899606ced - Path: Packages/com.unity.render-pipelines.universal/Tests/Runtime/LightClusteringTests.cs - Importer: ScriptedImporter/UnityEditor.QuickSearchModule:UnityEditor.Search:ASIAI0B
Importing 'GUID: a545bf4d761e01b42818d52899606ced - Path: Packages/com.unity.render-pipelines.universal/Tests/Runtime/LightClusteringTests.cs - Importer: ScriptedImporter/UnityEditor.QuickSearchModule:UnityEditor.Search:ASIAI0B' with importer (ScriptedImporter : UnityEditor.QuickSearchModule:UnityEditor.Search:ASIAI0B)
Imported 'GUID: a545bf4d761e01b42818d52899606ced' -> (Import Result ID: 'cc7e588666c17350bba5da004516e60e') in 0.005 seconds [static and dynamic dependencies]. Details - ImportResultOutputID=c22481762c5c4ba9dfacc7d44b7ad5d8 DependenciesID=3fddd7910e6cc34fae324bfb5e50fde9 StaticDependenciesID=c641130fa5c269ca77ab2dcbdcffa5d6 
Number of updated asset objects reloaded before import = 0
Number of asset objects unloaded after import = 0
========================================================================
Received Import Request.
  Time of request: 2026-08-21T02:53:34.7976018Z
  Time since last request: 0.0004601 seconds.
  importAddress: GUID: 56a77a3e8d64f47b6afe9e3c95cb57d5 - Path: Packages/com.unity.render-pipelines.universal/Textures/BlueNoise256/LDR_LLL1_6.png - Importer: ScriptedImporter/UnityEditor.QuickSearchModule:UnityEditor.Search:ASIAI0B
Importing 'GUID: 56a77a3e8d64f47b6afe9e3c95cb57d5 - Path: Packages/com.unity.render-pipelines.universal/Textures/BlueNoise256/LDR_LLL1_6.png - Importer: ScriptedImporter/UnityEditor.QuickSearchModule:UnityEditor.Search:ASIAI0B' with importer (ScriptedImporter : UnityEditor.QuickSearchModule:UnityEditor.Search:ASIAI0B)
Imported 'GUID: 56a77a3e8d64f47b6afe9e3c95cb57d5' -> (Import Result ID: '6fe43246529c29db4d18660dd0c7a2e8') in 0.010 seconds [static and dynamic dependencies]. Details - ImportResultOutputID=b5e49fdfb5cf7eb493a99eab41d77422 DependenciesID=55080ab19af101d42f37f76d5a87dffa StaticDependenciesID=a94b6ba9a998d6e301c1f4d9854eac6c 
Number of updated asset objects reloaded before import = 0
Number of asset objects unloaded after import = 1
========================================================================
Received Import Request.
  Time of request: 2026-08-21T02:53:34.824661Z
  Time since last request: 0.0005388 seconds.
  importAddress: GUID: 0172f7cbd9e44e8b844a485dbd8e8349 - Path: Packages/com.unity.render-pipelines.universal/Shaders/Utils/FogDeferred.hlsl - Importer: ScriptedImporter/UnityEditor.QuickSearchModule:UnityEditor.Search:ASIAI0B
Importing 'GUID: 0172f7cbd9e44e8b844a485dbd8e8349 - Path: Packages/com.unity.render-pipelines.universal/Shaders/Utils/FogDeferred.hlsl - Importer: ScriptedImporter/UnityEditor.QuickSearchModule:UnityEditor.Search:ASIAI0B' with importer (ScriptedImporter : UnityEditor.QuickSearchModule:UnityEditor.Search:ASIAI0B)
Imported 'GUID: 0172f7cbd9e44e8b844a485dbd8e8349' -> (Import Result ID: '39d882774f1fb683ad2f17361b26088b') in 0.005 seconds [static and dynamic dependencies]. Details - ImportResultOutputID=341e101c5a883172e98938f708960e20 DependenciesID=e8c1a7e0cc0c186f0efdea2dc8e45630 StaticDependenciesID=94a0c7dcd1859ea0bd222e02668561ef 
Number of updated asset objects reloaded before import = 0
Number of asset objects unloaded after import = 1
========================================================================
Received Import Request.
  Time of request: 2026-08-21T02:53:34.8447636Z
  Time since last request: 0.0005905 seconds.
  importAddress: GUID: 2cc7528ffe326894bb487b2ead9059fa - Path: Packages/com.unity.render-pipelines.universal/Tests/Editor/EditorTests_URPDisabled.cs - Importer: ScriptedImporter/UnityEditor.QuickSearchModule:UnityEditor.Search:ASIAI0B
Importing 'GUID: 2cc7528ffe326894bb487b2ead9059fa - Path: Packages/com.unity.render-pipelines.universal/Tests/Editor/EditorTests_URPDisabled.cs - Importer: ScriptedImporter/UnityEditor.QuickSearchModule:UnityEditor.Search:ASIAI0B' with importer (ScriptedImporter : UnityEditor.QuickSearchModule:UnityEditor.Search:ASIAI0B)
Imported 'GUID: 2cc7528ffe326894bb487b2ead9059fa' -> (Import Result ID: 'f3a670b5aac202f334ed33fe5afe64f0') in 0.005 seconds [static and dynamic dependencies]. Details - ImportResultOutputID=18b068181900faccdcaf8b4b2205be5c DependenciesID=43431490370a70f5efe3fda512a8c945 StaticDependenciesID=d37dffddab65cec96a874f984f403c86 
Number of updated asset objects reloaded before import = 0
Number of asset objects unloaded after import = 0
========================================================================
Received Import Request.
  Time of request: 2026-08-21T02:53:34.8636251Z
  Time since last request: 0.0004197 seconds.
  importAddress: GUID: bc3b0daec27db604caf7fec37e54bf6d - Path: Packages/com.unity.render-pipelines.universal/Tests/Runtime/Unity.RenderPipelines.Universal.Runtime.Tests.asmdef - Importer: ScriptedImporter/UnityEditor.QuickSearchModule:UnityEditor.Search:ASIAI0B
Importing 'GUID: bc3b0daec27db604caf7fec37e54bf6d - Path: Packages/com.unity.render-pipelines.universal/Tests/Runtime/Unity.RenderPipelines.Universal.Runtime.Tests.asmdef - Importer: ScriptedImporter/UnityEditor.QuickSearchModule:UnityEditor.Search:ASIAI0B' with importer (ScriptedImporter : UnityEditor.QuickSearchModule:UnityEditor.Search:ASIAI0B)
Imported 'GUID: bc3b0daec27db604caf7fec37e54bf6d' -> (Import Result ID: '76fefaeff3b5284e089f9b063740b2b7') in 0.008 seconds [static and dynamic dependencies]. Details - ImportResultOutputID=e20faa4ffd3d27adbfdf9d7815298601 DependenciesID=aac60f06c163f0cb5a90d42187899748 StaticDependenciesID=4e5577b94728ef356549c718ff05320d 
Number of updated asset objects reloaded before import = 0
Number of asset objects unloaded after import = 1
========================================================================
Received Import Request.
  Time of request: 2026-08-21T02:53:34.8857245Z
  Time since last request: 0.0006456 seconds.
  importAddress: GUID: 0eac51a8dfc8fa341a5f8c6450bc0f84 - Path: Packages/com.unity.render-pipelines.universal/Shaders/XR/XRMirrorView.hlsl - Importer: ScriptedImporter/UnityEditor.QuickSearchModule:UnityEditor.Search:ASIAI0B
Importing 'GUID: 0eac51a8dfc8fa341a5f8c6450bc0f84 - Path: Packages/com.unity.render-pipelines.universal/Shaders/XR/XRMirrorView.hlsl - Importer: ScriptedImporter/UnityEditor.QuickSearchModule:UnityEditor.Search:ASIAI0B' with importer (ScriptedImporter : UnityEditor.QuickSearchModule:UnityEditor.Search:ASIAI0B)
Imported 'GUID: 0eac51a8dfc8fa341a5f8c6450bc0f84' -> (Import Result ID: '353d03f2838fce1a6e6d1ca1a60be52d') in 0.006 seconds [static and dynamic dependencies]. Details - ImportResultOutputID=9ec100faff6e80cbb33b45e1b24dfe27 DependenciesID=0c04cdfa65b0fc7f75cdeea93294e893 StaticDependenciesID=b313e3eb038ab8b884852c40cbab723f 
Number of updated asset objects reloaded before import = 0
Number of asset objects unloaded after import = 1
========================================================================
Received Import Request.
  Time of request: 2026-08-21T02:53:34.910084Z
  Time since last request: 0.0004407 seconds.
  importAddress: GUID: e8d6afcb728d4974abc7ecfec3d77a6d - Path: Packages/com.unity.render-pipelines.universal/Tests/Runtime/DecalTests.cs - Importer: ScriptedImporter/UnityEditor.QuickSearchModule:UnityEditor.Search:ASIAI0B
Importing 'GUID: e8d6afcb728d4974abc7ecfec3d77a6d - Path: Packages/com.unity.render-pipelines.universal/Tests/Runtime/DecalTests.cs - Importer: ScriptedImporter/UnityEditor.QuickSearchModule:UnityEditor.Search:ASIAI0B' with importer (ScriptedImporter : UnityEditor.QuickSearchModule:UnityEditor.Search:ASIAI0B)
Imported 'GUID: e8d6afcb728d4974abc7ecfec3d77a6d' -> (Import Result ID: 'eacf923bd1be5f04218ecd301ead7c39') in 0.005 seconds [static and dynamic dependencies]. Details - ImportResultOutputID=aa1bef2d90204f54676b5ee8e8e640b6 DependenciesID=6371cc639e8012b7ccdbff2dd723665d StaticDependenciesID=d205fe1b787a5274a71ac3d6dd18a83c 
Number of updated asset objects reloaded before import = 0
Number of asset objects unloaded after import = 0
========================================================================
Received Import Request.
  Time of request: 2026-08-21T02:53:34.9283057Z
  Time since last request: 0.0004496 seconds.
  importAddress: GUID: d104b2fc1ca6445babb8e90b0758136b - Path: Packages/com.unity.render-pipelines.universal/Shaders/Utils/CoreBlitColorAndDepth.shader - Importer: ScriptedImporter/UnityEditor.QuickSearchModule:UnityEditor.Search:ASIAI0B
Importing 'GUID: d104b2fc1ca6445babb8e90b0758136b - Path: Packages/com.unity.render-pipelines.universal/Shaders/Utils/CoreBlitColorAndDepth.shader - Importer: ScriptedImporter/UnityEditor.QuickSearchModule:UnityEditor.Search:ASIAI0B' with importer (ScriptedImporter : UnityEditor.QuickSearchModule:UnityEditor.Search:ASIAI0B)
Imported 'GUID: d104b2fc1ca6445babb8e90b0758136b' -> (Import Result ID: '6efa0a6d5ff2808b059192b623520a6b') in 0.006 seconds [static and dynamic dependencies]. Details - ImportResultOutputID=35f4eaa2a9e343663b103fc443f81005 DependenciesID=9961e567aa686a18ddf1e1cc60cabbe1 StaticDependenciesID=ce2ebc1b06a7f586abfc3d73c67d7c02 
Number of updated asset objects reloaded before import = 0
Number of asset objects unloaded after import = 1
========================================================================
Received Import Request.
  Time of request: 2026-08-21T02:53:34.9469133Z
  Time since last request: 0.0002728 seconds.
  importAddress: GUID: 331c5658939a2461d8c7a0b3691eb7d5 - Path: Packages/com.unity.render-pipelines.universal/Textures/BlueNoise256/LDR_LLL1_7.png - Importer: ScriptedImporter/UnityEditor.QuickSearchModule:UnityEditor.Search:ASIAI0B
Importing 'GUID: 331c5658939a2461d8c7a0b3691eb7d5 - Path: Packages/com.unity.render-pipelines.universal/Textures/BlueNoise256/LDR_LLL1_7.png - Importer: ScriptedImporter/UnityEditor.QuickSearchModule:UnityEditor.Search:ASIAI0B' with importer (ScriptedImporter : UnityEditor.QuickSearchModule:UnityEditor.Search:ASIAI0B)
Imported 'GUID: 331c5658939a2461d8c7a0b3691eb7d5' -> (Import Result ID: '44f11a0beff15fe11091a07061af7c81') in 0.010 seconds [static and dynamic dependencies]. Details - ImportResultOutputID=c269015b68d99d3bfe7eb4a00f9ac405 DependenciesID=fa8f10ea3ab0e8a58626db58a293132a StaticDependenciesID=5a82579449b77c28acfa2ecff123c01c 
Number of updated asset objects reloaded before import = 0
Number of asset objects unloaded after import = 1
========================================================================
Received Import Request.
  Time of request: 2026-08-21T02:53:34.9700195Z
  Time since last request: 0.000418 seconds.
  importAddress: GUID: e9155b26e1bc55942a41e518703fe304 - Path: Packages/com.unity.render-pipelines.universal/Shaders/Utils/StencilDeferred.shader - Importer: ScriptedImporter/UnityEditor.QuickSearchModule:UnityEditor.Search:ASIAI0B
Importing 'GUID: e9155b26e1bc55942a41e518703fe304 - Path: Packages/com.unity.render-pipelines.universal/Shaders/Utils/StencilDeferred.shader - Importer: ScriptedImporter/UnityEditor.QuickSearchModule:UnityEditor.Search:ASIAI0B' with importer (ScriptedImporter : UnityEditor.QuickSearchModule:UnityEditor.Search:ASIAI0B)
Imported 'GUID: e9155b26e1bc55942a41e518703fe304' -> (Import Result ID: '5507faae373ca45ea14852d029de1064') in 0.005 seconds [static and dynamic dependencies]. Details - ImportResultOutputID=5330debaca6e1607f652f7598448adf6 DependenciesID=6b32323768bffe5f93c2eb628aa8a699 StaticDependenciesID=e3b99f17786753503a1420caac91ee6e 
Number of updated asset objects reloaded before import = 0
Number of asset objects unloaded after import = 1
========================================================================
Received Import Request.
  Time of request: 2026-08-21T02:53:34.9889459Z
  Time since last request: 0.0003417 seconds.
  importAddress: GUID: 4c477f36e726e48d986eb1c7d1281549 - Path: Packages/com.unity.render-pipelines.universal/Tests/Editor/ScriptTemplateTests.cs - Importer: ScriptedImporter/UnityEditor.QuickSearchModule:UnityEditor.Search:ASIAI0B
Importing 'GUID: 4c477f36e726e48d986eb1c7d1281549 - Path: Packages/com.unity.render-pipelines.universal/Tests/Editor/ScriptTemplateTests.cs - Importer: ScriptedImporter/UnityEditor.QuickSearchModule:UnityEditor.Search:ASIAI0B' with importer (ScriptedImporter : UnityEditor.QuickSearchModule:UnityEditor.Search:ASIAI0B)
Imported 'GUID: 4c477f36e726e48d986eb1c7d1281549' -> (Import Result ID: '55b9ae39a153e6de34ba251d22ef60ee') in 0.005 seconds [static and dynamic dependencies]. Details - ImportResultOutputID=5ff8a10bcd5fcc3d9842bbe2a8ad492b DependenciesID=0996ef2d823b5e1fdb4f360fa8994bfe StaticDependenciesID=91ad785f8cfdcc1e566493c6e062a322 
Number of updated asset objects reloaded before import = 0
Number of asset objects unloaded after import = 0
========================================================================
Received Import Request.
  Time of request: 2026-08-21T02:53:35.0068793Z
  Time since last request: 0.0005213 seconds.
  importAddress: GUID: 3fc1d215954974240928b390996c4362 - Path: Packages/com.unity.render-pipelines.universal/Tests/Editor/SupportedOnRendererAttributeTests.cs - Importer: ScriptedImporter/UnityEditor.QuickSearchModule:UnityEditor.Search:ASIAI0B
Importing 'GUID: 3fc1d215954974240928b390996c4362 - Path: Packages/com.unity.render-pipelines.universal/Tests/Editor/SupportedOnRendererAttributeTests.cs - Importer: ScriptedImporter/UnityEditor.QuickSearchModule:UnityEditor.Search:ASIAI0B' with importer (ScriptedImporter : UnityEditor.QuickSearchModule:UnityEditor.Search:ASIAI0B)
Imported 'GUID: 3fc1d215954974240928b390996c4362' -> (Import Result ID: 'b979358ebd4c5966b76fa535ee58a3ed') in 0.005 seconds [static and dynamic dependencies]. Details - ImportResultOutputID=c1fa7c5bf8a8948844cff96a9b18f8e4 DependenciesID=d44cee0134fd8e31e7b21db5710a5ae6 StaticDependenciesID=5ce2ba88820deac02d5ab4ee59257d64 
Number of updated asset objects reloaded before import = 0
Number of asset objects unloaded after import = 0
========================================================================
Received Import Request.
  Time of request: 2026-08-21T02:53:35.0252847Z
  Time since last request: 0.0003327 seconds.
  importAddress: GUID: d5a307c014552314b9f560906d708772 - Path: Packages/com.unity.render-pipelines.universal/Shaders/XR/XRMirrorView.shader - Importer: ScriptedImporter/UnityEditor.QuickSearchModule:UnityEditor.Search:ASIAI0B
Importing 'GUID: d5a307c014552314b9f560906d708772 - Path: Packages/com.unity.render-pipelines.universal/Shaders/XR/XRMirrorView.shader - Importer: ScriptedImporter/UnityEditor.QuickSearchModule:UnityEditor.Search:ASIAI0B' with importer (ScriptedImporter : UnityEditor.QuickSearchModule:UnityEditor.Search:ASIAI0B)
Imported 'GUID: d5a307c014552314b9f560906d708772' -> (Import Result ID: '99e84f8efa0625a03c3971f3f509a0d8') in 0.007 seconds [static and dynamic dependencies]. Details - ImportResultOutputID=4e9f093d969c4609b66d055687102251 DependenciesID=ed32b13a3f7400003ebe6d200101a10b StaticDependenciesID=9c15c5c7ee414e5bd9cd732d33a88eb1 
Number of updated asset objects reloaded before import = 0
Number of asset objects unloaded after import = 1
========================================================================
Received Import Request.
  Time of request: 2026-08-21T02:53:35.0440821Z
  Time since last request: 0.0004356 seconds.
  importAddress: GUID: fd2fd78b392986e42a12df2177d3b89c - Path: Packages/com.unity.render-pipelines.universal/Textures/FilmGrain/Large01.png - Importer: ScriptedImporter/UnityEditor.QuickSearchModule:UnityEditor.Search:ASIAI0B
Importing 'GUID: fd2fd78b392986e42a12df2177d3b89c - Path: Packages/com.unity.render-pipelines.universal/Textures/FilmGrain/Large01.png - Importer: ScriptedImporter/UnityEditor.QuickSearchModule:UnityEditor.Search:ASIAI0B' with importer (ScriptedImporter : UnityEditor.QuickSearchModule:UnityEditor.Search:ASIAI0B)
Imported 'GUID: fd2fd78b392986e42a12df2177d3b89c' -> (Import Result ID: '51b837321d974b948934a7828debad48') in 0.007 seconds [static and dynamic dependencies]. Details - ImportResultOutputID=9a205a74a733f332f0726cac5b43388e DependenciesID=27fca667efd7e8abae5f3e98e4c07d37 StaticDependenciesID=e74fb1841726b077811ce022aa614f1f 
Number of updated asset objects reloaded before import = 0
Number of asset objects unloaded after import = 1
========================================================================
Received Import Request.
  Time of request: 2026-08-21T02:53:35.07405Z
  Time since last request: 0.0101137 seconds.
  importAddress: GUID: a56824d790f2d894b87761a6d3c6f176 - Path: Packages/com.unity.render-pipelines.universal/Editor/2D/Converter/BuiltInToURP2DRenderSettingsConverter.cs - Importer: ScriptedImporter/UnityEditor.QuickSearchModule:UnityEditor.Search:ASIAI0B
Importing 'GUID: a56824d790f2d894b87761a6d3c6f176 - Path: Packages/com.unity.render-pipelines.universal/Editor/2D/Converter/BuiltInToURP2DRenderSettingsConverter.cs - Importer: ScriptedImporter/UnityEditor.QuickSearchModule:UnityEditor.Search:ASIAI0B' with importer (ScriptedImporter : UnityEditor.QuickSearchModule:UnityEditor.Search:ASIAI0B)
Imported 'GUID: a56824d790f2d894b87761a6d3c6f176' -> (Import Result ID: '4bdeeffd69f1fcdfa9ca53c0042e3b0e') in 0.005 seconds [static and dynamic dependencies]. Details - ImportResultOutputID=c9c43169e251f9612cfe42fd9704605a DependenciesID=61911bbaa79916e09b7a23d74c200476 StaticDependenciesID=a0f45ea9c56c7d9e08453b5524a58e76 
Number of updated asset objects reloaded before import = 0
Number of asset objects unloaded after import = 0
========================================================================
Received Import Request.
  Time of request: 2026-08-21T02:53:35.0906245Z
  Time since last request: 0.0005859 seconds.
  importAddress: GUID: 654c582f7f8a5a14dbd7d119cbde215d - Path: Packages/com.unity.render-pipelines.universal/Textures/FilmGrain/Thin01.png - Importer: ScriptedImporter/UnityEditor.QuickSearchModule:UnityEditor.Search:ASIAI0B
Importing 'GUID: 654c582f7f8a5a14dbd7d119cbde215d - Path: Packages/com.unity.render-pipelines.universal/Textures/FilmGrain/Thin01.png - Importer: ScriptedImporter/UnityEditor.QuickSearchModule:UnityEditor.Search:ASIAI0B' with importer (ScriptedImporter : UnityEditor.QuickSearchModule:UnityEditor.Search:ASIAI0B)
Imported 'GUID: 654c582f7f8a5a14dbd7d119cbde215d' -> (Import Result ID: '812bbba7ee4750a57f89d02761fbfcc2') in 0.008 seconds [static and dynamic dependencies]. Details - ImportResultOutputID=bf92d0237c98642f92fb333cf98b134d DependenciesID=112fa98a16c404b97fd231488bf6a6e3 StaticDependenciesID=604148659db592237e1a76b51177f9a8 
Number of updated asset objects reloaded before import = 0
Number of asset objects unloaded after import = 1
========================================================================
Received Import Request.
  Time of request: 2026-08-21T02:53:35.1110925Z
  Time since last request: 0.0004613 seconds.
  importAddress: GUID: 92f845725428c954b878da352f657fe5 - Path: Packages/com.unity.render-pipelines.universal/Editor/SceneTemplates/Materials/Emissive.mat - Importer: ScriptedImporter/UnityEditor.QuickSearchModule:UnityEditor.Search:ASIAI0B
Importing 'GUID: 92f845725428c954b878da352f657fe5 - Path: Packages/com.unity.render-pipelines.universal/Editor/SceneTemplates/Materials/Emissive.mat - Importer: ScriptedImporter/UnityEditor.QuickSearchModule:UnityEditor.Search:ASIAI0B' with importer (ScriptedImporter : UnityEditor.QuickSearchModule:UnityEditor.Search:ASIAI0B)
Imported 'GUID: 92f845725428c954b878da352f657fe5' -> (Import Result ID: '0029395e5a785c1992e560e8db811850') in 0.012 seconds [static and dynamic dependencies]. Details - ImportResultOutputID=0743888d2237fac36ea365495fad62bd DependenciesID=0a37821d7b8971e237e4a8bff841505e StaticDependenciesID=4724fea5d86b8fa58ea516d1778a60ec 
Number of updated asset objects reloaded before import = 0
Number of asset objects unloaded after import = 2
========================================================================
Received Import Request.
  Time of request: 2026-08-21T02:53:35.1340991Z
  Time since last request: 0.0002672 seconds.
  importAddress: GUID: 7cba34d70552e144586a4d3ce4a33de5 - Path: Packages/com.unity.render-pipelines.universal/Editor/2D/Resources/PixelPerfectCamera.png - Importer: ScriptedImporter/UnityEditor.QuickSearchModule:UnityEditor.Search:ASIAI0B
Importing 'GUID: 7cba34d70552e144586a4d3ce4a33de5 - Path: Packages/com.unity.render-pipelines.universal/Editor/2D/Resources/PixelPerfectCamera.png - Importer: ScriptedImporter/UnityEditor.QuickSearchModule:UnityEditor.Search:ASIAI0B' with importer (ScriptedImporter : UnityEditor.QuickSearchModule:UnityEditor.Search:ASIAI0B)
Imported 'GUID: 7cba34d70552e144586a4d3ce4a33de5' -> (Import Result ID: '24720ecb717bd0e929e5dab70232ab40') in 0.009 seconds [static and dynamic dependencies]. Details - ImportResultOutputID=4361b6a909ad6553b67794a8e2a10af5 DependenciesID=a40d2b2dd20196b96d4cfd02be4f7ce6 StaticDependenciesID=27a358be20becc72c2151d631a7923ad 
Number of updated asset objects reloaded before import = 0
Number of asset objects unloaded after import = 1
========================================================================
Received Import Request.
  Time of request: 2026-08-21T02:53:35.1570478Z
  Time since last request: 0.0003393 seconds.
  importAddress: GUID: 5e9976b2da5c9bf42b66c3cc55397aae - Path: Packages/com.unity.render-pipelines.universal/Editor/BuildProcessors/GraphicsSettingsStrippers/OnTilePostProcessStripper.cs - Importer: ScriptedImporter/UnityEditor.QuickSearchModule:UnityEditor.Search:ASIAI0B
Importing 'GUID: 5e9976b2da5c9bf42b66c3cc55397aae - Path: Packages/com.unity.render-pipelines.universal/Editor/BuildProcessors/GraphicsSettingsStrippers/OnTilePostProcessStripper.cs - Importer: ScriptedImporter/UnityEditor.QuickSearchModule:UnityEditor.Search:ASIAI0B' with importer (ScriptedImporter : UnityEditor.QuickSearchModule:UnityEditor.Search:ASIAI0B)
Imported 'GUID: 5e9976b2da5c9bf42b66c3cc55397aae' -> (Import Result ID: 'e5bd62e04d10225073b8d55ec29858b4') in 0.005 seconds [static and dynamic dependencies]. Details - ImportResultOutputID=6c52dbec2aeb1ea6cfae8ac1e3a6e3ee DependenciesID=f6c80fba25e066d3f7b81de63a539874 StaticDependenciesID=48dda0d17631639b9c16f86b8b942edf 
Number of updated asset objects reloaded before import = 0
Number of asset objects unloaded after import = 0
========================================================================
Received Import Request.
  Time of request: 2026-08-21T02:53:35.1741088Z
  Time since last request: 0.0006086 seconds.
  importAddress: GUID: 6f5f3e944558b294093fde8026e4d36e - Path: Packages/com.unity.render-pipelines.universal/Editor/SceneTemplates/Indoors/Indoors Baking Set.asset - Importer: ScriptedImporter/UnityEditor.QuickSearchModule:UnityEditor.Search:ASIAI0B
Importing 'GUID: 6f5f3e944558b294093fde8026e4d36e - Path: Packages/com.unity.render-pipelines.universal/Editor/SceneTemplates/Indoors/Indoors Baking Set.asset - Importer: ScriptedImporter/UnityEditor.QuickSearchModule:UnityEditor.Search:ASIAI0B' with importer (ScriptedImporter : UnityEditor.QuickSearchModule:UnityEditor.Search:ASIAI0B)
Imported 'GUID: 6f5f3e944558b294093fde8026e4d36e' -> (Import Result ID: '55789a6c5dcf1bfbba902c8e65bc94fc') in 0.044 seconds [static and dynamic dependencies]. Details - ImportResultOutputID=f605a2c6bc2b894be96fbfec377bc756 DependenciesID=a2366ea66ed3026c247dcc6496a093cb StaticDependenciesID=8920515490c29159e850149a08bacf26 
Number of updated asset objects reloaded before import = 0
Number of asset objects unloaded after import = 1
========================================================================
Received Import Request.
  Time of request: 2026-08-21T02:53:35.232121Z
  Time since last request: 0.0003483 seconds.
  importAddress: GUID: c094860479f147488030fb1820fb1264 - Path: Packages/com.unity.render-pipelines.universal/Editor/BuildProcessors/GraphicsSettingsStrippers/SurfaceCacheGIStripper.cs - Importer: ScriptedImporter/UnityEditor.QuickSearchModule:UnityEditor.Search:ASIAI0B
Importing 'GUID: c094860479f147488030fb1820fb1264 - Path: Packages/com.unity.render-pipelines.universal/Editor/BuildProcessors/GraphicsSettingsStrippers/SurfaceCacheGIStripper.cs - Importer: ScriptedImporter/UnityEditor.QuickSearchModule:UnityEditor.Search:ASIAI0B' with importer (ScriptedImporter : UnityEditor.QuickSearchModule:UnityEditor.Search:ASIAI0B)
Imported 'GUID: c094860479f147488030fb1820fb1264' -> (Import Result ID: '52ccf59aac7249b0350a331c0856c7f0') in 0.006 seconds [static and dynamic dependencies]. Details - ImportResultOutputID=a7ad410226efdb3d7e815aac115da680 DependenciesID=4d1696152bb340fd7a3d3a1247892666 StaticDependenciesID=cf4f85a9b9f079036645a07376307124 
Number of updated asset objects reloaded before import = 0
Number of asset objects unloaded after import = 0
========================================================================
Received Import Request.
  Time of request: 2026-08-21T02:53:35.2505283Z
  Time since last request: 0.0003676 seconds.
  importAddress: GUID: dd77ffd079630404e879388999033049 - Path: Packages/com.unity.render-pipelines.universal/Textures/FilmGrain/Thin02.png - Importer: ScriptedImporter/UnityEditor.QuickSearchModule:UnityEditor.Search:ASIAI0B
Importing 'GUID: dd77ffd079630404e879388999033049 - Path: Packages/com.unity.render-pipelines.universal/Textures/FilmGrain/Thin02.png - Importer: ScriptedImporter/UnityEditor.QuickSearchModule:UnityEditor.Search:ASIAI0B' with importer (ScriptedImporter : UnityEditor.QuickSearchModule:UnityEditor.Search:ASIAI0B)
Imported 'GUID: dd77ffd079630404e879388999033049' -> (Import Result ID: 'e633cac8e6a103bcef227b4d61756039') in 0.008 seconds [static and dynamic dependencies]. Details - ImportResultOutputID=92be6aecf204a79b96bc54035f12cc7e DependenciesID=af87b2449efa5aef2c4f3236039e7180 StaticDependenciesID=5b77b6f833588772abfa4f8433f60f7b 
Number of updated asset objects reloaded before import = 0
Number of asset objects unloaded after import = 1
========================================================================
Received Import Request.
  Time of request: 2026-08-21T02:53:35.2724491Z
  Time since last request: 0.0004373 seconds.
  importAddress: GUID: 66b4b23f47b6c384494dd701081a4f81 - Path: Packages/com.unity.render-pipelines.universal/Editor/2D/Provider2D/Light2DSources_PropertyDrawer.cs - Importer: ScriptedImporter/UnityEditor.QuickSearchModule:UnityEditor.Search:ASIAI0B
Importing 'GUID: 66b4b23f47b6c384494dd701081a4f81 - Path: Packages/com.unity.render-pipelines.universal/Editor/2D/Provider2D/Light2DSources_PropertyDrawer.cs - Importer: ScriptedImporter/UnityEditor.QuickSearchModule:UnityEditor.Search:ASIAI0B' with importer (ScriptedImporter : UnityEditor.QuickSearchModule:UnityEditor.Search:ASIAI0B)
Imported 'GUID: 66b4b23f47b6c384494dd701081a4f81' -> (Import Result ID: 'a5db15768a12eb1c53c60cdd039c6655') in 0.005 seconds [static and dynamic dependencies]. Details - ImportResultOutputID=da26c6987aefe4268f0a09c9b0df56e2 DependenciesID=82f586fed21be4ae7d2ea21ece48ad95 StaticDependenciesID=17b9a75957a0f8bef3349e3d17b16130 
Number of updated asset objects reloaded before import = 0
Number of asset objects unloaded after import = 0
========================================================================
Received Import Request.
  Time of request: 2026-08-21T02:53:35.289704Z
  Time since last request: 0.0004129 seconds.
  importAddress: GUID: bcdc8c86abfb40a45aa7ea6f4d34cb13 - Path: Packages/com.unity.render-pipelines.universal/Editor/2D/Overrides/AssemblyInfo.cs - Importer: ScriptedImporter/UnityEditor.QuickSearchModule:UnityEditor.Search:ASIAI0B
Importing 'GUID: bcdc8c86abfb40a45aa7ea6f4d34cb13 - Path: Packages/com.unity.render-pipelines.universal/Editor/2D/Overrides/AssemblyInfo.cs - Importer: ScriptedImporter/UnityEditor.QuickSearchModule:UnityEditor.Search:ASIAI0B' with importer (ScriptedImporter : UnityEditor.QuickSearchModule:UnityEditor.Search:ASIAI0B)
Imported 'GUID: bcdc8c86abfb40a45aa7ea6f4d34cb13' -> (Import Result ID: 'ad0045fda8ef8592d51af92b81b776e2') in 0.005 seconds [static and dynamic dependencies]. Details - ImportResultOutputID=99cdd4c9c4ad785a349904beefb0b3ca DependenciesID=40eb06c294b7fabb2038bca7d6033cd1 StaticDependenciesID=01685a82b8a198b169c747e10e0e59dc 
Number of updated asset objects reloaded before import = 0
Number of asset objects unloaded after import = 0
========================================================================
Received Import Request.
  Time of request: 2026-08-21T02:53:35.308578Z
  Time since last request: 0.0003973 seconds.
  importAddress: GUID: 4328012bbeb186e40812b29daf0fcbc5 - Path: Packages/com.unity.render-pipelines.universal/Editor/2D/Provider2D/Provider2D_ProperyDrawer.cs - Importer: ScriptedImporter/UnityEditor.QuickSearchModule:UnityEditor.Search:ASIAI0B
Importing 'GUID: 4328012bbeb186e40812b29daf0fcbc5 - Path: Packages/com.unity.render-pipelines.universal/Editor/2D/Provider2D/Provider2D_ProperyDrawer.cs - Importer: ScriptedImporter/UnityEditor.QuickSearchModule:UnityEditor.Search:ASIAI0B' with importer (ScriptedImporter : UnityEditor.QuickSearchModule:UnityEditor.Search:ASIAI0B)
Imported 'GUID: 4328012bbeb186e40812b29daf0fcbc5' -> (Import Result ID: '75c9aaae026f744e35b5cdb8e5c7d48f') in 0.005 seconds [static and dynamic dependencies]. Details - ImportResultOutputID=ae57be15ac68a380c275ab1826c1c9d1 DependenciesID=897d1519da6036602aac8e7817fdc047 StaticDependenciesID=c353a2b11583b743e60ccbd84d73ff2a 
Number of updated asset objects reloaded before import = 0
Number of asset objects unloaded after import = 0
========================================================================
Received Import Request.
  Time of request: 2026-08-21T02:53:35.3267672Z
  Time since last request: 0.0003564 seconds.
  importAddress: GUID: f96821bbefeea864b9b418af4b8615ac - Path: Packages/com.unity.render-pipelines.universal/Editor/SceneTemplates/Materials/White.mat - Importer: ScriptedImporter/UnityEditor.QuickSearchModule:UnityEditor.Search:ASIAI0B
Importing 'GUID: f96821bbefeea864b9b418af4b8615ac - Path: Packages/com.unity.render-pipelines.universal/Editor/SceneTemplates/Materials/White.mat - Importer: ScriptedImporter/UnityEditor.QuickSearchModule:UnityEditor.Search:ASIAI0B' with importer (ScriptedImporter : UnityEditor.QuickSearchModule:UnityEditor.Search:ASIAI0B)
Imported 'GUID: f96821bbefeea864b9b418af4b8615ac' -> (Import Result ID: '0085ca5de1724af5e2d0cb02cd8b5d65') in 0.007 seconds [static and dynamic dependencies]. Details - ImportResultOutputID=459beb7616af358a90e7b05ce1c108df DependenciesID=db8ac06f5fa39a568eaddd552539e7d0 StaticDependenciesID=0409917d52fb3723ac2bf1755804d11b 
Number of updated asset objects reloaded before import = 0
Number of asset objects unloaded after import = 2
========================================================================
Received Import Request.
  Time of request: 2026-08-21T02:53:35.3476053Z
  Time since last request: 0.0004016 seconds.
  importAddress: GUID: 7c198b1ecf647d44bb399198e12d2bfa - Path: Packages/com.unity.render-pipelines.universal/Editor/2D/Converter/BuiltInToURP2DShaderConverter.cs - Importer: ScriptedImporter/UnityEditor.QuickSearchModule:UnityEditor.Search:ASIAI0B
Importing 'GUID: 7c198b1ecf647d44bb399198e12d2bfa - Path: Packages/com.unity.render-pipelines.universal/Editor/2D/Converter/BuiltInToURP2DShaderConverter.cs - Importer: ScriptedImporter/UnityEditor.QuickSearchModule:UnityEditor.Search:ASIAI0B' with importer (ScriptedImporter : UnityEditor.QuickSearchModule:UnityEditor.Search:ASIAI0B)
Imported 'GUID: 7c198b1ecf647d44bb399198e12d2bfa' -> (Import Result ID: '19d7e0ef9b2e0e5aca4ed15ac97493bd') in 0.005 seconds [static and dynamic dependencies]. Details - ImportResultOutputID=1aa2a364b50a809f7fc0a9397d508465 DependenciesID=1cfd3cd0c1472f7ccf645ba787a3f57d StaticDependenciesID=e1ae23cbc13e2acc148b99f5181b4abf 
Number of updated asset objects reloaded before import = 0
Number of asset objects unloaded after import = 0
========================================================================
Received Import Request.
  Time of request: 2026-08-21T02:53:35.3657772Z
  Time since last request: 0.0002959 seconds.
  importAddress: GUID: b42c95bdd7efefc43900dbbedc4a39f8 - Path: Packages/com.unity.render-pipelines.universal/Editor/2D/Resources/LightCapTopRight.png - Importer: ScriptedImporter/UnityEditor.QuickSearchModule:UnityEditor.Search:ASIAI0B
Importing 'GUID: b42c95bdd7efefc43900dbbedc4a39f8 - Path: Packages/com.unity.render-pipelines.universal/Editor/2D/Resources/LightCapTopRight.png - Importer: ScriptedImporter/UnityEditor.QuickSearchModule:UnityEditor.Search:ASIAI0B' with importer (ScriptedImporter : UnityEditor.QuickSearchModule:UnityEditor.Search:ASIAI0B)
Imported 'GUID: b42c95bdd7efefc43900dbbedc4a39f8' -> (Import Result ID: 'd21ac0f12b0586e268f0c3a784b3d3a7') in 0.011 seconds [static and dynamic dependencies]. Details - ImportResultOutputID=b0f1722e1a21eef77c747baedcb08594 DependenciesID=a74dd31692b7dff8f2c2fdea0ad2ef5e StaticDependenciesID=1e4ca1f06ca60045ae69d3fc06fe29ca 
Number of updated asset objects reloaded before import = 0
Number of asset objects unloaded after import = 1
========================================================================
Received Import Request.
  Time of request: 2026-08-21T02:53:35.3895096Z
  Time since last request: 0.0003805 seconds.
  importAddress: GUID: 0d0f817524897904ba47a6a1d55e7668 - Path: Packages/com.unity.render-pipelines.universal/Editor/Overrides/Shaders/CurveBackground.shader - Importer: ScriptedImporter/UnityEditor.QuickSearchModule:UnityEditor.Search:ASIAI0B
Importing 'GUID: 0d0f817524897904ba47a6a1d55e7668 - Path: Packages/com.unity.render-pipelines.universal/Editor/Overrides/Shaders/CurveBackground.shader - Importer: ScriptedImporter/UnityEditor.QuickSearchModule:UnityEditor.Search:ASIAI0B' with importer (ScriptedImporter : UnityEditor.QuickSearchModule:UnityEditor.Search:ASIAI0B)
Imported 'GUID: 0d0f817524897904ba47a6a1d55e7668' -> (Import Result ID: '1d647f999155b48a8d2c54ab9b114bc2') in 0.006 seconds [static and dynamic dependencies]. Details - ImportResultOutputID=4492372ad778f3e0009d13b366731b72 DependenciesID=e1f7697d4c84e3cc9b077c1bdc75a53f StaticDependenciesID=c44b9cfa615465c29cc19b666f2c0cca 
Number of updated asset objects reloaded before import = 0
Number of asset objects unloaded after import = 1
========================================================================
Received Import Request.
  Time of request: 2026-08-21T02:53:35.4265028Z
  Time since last request: 0.0188028 seconds.
  importAddress: GUID: aa80e1eae2080d849a7ab1ccfbd6953c - Path: Packages/com.unity.render-pipelines.universal/Editor/ShaderGraph/Includes/ShaderVariablesDecal.hlsl - Importer: ScriptedImporter/UnityEditor.QuickSearchModule:UnityEditor.Search:ASIAI0B
Importing 'GUID: aa80e1eae2080d849a7ab1ccfbd6953c - Path: Packages/com.unity.render-pipelines.universal/Editor/ShaderGraph/Includes/ShaderVariablesDecal.hlsl - Importer: ScriptedImporter/UnityEditor.QuickSearchModule:UnityEditor.Search:ASIAI0B' with importer (ScriptedImporter : UnityEditor.QuickSearchModule:UnityEditor.Search:ASIAI0B)
Imported 'GUID: aa80e1eae2080d849a7ab1ccfbd6953c' -> (Import Result ID: 'eeea0ab9712368d815d7bccc5a4a8476') in 0.005 seconds [static and dynamic dependencies]. Details - ImportResultOutputID=ae456399591c3bc20c93de69552120aa DependenciesID=88b43aa31c0883db107d90bd06708cd9 StaticDependenciesID=727ba87a2eec0e916f80bff5fa6bd29e 
Number of updated asset objects reloaded before import = 0
Number of asset objects unloaded after import = 1
========================================================================
Received Import Request.
  Time of request: 2026-08-21T02:53:35.4420536Z
  Time since last request: 0.0004925 seconds.
  importAddress: GUID: 6120e053fa5537949a54c661e2a57a39 - Path: Packages/com.unity.render-pipelines.universal/Editor/ShaderGraph/AssetCallbacks/CreateUnlitShaderGraph.cs - Importer: ScriptedImporter/UnityEditor.QuickSearchModule:UnityEditor.Search:ASIAI0B
Importing 'GUID: 6120e053fa5537949a54c661e2a57a39 - Path: Packages/com.unity.render-pipelines.universal/Editor/ShaderGraph/AssetCallbacks/CreateUnlitShaderGraph.cs - Importer: ScriptedImporter/UnityEditor.QuickSearchModule:UnityEditor.Search:ASIAI0B' with importer (ScriptedImporter : UnityEditor.QuickSearchModule:UnityEditor.Search:ASIAI0B)
Imported 'GUID: 6120e053fa5537949a54c661e2a57a39' -> (Import Result ID: '45ff9895a31e884e250611019dde6856') in 0.004 seconds [static and dynamic dependencies]. Details - ImportResultOutputID=cb342950c2eb0c2a29ad2aa1cf738031 DependenciesID=63f2f09e63f109ae4bc875c8be2d25a9 StaticDependenciesID=c792a278cee25e74ba8254660a18677b 
Number of updated asset objects reloaded before import = 0
Number of asset objects unloaded after import = 0
========================================================================
Received Import Request.
  Time of request: 2026-08-21T02:53:35.4584215Z
  Time since last request: 0.0003273 seconds.
  importAddress: GUID: aab9add076be9364aaee067b3c0e3910 - Path: Packages/com.unity.render-pipelines.universal/Editor/ShaderGraph/AssetCallbacks/CreateLitShaderGraph.cs - Importer: ScriptedImporter/UnityEditor.QuickSearchModule:UnityEditor.Search:ASIAI0B
Importing 'GUID: aab9add076be9364aaee067b3c0e3910 - Path: Packages/com.unity.render-pipelines.universal/Editor/ShaderGraph/AssetCallbacks/CreateLitShaderGraph.cs - Importer: ScriptedImporter/UnityEditor.QuickSearchModule:UnityEditor.Search:ASIAI0B' with importer (ScriptedImporter : UnityEditor.QuickSearchModule:UnityEditor.Search:ASIAI0B)
Imported 'GUID: aab9add076be9364aaee067b3c0e3910' -> (Import Result ID: 'a40741c277ac4e52edfcb566d1c991fc') in 0.005 seconds [static and dynamic dependencies]. Details - ImportResultOutputID=89f642d328106d7833d1b815c3390390 DependenciesID=7d47bc59240f6fa45d5d678000769fb1 StaticDependenciesID=fdfdaebf5b75d777e620e88ac7097481 
Number of updated asset objects reloaded before import = 0
Number of asset objects unloaded after import = 0
========================================================================
Received Import Request.
  Time of request: 2026-08-21T02:53:35.477729Z
  Time since last request: 0.0008015 seconds.
  importAddress: GUID: b33851187d4324530b9f7abfe14d0137 - Path: Packages/com.unity.render-pipelines.universal/Editor/ShaderGUI/ShadingModels/LitGUI.cs - Importer: ScriptedImporter/UnityEditor.QuickSearchModule:UnityEditor.Search:ASIAI0B
Importing 'GUID: b33851187d4324530b9f7abfe14d0137 - Path: Packages/com.unity.render-pipelines.universal/Editor/ShaderGUI/ShadingModels/LitGUI.cs - Importer: ScriptedImporter/UnityEditor.QuickSearchModule:UnityEditor.Search:ASIAI0B' with importer (ScriptedImporter : UnityEditor.QuickSearchModule:UnityEditor.Search:ASIAI0B)
Imported 'GUID: b33851187d4324530b9f7abfe14d0137' -> (Import Result ID: 'e9779820f754212baace78fe27654aad') in 0.005 seconds [static and dynamic dependencies]. Details - ImportResultOutputID=c6ef54c701f4436c20163bfaf2ca7bd2 DependenciesID=4fb6b3a35c312aa95005dd64ec336fdb StaticDependenciesID=7318519a57d6411067ba1d489aafab5d 
Number of updated asset objects reloaded before import = 0
Number of asset objects unloaded after import = 0
========================================================================
Received Import Request.
  Time of request: 2026-08-21T02:53:35.4949966Z
  Time since last request: 0.0004789 seconds.
  importAddress: GUID: 928853c33a90408408408d3b4bfb96e8 - Path: Packages/com.unity.render-pipelines.universal/Editor/ShaderGraph/Targets/UniversalTerrainLitSubTarget.cs - Importer: ScriptedImporter/UnityEditor.QuickSearchModule:UnityEditor.Search:ASIAI0B
Importing 'GUID: 928853c33a90408408408d3b4bfb96e8 - Path: Packages/com.unity.render-pipelines.universal/Editor/ShaderGraph/Targets/UniversalTerrainLitSubTarget.cs - Importer: ScriptedImporter/UnityEditor.QuickSearchModule:UnityEditor.Search:ASIAI0B' with importer (ScriptedImporter : UnityEditor.QuickSearchModule:UnityEditor.Search:ASIAI0B)
Imported 'GUID: 928853c33a90408408408d3b4bfb96e8' -> (Import Result ID: 'd9a4ec7ce6bf6d01e44aabbcf8acfa2d') in 0.005 seconds [static and dynamic dependencies]. Details - ImportResultOutputID=803a7f076a3945e184054684ad9ac492 DependenciesID=47d352e4231ff94a04987d98d6241352 StaticDependenciesID=0cf4aa9057ebc51f9147abbc9992729f 
Number of updated asset objects reloaded before import = 0
Number of asset objects unloaded after import = 0
========================================================================
Received Import Request.
  Time of request: 2026-08-21T02:53:35.5118176Z
  Time since last request: 0.0003978 seconds.
  importAddress: GUID: 9818dc043dbe84466a71ed6178bbffda - Path: Packages/com.unity.render-pipelines.universal/Editor/ShaderGUI/Shaders/ParticlesLitShader.cs - Importer: ScriptedImporter/UnityEditor.QuickSearchModule:UnityEditor.Search:ASIAI0B
Importing 'GUID: 9818dc043dbe84466a71ed6178bbffda - Path: Packages/com.unity.render-pipelines.universal/Editor/ShaderGUI/Shaders/ParticlesLitShader.cs - Importer: ScriptedImporter/UnityEditor.QuickSearchModule:UnityEditor.Search:ASIAI0B' with importer (ScriptedImporter : UnityEditor.QuickSearchModule:UnityEditor.Search:ASIAI0B)
Imported 'GUID: 9818dc043dbe84466a71ed6178bbffda' -> (Import Result ID: '2c64365f5dfb16509f89730aa962861a') in 0.005 seconds [static and dynamic dependencies]. Details - ImportResultOutputID=346b1cd170923b1b90082e9bd1ae5fd1 DependenciesID=8e23c6c90d0e49d07296af8296bbc2d4 StaticDependenciesID=7296631414bcfc35c47920a7bd5e96bc 
Number of updated asset objects reloaded before import = 0
Number of asset objects unloaded after import = 0
========================================================================
Received Import Request.
  Time of request: 2026-08-21T02:53:35.529182Z
  Time since last request: 0.0004577 seconds.
  importAddress: GUID: 0738648e2f2f84b489a2f0076b69e30a - Path: Packages/com.unity.render-pipelines.universal/Editor/ShaderGraph/GraphTemplates/UITKBasicTemplate.shadergraph - Importer: ScriptedImporter/UnityEditor.QuickSearchModule:UnityEditor.Search:ASIAI0B
Importing 'GUID: 0738648e2f2f84b489a2f0076b69e30a - Path: Packages/com.unity.render-pipelines.universal/Editor/ShaderGraph/GraphTemplates/UITKBasicTemplate.shadergraph - Importer: ScriptedImporter/UnityEditor.QuickSearchModule:UnityEditor.Search:ASIAI0B' with importer (ScriptedImporter : UnityEditor.QuickSearchModule:UnityEditor.Search:ASIAI0B)
Imported 'GUID: 0738648e2f2f84b489a2f0076b69e30a' -> (Import Result ID: '9cbdd3c5b1418e18655e1a1c9b47bdc4') in 0.010 seconds [static and dynamic dependencies]. Details - ImportResultOutputID=2cbf167f55ed80f05844bf6218c091a0 DependenciesID=8daa03b99b9d7c4435a86e8aa93b0bd7 StaticDependenciesID=19842f1e7b5120ebd29092c4f319113e 
Number of updated asset objects reloaded before import = 0
Number of asset objects unloaded after import = 5
========================================================================
Received Import Request.
  Time of request: 2026-08-21T02:53:35.5513079Z
  Time since last request: 0.0001682 seconds.
  importAddress: GUID: edb0ac362a4849488bbf53e05e67bb8a - Path: Packages/com.unity.render-pipelines.universal/Editor/ShaderGraph/AssetCallbacks/CreateSixWayShaderGraph.cs - Importer: ScriptedImporter/UnityEditor.QuickSearchModule:UnityEditor.Search:ASIAI0B
Importing 'GUID: edb0ac362a4849488bbf53e05e67bb8a - Path: Packages/com.unity.render-pipelines.universal/Editor/ShaderGraph/AssetCallbacks/CreateSixWayShaderGraph.cs - Importer: ScriptedImporter/UnityEditor.QuickSearchModule:UnityEditor.Search:ASIAI0B' with importer (ScriptedImporter : UnityEditor.QuickSearchModule:UnityEditor.Search:ASIAI0B)
Imported 'GUID: edb0ac362a4849488bbf53e05e67bb8a' -> (Import Result ID: '5ccc4a695c18c031d10584faf730c2dd') in 0.005 seconds [static and dynamic dependencies]. Details - ImportResultOutputID=7267274505281722189cbd66919aa061 DependenciesID=1c32c30cc016d80279b6b566c00b453d StaticDependenciesID=9e7ff7b5b61a5711d3477defcabbdd7a 
Number of updated asset objects reloaded before import = 0
Number of asset objects unloaded after import = 0
========================================================================
Received Import Request.
  Time of request: 2026-08-21T02:53:35.569387Z
  Time since last request: 0.0004721 seconds.
  importAddress: GUID: 131f64991fbd3cb4286f7fbc05dcf29e - Path: Packages/com.unity.render-pipelines.universal/Editor/ShaderGraph/Includes/ShaderPassDecal.hlsl - Importer: ScriptedImporter/UnityEditor.QuickSearchModule:UnityEditor.Search:ASIAI0B
Importing 'GUID: 131f64991fbd3cb4286f7fbc05dcf29e - Path: Packages/com.unity.render-pipelines.universal/Editor/ShaderGraph/Includes/ShaderPassDecal.hlsl - Importer: ScriptedImporter/UnityEditor.QuickSearchModule:UnityEditor.Search:ASIAI0B' with importer (ScriptedImporter : UnityEditor.QuickSearchModule:UnityEditor.Search:ASIAI0B)
Imported 'GUID: 131f64991fbd3cb4286f7fbc05dcf29e' -> (Import Result ID: '6cbe935f7a0f3b92796f6a22c6a21074') in 0.005 seconds [static and dynamic dependencies]. Details - ImportResultOutputID=9d3bc2ff1d778562ea5134aadfc5a88a DependenciesID=2498e6619018ca40d8bc3d000296433f StaticDependenciesID=1c32ee2269ec69bd632f4f967912595f 
Number of updated asset objects reloaded before import = 0
Number of asset objects unloaded after import = 1
========================================================================
Received Import Request.
  Time of request: 2026-08-21T02:53:35.5871936Z
  Time since last request: 0.0003164 seconds.
  importAddress: GUID: 3d80ff2d19402463c8a2a52558deaf43 - Path: Packages/com.unity.render-pipelines.universal/Editor/ShaderGUI/Shaders/ParticlesSimpleLitShader.cs - Importer: ScriptedImporter/UnityEditor.QuickSearchModule:UnityEditor.Search:ASIAI0B
Importing 'GUID: 3d80ff2d19402463c8a2a52558deaf43 - Path: Packages/com.unity.render-pipelines.universal/Editor/ShaderGUI/Shaders/ParticlesSimpleLitShader.cs - Importer: ScriptedImporter/UnityEditor.QuickSearchModule:UnityEditor.Search:ASIAI0B' with importer (ScriptedImporter : UnityEditor.QuickSearchModule:UnityEditor.Search:ASIAI0B)
Imported 'GUID: 3d80ff2d19402463c8a2a52558deaf43' -> (Import Result ID: 'f7ba3e64802e01ee9e8b0f0c9c0f3ec7') in 0.005 seconds [static and dynamic dependencies]. Details - ImportResultOutputID=6502217f1f7e901f44e81e3790f2c463 DependenciesID=91d7fb0328eadd4d4d636576611cab81 StaticDependenciesID=a14ea9dea7e08377b4b792978aa51c42 
Number of updated asset objects reloaded before import = 0
Number of asset objects unloaded after import = 0
========================================================================
Received Import Request.
  Time of request: 2026-08-21T02:53:35.6052964Z
  Time since last request: 0.000322 seconds.
  importAddress: GUID: ed33028ae86f863468162a7c6b0ae962 - Path: Packages/com.unity.render-pipelines.universal/Editor/ShaderGraph/Templates/SharedCode.template.hlsl - Importer: ScriptedImporter/UnityEditor.QuickSearchModule:UnityEditor.Search:ASIAI0B
Importing 'GUID: ed33028ae86f863468162a7c6b0ae962 - Path: Packages/com.unity.render-pipelines.universal/Editor/ShaderGraph/Templates/SharedCode.template.hlsl - Importer: ScriptedImporter/UnityEditor.QuickSearchModule:UnityEditor.Search:ASIAI0B' with importer (ScriptedImporter : UnityEditor.QuickSearchModule:UnityEditor.Search:ASIAI0B)
Imported 'GUID: ed33028ae86f863468162a7c6b0ae962' -> (Import Result ID: 'e6d4dbbcac1661e02d668dc0b62f0739') in 0.005 seconds [static and dynamic dependencies]. Details - ImportResultOutputID=3ddafdd502b9447da2583235f2be9144 DependenciesID=c69d4cc74b844f8b026aed4197905700 StaticDependenciesID=a1c1c1b1144818057026c8b8323750a0 
Number of updated asset objects reloaded before import = 0
Number of asset objects unloaded after import = 1
========================================================================
Received Import Request.
  Time of request: 2026-08-21T02:53:35.6221601Z
  Time since last request: 0.0003769 seconds.
  importAddress: GUID: 795fde47942374005bbe56e3879983db - Path: Packages/com.unity.render-pipelines.universal/Editor/ShaderGUI/ShadingModels/BakedLitGUI.cs - Importer: ScriptedImporter/UnityEditor.QuickSearchModule:UnityEditor.Search:ASIAI0B
Importing 'GUID: 795fde47942374005bbe56e3879983db - Path: Packages/com.unity.render-pipelines.universal/Editor/ShaderGUI/ShadingModels/BakedLitGUI.cs - Importer: ScriptedImporter/UnityEditor.QuickSearchModule:UnityEditor.Search:ASIAI0B' with importer (ScriptedImporter : UnityEditor.QuickSearchModule:UnityEditor.Search:ASIAI0B)
Imported 'GUID: 795fde47942374005bbe56e3879983db' -> (Import Result ID: 'ceb969958f418dc29616ae77abc22b13') in 0.005 seconds [static and dynamic dependencies]. Details - ImportResultOutputID=4253f0d00e8ffc42fe621b857a6ea8e0 DependenciesID=9c87cb5054cea7bc67450ae3c1b2c61f StaticDependenciesID=dc1063aa808c2181d312122063ccd02f 
Number of updated asset objects reloaded before import = 0
Number of asset objects unloaded after import = 0
========================================================================
Received Import Request.
  Time of request: 2026-08-21T02:53:35.6390362Z
  Time since last request: 0.0003708 seconds.
  importAddress: GUID: b3c58a63bfb3ecb4d81289bf60b5b802 - Path: Packages/com.unity.render-pipelines.universal/Editor/Tools/Converters/BuiltInToURP3DMaterialUpgrader.cs - Importer: ScriptedImporter/UnityEditor.QuickSearchModule:UnityEditor.Search:ASIAI0B
Importing 'GUID: b3c58a63bfb3ecb4d81289bf60b5b802 - Path: Packages/com.unity.render-pipelines.universal/Editor/Tools/Converters/BuiltInToURP3DMaterialUpgrader.cs - Importer: ScriptedImporter/UnityEditor.QuickSearchModule:UnityEditor.Search:ASIAI0B' with importer (ScriptedImporter : UnityEditor.QuickSearchModule:UnityEditor.Search:ASIAI0B)
Imported 'GUID: b3c58a63bfb3ecb4d81289bf60b5b802' -> (Import Result ID: 'c3cee629788c08647d7bcb9db4e2dbbb') in 0.005 seconds [static and dynamic dependencies]. Details - ImportResultOutputID=924ee8c90933f83a9e1688638b7dfbdf DependenciesID=2bfd6c73ca2320288a514e3e68863bb0 StaticDependenciesID=da9e65b43f7421b553b20b38d14c5e09 
Number of updated asset objects reloaded before import = 0
Number of asset objects unloaded after import = 0
========================================================================
Received Import Request.
  Time of request: 2026-08-21T02:53:35.6580152Z
  Time since last request: 0.0003525 seconds.
  importAddress: GUID: 48080a5025a54a84087e882e2f988642 - Path: Packages/com.unity.render-pipelines.universal/Editor/ShaderGraph/Targets/UniversalFullscreenSubTarget.cs - Importer: ScriptedImporter/UnityEditor.QuickSearchModule:UnityEditor.Search:ASIAI0B
Importing 'GUID: 48080a5025a54a84087e882e2f988642 - Path: Packages/com.unity.render-pipelines.universal/Editor/ShaderGraph/Targets/UniversalFullscreenSubTarget.cs - Importer: ScriptedImporter/UnityEditor.QuickSearchModule:UnityEditor.Search:ASIAI0B' with importer (ScriptedImporter : UnityEditor.QuickSearchModule:UnityEditor.Search:ASIAI0B)
Imported 'GUID: 48080a5025a54a84087e882e2f988642' -> (Import Result ID: '742368ae1d2d7001807528e0030a7638') in 0.004 seconds [static and dynamic dependencies]. Details - ImportResultOutputID=a83477f6d1d331283bee4f99ffb3023f DependenciesID=dc9e9faafed7614c2704b04e79318de9 StaticDependenciesID=49fbdcaa2ee7402d9a47c40776865bc8 
Number of updated asset objects reloaded before import = 0
Number of asset objects unloaded after import = 0
========================================================================
Received Import Request.
  Time of request: 2026-08-21T02:53:35.6749734Z
  Time since last request: 0.0002812 seconds.
  importAddress: GUID: 2085a40153652db43a116297c1924476 - Path: Packages/com.unity.render-pipelines.universal/Editor/ShaderGraph/Includes/Varyings.hlsl - Importer: ScriptedImporter/UnityEditor.QuickSearchModule:UnityEditor.Search:ASIAI0B
Importing 'GUID: 2085a40153652db43a116297c1924476 - Path: Packages/com.unity.render-pipelines.universal/Editor/ShaderGraph/Includes/Varyings.hlsl - Importer: ScriptedImporter/UnityEditor.QuickSearchModule:UnityEditor.Search:ASIAI0B' with importer (ScriptedImporter : UnityEditor.QuickSearchModule:UnityEditor.Search:ASIAI0B)
Imported 'GUID: 2085a40153652db43a116297c1924476' -> (Import Result ID: '6678b4817a8c36981f2ecaa272a2ce7b') in 0.005 seconds [static and dynamic dependencies]. Details - ImportResultOutputID=51780b7b96153f58ce5ee7db05956e3e DependenciesID=2a0ef1196cd0605d0b6e181b0a2065b6 StaticDependenciesID=6a2173c653b5a2665ea29d3b86a9ee1e 
Number of updated asset objects reloaded before import = 0
Number of asset objects unloaded after import = 1
========================================================================
Received Import Request.
  Time of request: 2026-08-21T02:53:35.693685Z
  Time since last request: 0.0003489 seconds.
  importAddress: GUID: 8176ef27c50d1485084b4ab6f1554353 - Path: Packages/com.unity.render-pipelines.universal/Editor/ShaderGUI/Shaders/BakedLitShader.cs - Importer: ScriptedImporter/UnityEditor.QuickSearchModule:UnityEditor.Search:ASIAI0B
Importing 'GUID: 8176ef27c50d1485084b4ab6f1554353 - Path: Packages/com.unity.render-pipelines.universal/Editor/ShaderGUI/Shaders/BakedLitShader.cs - Importer: ScriptedImporter/UnityEditor.QuickSearchModule:UnityEditor.Search:ASIAI0B' with importer (ScriptedImporter : UnityEditor.QuickSearchModule:UnityEditor.Search:ASIAI0B)
Imported 'GUID: 8176ef27c50d1485084b4ab6f1554353' -> (Import Result ID: '02d5f8a32f352acdb09dfcf9ad5619e8') in 0.004 seconds [static and dynamic dependencies]. Details - ImportResultOutputID=86dc71d2ed82e6cc6fa80c1ad76f5e43 DependenciesID=bc5352a05d558c02dbabb143b5b62dee StaticDependenciesID=31f3bee76fcab0957f50c55ab66193e5 
Number of updated asset objects reloaded before import = 0
Number of asset objects unloaded after import = 0
========================================================================
Received Import Request.
  Time of request: 2026-08-21T02:53:35.7322927Z
  Time since last request: 0.0209318 seconds.
  importAddress: GUID: 1e2567cd71037a647ad53fc83080600b - Path: Packages/com.unity.render-pipelines.universal/Runtime/2D/Rendergraph/CopyCameraSortingLayerPass.cs - Importer: ScriptedImporter/UnityEditor.QuickSearchModule:UnityEditor.Search:ASIAI0B
Importing 'GUID: 1e2567cd71037a647ad53fc83080600b - Path: Packages/com.unity.render-pipelines.universal/Runtime/2D/Rendergraph/CopyCameraSortingLayerPass.cs - Importer: ScriptedImporter/UnityEditor.QuickSearchModule:UnityEditor.Search:ASIAI0B' with importer (ScriptedImporter : UnityEditor.QuickSearchModule:UnityEditor.Search:ASIAI0B)
Imported 'GUID: 1e2567cd71037a647ad53fc83080600b' -> (Import Result ID: '9577846ce7cb2d51eabf8ed45c552edc') in 0.011 seconds [static and dynamic dependencies]. Details - ImportResultOutputID=a569a46fc1c8f086c28018bbc6668dbf DependenciesID=867b1d3c1f0cb508c0b5fc132a0198f2 StaticDependenciesID=420db23bb81c530e4e8a48480ef6672c 
Number of updated asset objects reloaded before import = 0
Number of asset objects unloaded after import = 0
========================================================================
Received Import Request.
  Time of request: 2026-08-21T02:53:35.7576833Z
  Time since last request: 0.0005251 seconds.
  importAddress: GUID: 9d3c965386a423a4b9b2f6b30ecad735 - Path: Packages/com.unity.render-pipelines.universal/Runtime/2D/Shadows/ShadowCasterGroup2DManager.cs - Importer: ScriptedImporter/UnityEditor.QuickSearchModule:UnityEditor.Search:ASIAI0B
Importing 'GUID: 9d3c965386a423a4b9b2f6b30ecad735 - Path: Packages/com.unity.render-pipelines.universal/Runtime/2D/Shadows/ShadowCasterGroup2DManager.cs - Importer: ScriptedImporter/UnityEditor.QuickSearchModule:UnityEditor.Search:ASIAI0B' with importer (ScriptedImporter : UnityEditor.QuickSearchModule:UnityEditor.Search:ASIAI0B)
Imported 'GUID: 9d3c965386a423a4b9b2f6b30ecad735' -> (Import Result ID: '0348bac09bf0ddd53e5db7ded953364f') in 0.012 seconds [static and dynamic dependencies]. Details - ImportResultOutputID=da5bfee3e2e83d1faa63130fa1530d4c DependenciesID=2e133c5c387d5c46dc5715c65e765f8c StaticDependenciesID=c0a9da6540ac1e0cf0b4769842cd7a0f 
Number of updated asset objects reloaded before import = 0
Number of asset objects unloaded after import = 0
========================================================================
Received Import Request.
  Time of request: 2026-08-21T02:53:35.7824806Z
  Time since last request: 0.0003612 seconds.
  importAddress: GUID: 4c72c43322666bd4dbe58de9815b0639 - Path: Packages/com.unity.render-pipelines.universal/Editor/VFXGraph/Shaders/VFXSGSurfaceData.template - Importer: ScriptedImporter/UnityEditor.QuickSearchModule:UnityEditor.Search:ASIAI0B
Importing 'GUID: 4c72c43322666bd4dbe58de9815b0639 - Path: Packages/com.unity.render-pipelines.universal/Editor/VFXGraph/Shaders/VFXSGSurfaceData.template - Importer: ScriptedImporter/UnityEditor.QuickSearchModule:UnityEditor.Search:ASIAI0B' with importer (ScriptedImporter : UnityEditor.QuickSearchModule:UnityEditor.Search:ASIAI0B)
Imported 'GUID: 4c72c43322666bd4dbe58de9815b0639' -> (Import Result ID: 'cc3ff4d112ec77a342ff4cd4a3b86e74') in 0.017 seconds [static and dynamic dependencies]. Details - ImportResultOutputID=4b6dd54cf58281599d865c38916e7e3b DependenciesID=5525cbc6ad9cebf42974fa63b176d26f StaticDependenciesID=55ed8eb30d156ac756d05394ba4a095d 
Number of updated asset objects reloaded before import = 0
Number of asset objects unloaded after import = 1
========================================================================
Received Import Request.
  Time of request: 2026-08-21T02:53:35.8138402Z
  Time since last request: 0.0003287 seconds.
  importAddress: GUID: 2f37f38354ae11b4ba31a324dbabef7d - Path: Packages/com.unity.render-pipelines.universal/Editor/Tools/MaterialUpgrader/MaterialUpgraderProviders.cs - Importer: ScriptedImporter/UnityEditor.QuickSearchModule:UnityEditor.Search:ASIAI0B
Importing 'GUID: 2f37f38354ae11b4ba31a324dbabef7d - Path: Packages/com.unity.render-pipelines.universal/Editor/Tools/MaterialUpgrader/MaterialUpgraderProviders.cs - Importer: ScriptedImporter/UnityEditor.QuickSearchModule:UnityEditor.Search:ASIAI0B' with importer (ScriptedImporter : UnityEditor.QuickSearchModule:UnityEditor.Search:ASIAI0B)
Imported 'GUID: 2f37f38354ae11b4ba31a324dbabef7d' -> (Import Result ID: '1c35e91e518ca0d52e87afed2b971b44') in 0.019 seconds [static and dynamic dependencies]. Details - ImportResultOutputID=2e1c1d901267ec32044452b000df8a03 DependenciesID=4ef421e472c45e5bd3adbe1df5f3e8cd StaticDependenciesID=74872efb44a7640ded2c0c8118b63d28 
Number of updated asset objects reloaded before import = 0
Number of asset objects unloaded after import = 0
========================================================================
Received Import Request.
  Time of request: 2026-08-21T02:53:35.8464441Z
  Time since last request: 0.0007558 seconds.
  importAddress: GUID: 43645433359a9a8488056103f59e201d - Path: Packages/com.unity.render-pipelines.universal/Runtime/2D/RendererFeatures/ScriptableRenderPass2D.cs - Importer: ScriptedImporter/UnityEditor.QuickSearchModule:UnityEditor.Search:ASIAI0B
Importing 'GUID: 43645433359a9a8488056103f59e201d - Path: Packages/com.unity.render-pipelines.universal/Runtime/2D/RendererFeatures/ScriptableRenderPass2D.cs - Importer: ScriptedImporter/UnityEditor.QuickSearchModule:UnityEditor.Search:ASIAI0B' with importer (ScriptedImporter : UnityEditor.QuickSearchModule:UnityEditor.Search:ASIAI0B)
Imported 'GUID: 43645433359a9a8488056103f59e201d' -> (Import Result ID: 'ecaee923965c570b5d3579af5e3b7226') in 0.267 seconds [static and dynamic dependencies]. Details - ImportResultOutputID=f1844551f04e45225e1cc3f0a131ab95 DependenciesID=7e3b91ed04388121b282d861cab2a43f StaticDependenciesID=37170815e020551653d183757fd1b903 
Number of updated asset objects reloaded before import = 0
Number of asset objects unloaded after import = 0
========================================================================
Received Import Request.
  Time of request: 2026-08-21T02:53:36.1266632Z
  Time since last request: 0.0004048 seconds.
  importAddress: GUID: 7db70e0ea77f5ac47a8f4565a9406397 - Path: Packages/com.unity.render-pipelines.universal/Runtime/2D/Shadows/ShadowCaster2D.cs - Importer: ScriptedImporter/UnityEditor.QuickSearchModule:UnityEditor.Search:ASIAI0B
Importing 'GUID: 7db70e0ea77f5ac47a8f4565a9406397 - Path: Packages/com.unity.render-pipelines.universal/Runtime/2D/Shadows/ShadowCaster2D.cs - Importer: ScriptedImporter/UnityEditor.QuickSearchModule:UnityEditor.Search:ASIAI0B' with importer (ScriptedImporter : UnityEditor.QuickSearchModule:UnityEditor.Search:ASIAI0B)
Imported 'GUID: 7db70e0ea77f5ac47a8f4565a9406397' -> (Import Result ID: 'd82f46a906fa3a4ffdbdc077f6f89a98') in 0.007 seconds [static and dynamic dependencies]. Details - ImportResultOutputID=63288e3ced2e0a45531ae71f1178c4f1 DependenciesID=750b857341420757e5ab89353ffcb2de StaticDependenciesID=04c81592cec9b4610745f2c9de811049 
Number of updated asset objects reloaded before import = 0
Number of asset objects unloaded after import = 0
========================================================================
Received Import Request.
  Time of request: 2026-08-21T02:53:36.1465412Z
  Time since last request: 0.0003439 seconds.
  importAddress: GUID: 074e9a8a8d8919e469b8dd79c7dc69a9 - Path: Packages/com.unity.render-pipelines.universal/Runtime/2D/Lights/Light2DShape.cs - Importer: ScriptedImporter/UnityEditor.QuickSearchModule:UnityEditor.Search:ASIAI0B
Importing 'GUID: 074e9a8a8d8919e469b8dd79c7dc69a9 - Path: Packages/com.unity.render-pipelines.universal/Runtime/2D/Lights/Light2DShape.cs - Importer: ScriptedImporter/UnityEditor.QuickSearchModule:UnityEditor.Search:ASIAI0B' with importer (ScriptedImporter : UnityEditor.QuickSearchModule:UnityEditor.Search:ASIAI0B)
Imported 'GUID: 074e9a8a8d8919e469b8dd79c7dc69a9' -> (Import Result ID: '4fd150f1d02f1ace918d5cbd93e37926') in 0.007 seconds [static and dynamic dependencies]. Details - ImportResultOutputID=173bc07fe00f1c6cd285c82e9e296fcd DependenciesID=87ab6d65576dff5d9b2710684cf8550d StaticDependenciesID=5592fa945c1baa40386e74aab72f11d2 
Number of updated asset objects reloaded before import = 0
Number of asset objects unloaded after import = 0
========================================================================
Received Import Request.
  Time of request: 2026-08-21T02:53:36.1656635Z
  Time since last request: 0.0004714 seconds.
  importAddress: GUID: d8151411c155429aa167611d958fbb8c - Path: Packages/com.unity.render-pipelines.universal/Runtime/2D/Lights/Light2DManager.cs - Importer: ScriptedImporter/UnityEditor.QuickSearchModule:UnityEditor.Search:ASIAI0B
Importing 'GUID: d8151411c155429aa167611d958fbb8c - Path: Packages/com.unity.render-pipelines.universal/Runtime/2D/Lights/Light2DManager.cs - Importer: ScriptedImporter/UnityEditor.QuickSearchModule:UnityEditor.Search:ASIAI0B' with importer (ScriptedImporter : UnityEditor.QuickSearchModule:UnityEditor.Search:ASIAI0B)
Imported 'GUID: d8151411c155429aa167611d958fbb8c' -> (Import Result ID: 'a05c335d3d9c31da0df294f3321b5f42') in 0.015 seconds [static and dynamic dependencies]. Details - ImportResultOutputID=f66c3c41e1df896c13d795ab3690115b DependenciesID=6feb8ee20b52ec740e92fe114cd5f049 StaticDependenciesID=79ea5aca29ab38030e4bd45618cdab77 
Number of updated asset objects reloaded before import = 0
Number of asset objects unloaded after import = 0
========================================================================
Received Import Request.
  Time of request: 2026-08-21T02:53:36.1905433Z
  Time since last request: 0.0003399 seconds.
  importAddress: GUID: cfd8db254ecd63d45bc135530bd0c325 - Path: Packages/com.unity.render-pipelines.universal/Runtime/2D/FrameData/Universal2DRenderingData.cs - Importer: ScriptedImporter/UnityEditor.QuickSearchModule:UnityEditor.Search:ASIAI0B
Importing 'GUID: cfd8db254ecd63d45bc135530bd0c325 - Path: Packages/com.unity.render-pipelines.universal/Runtime/2D/FrameData/Universal2DRenderingData.cs - Importer: ScriptedImporter/UnityEditor.QuickSearchModule:UnityEditor.Search:ASIAI0B' with importer (ScriptedImporter : UnityEditor.QuickSearchModule:UnityEditor.Search:ASIAI0B)
Imported 'GUID: cfd8db254ecd63d45bc135530bd0c325' -> (Import Result ID: '6bcb5fa2e52b429b8ec50adc6b2c9c45') in 0.020 seconds [static and dynamic dependencies]. Details - ImportResultOutputID=402db08355d0dc4575b1078c636f9a1a DependenciesID=fc265f974842ff37ace84552372ed66a StaticDependenciesID=33f09d2ae7058ebe4db5d83fbc6385d3 
Number of updated asset objects reloaded before import = 0
Number of asset objects unloaded after import = 0
========================================================================
Received Import Request.
  Time of request: 2026-08-21T02:53:36.2217031Z
  Time since last request: 0.0005 seconds.
  importAddress: GUID: dfd932337eaf30646ab42d63eed8f822 - Path: Packages/com.unity.render-pipelines.universal/Runtime/2D/Shadows/ShadowCasterGroup2D.cs - Importer: ScriptedImporter/UnityEditor.QuickSearchModule:UnityEditor.Search:ASIAI0B
Importing 'GUID: dfd932337eaf30646ab42d63eed8f822 - Path: Packages/com.unity.render-pipelines.universal/Runtime/2D/Shadows/ShadowCasterGroup2D.cs - Importer: ScriptedImporter/UnityEditor.QuickSearchModule:UnityEditor.Search:ASIAI0B' with importer (ScriptedImporter : UnityEditor.QuickSearchModule:UnityEditor.Search:ASIAI0B)
Imported 'GUID: dfd932337eaf30646ab42d63eed8f822' -> (Import Result ID: '0032af477b8ecafe97c851dfe26d5fee') in 0.004 seconds [static and dynamic dependencies]. Details - ImportResultOutputID=83735109775dfbf896230c3516b4b270 DependenciesID=11f6e9a3ee89c21c3b3c222b21a39451 StaticDependenciesID=5678694cb1c70439c0905677e56f15f8 
Number of updated asset objects reloaded before import = 0
Number of asset objects unloaded after import = 0
========================================================================
Received Import Request.
  Time of request: 2026-08-21T02:53:36.2361697Z
  Time since last request: 0.0008601 seconds.
  importAddress: GUID: 96fe41ee3d39d724e8c066e89c73ee4d - Path: Packages/com.unity.render-pipelines.universal/Runtime/2D/Sources/Provider2DCache.cs - Importer: ScriptedImporter/UnityEditor.QuickSearchModule:UnityEditor.Search:ASIAI0B
Importing 'GUID: 96fe41ee3d39d724e8c066e89c73ee4d - Path: Packages/com.unity.render-pipelines.universal/Runtime/2D/Sources/Provider2DCache.cs - Importer: ScriptedImporter/UnityEditor.QuickSearchModule:UnityEditor.Search:ASIAI0B' with importer (ScriptedImporter : UnityEditor.QuickSearchModule:UnityEditor.Search:ASIAI0B)
Imported 'GUID: 96fe41ee3d39d724e8c066e89c73ee4d' -> (Import Result ID: '746afce525d7921152f7fa09e6f08f6a') in 0.005 seconds [static and dynamic dependencies]. Details - ImportResultOutputID=d3c84c3c6a584e161f39d0435abb5c97 DependenciesID=905ec64efd61a8f006f695800f98f1d7 StaticDependenciesID=13bb3b72912cc166b88188e7b9d44057 
Number of updated asset objects reloaded before import = 0
Number of asset objects unloaded after import = 0
========================================================================
Received Import Request.
  Time of request: 2026-08-21T02:53:36.2520371Z
  Time since last request: 0.0004672 seconds.
  importAddress: GUID: 56fd66c66c0d99848be7cc4829d45942 - Path: Packages/com.unity.render-pipelines.universal/Editor/VFXGraph/Shaders/VFXLitVaryings.template - Importer: ScriptedImporter/UnityEditor.QuickSearchModule:UnityEditor.Search:ASIAI0B
Importing 'GUID: 56fd66c66c0d99848be7cc4829d45942 - Path: Packages/com.unity.render-pipelines.universal/Editor/VFXGraph/Shaders/VFXLitVaryings.template - Importer: ScriptedImporter/UnityEditor.QuickSearchModule:UnityEditor.Search:ASIAI0B' with importer (ScriptedImporter : UnityEditor.QuickSearchModule:UnityEditor.Search:ASIAI0B)
Imported 'GUID: 56fd66c66c0d99848be7cc4829d45942' -> (Import Result ID: '704992e3142bb68d6dfc9554d8a51d5d') in 0.035 seconds [static and dynamic dependencies]. Details - ImportResultOutputID=7532dcd446fa240e4cfff88046a43304 DependenciesID=2ee3cb7908cc060cd8990f42b7ed953b StaticDependenciesID=a11e0002cbe84390fa58d38fb3e2be20 
Number of updated asset objects reloaded before import = 0
Number of asset objects unloaded after import = 1
========================================================================
Received Import Request.
  Time of request: 2026-08-21T02:53:36.2969615Z
  Time since last request: 0.0003158 seconds.
  importAddress: GUID: bc72453fe7004b54a9b676b403c0ba54 - Path: Packages/com.unity.render-pipelines.universal/Runtime/Decal/DBuffer/DBufferDepthCopyPass.cs - Importer: ScriptedImporter/UnityEditor.QuickSearchModule:UnityEditor.Search:ASIAI0B
Importing 'GUID: bc72453fe7004b54a9b676b403c0ba54 - Path: Packages/com.unity.render-pipelines.universal/Runtime/Decal/DBuffer/DBufferDepthCopyPass.cs - Importer: ScriptedImporter/UnityEditor.QuickSearchModule:UnityEditor.Search:ASIAI0B' with importer (ScriptedImporter : UnityEditor.QuickSearchModule:UnityEditor.Search:ASIAI0B)
Imported 'GUID: bc72453fe7004b54a9b676b403c0ba54' -> (Import Result ID: '1c62d465832fb9dee1b4b67796082a95') in 0.004 seconds [static and dynamic dependencies]. Details - ImportResultOutputID=38b5e4255c15f26a84701ef161e7d082 DependenciesID=f3c52c89a7c27a27a6c578527348a649 StaticDependenciesID=97bb008066e10cce750b19b5224296e7 
Number of updated asset objects reloaded before import = 0
Number of asset objects unloaded after import = 0
========================================================================
Received Import Request.
  Time of request: 2026-08-21T02:53:36.3118141Z
  Time since last request: 0.0004036 seconds.
  importAddress: GUID: 47ca7de5076d2e34fbc2e25f05744f10 - Path: Packages/com.unity.render-pipelines.universal/Runtime/2D/RendererFeatures/ScriptableRendererFeature2D.cs - Importer: ScriptedImporter/UnityEditor.QuickSearchModule:UnityEditor.Search:ASIAI0B
Importing 'GUID: 47ca7de5076d2e34fbc2e25f05744f10 - Path: Packages/com.unity.render-pipelines.universal/Runtime/2D/RendererFeatures/ScriptableRendererFeature2D.cs - Importer: ScriptedImporter/UnityEditor.QuickSearchModule:UnityEditor.Search:ASIAI0B' with importer (ScriptedImporter : UnityEditor.QuickSearchModule:UnityEditor.Search:ASIAI0B)
Imported 'GUID: 47ca7de5076d2e34fbc2e25f05744f10' -> (Import Result ID: '02cdbd9f64c797a5c1ffdeb984d8d71f') in 0.004 seconds [static and dynamic dependencies]. Details - ImportResultOutputID=a7f4b11ab406524c20fcc776ede92bbf DependenciesID=335f43519bc487a07192414f7d998809 StaticDependenciesID=9dff435db6879554011cc4c848c6d037 
Number of updated asset objects reloaded before import = 0
Number of asset objects unloaded after import = 0
========================================================================
Received Import Request.
  Time of request: 2026-08-21T02:53:36.3275203Z
  Time since last request: 0.0004076 seconds.
  importAddress: GUID: e0f10937bae94291b66fd98a6d300c08 - Path: Packages/com.unity.render-pipelines.universal/Runtime/2D/Rendergraph/DrawRenderer2DPass.cs - Importer: ScriptedImporter/UnityEditor.QuickSearchModule:UnityEditor.Search:ASIAI0B
Importing 'GUID: e0f10937bae94291b66fd98a6d300c08 - Path: Packages/com.unity.render-pipelines.universal/Runtime/2D/Rendergraph/DrawRenderer2DPass.cs - Importer: ScriptedImporter/UnityEditor.QuickSearchModule:UnityEditor.Search:ASIAI0B' with importer (ScriptedImporter : UnityEditor.QuickSearchModule:UnityEditor.Search:ASIAI0B)
Imported 'GUID: e0f10937bae94291b66fd98a6d300c08' -> (Import Result ID: '3ae410969011c0f5bcd4148032941dcc') in 0.005 seconds [static and dynamic dependencies]. Details - ImportResultOutputID=2dac425a0e48017847cb87bcc4aa2c2a DependenciesID=aab28d237a4033d8211c75c78e59807f StaticDependenciesID=77ac4ac4c11430ccd7312fad699e494d 
Number of updated asset objects reloaded before import = 0
Number of asset objects unloaded after import = 0
========================================================================
Received Import Request.
  Time of request: 2026-08-21T02:53:36.3435626Z
  Time since last request: 0.0004529 seconds.
  importAddress: GUID: a699ef0a455ff0440a0fe9b1689ec566 - Path: Packages/com.unity.render-pipelines.universal/Editor/Tools/MaterialUpgrader/UniversalSpeedTree8MaterialUpgrader.cs - Importer: ScriptedImporter/UnityEditor.QuickSearchModule:UnityEditor.Search:ASIAI0B
Importing 'GUID: a699ef0a455ff0440a0fe9b1689ec566 - Path: Packages/com.unity.render-pipelines.universal/Editor/Tools/MaterialUpgrader/UniversalSpeedTree8MaterialUpgrader.cs - Importer: ScriptedImporter/UnityEditor.QuickSearchModule:UnityEditor.Search:ASIAI0B' with importer (ScriptedImporter : UnityEditor.QuickSearchModule:UnityEditor.Search:ASIAI0B)
Imported 'GUID: a699ef0a455ff0440a0fe9b1689ec566' -> (Import Result ID: '0b3468d513647514695bd185edacfa68') in 0.032 seconds [static and dynamic dependencies]. Details - ImportResultOutputID=584de96f38610989cda8d14d291aa0b8 DependenciesID=a2532b9191b9df959957c86c6426b9c1 StaticDependenciesID=747fa07071498ff30a3336b8e8ff9872 
Number of updated asset objects reloaded before import = 0
Number of asset objects unloaded after import = 0
========================================================================
Received Import Request.
  Time of request: 2026-08-21T02:53:36.3862203Z
  Time since last request: 0.0005215 seconds.
  importAddress: GUID: f056d8bd2a1c7e44e9729144b4c70395 - Path: Packages/com.unity.render-pipelines.universal/Runtime/Decal/DBuffer/DBufferClear.shader - Importer: ScriptedImporter/UnityEditor.QuickSearchModule:UnityEditor.Search:ASIAI0B
Importing 'GUID: f056d8bd2a1c7e44e9729144b4c70395 - Path: Packages/com.unity.render-pipelines.universal/Runtime/Decal/DBuffer/DBufferClear.shader - Importer: ScriptedImporter/UnityEditor.QuickSearchModule:UnityEditor.Search:ASIAI0B' with importer (ScriptedImporter : UnityEditor.QuickSearchModule:UnityEditor.Search:ASIAI0B)
Imported 'GUID: f056d8bd2a1c7e44e9729144b4c70395' -> (Import Result ID: '5f4b860da66b0297f6eee67405eeebb2') in 0.042 seconds [static and dynamic dependencies]. Details - ImportResultOutputID=d06050caa6e1981f54b14482a2e208c1 DependenciesID=6e159f36bb376230481d2877f79f4f00 StaticDependenciesID=abe5fb871279a12be81aee818e7e9be6 
Number of updated asset objects reloaded before import = 0
Number of asset objects unloaded after import = 1
========================================================================
Received Import Request.
  Time of request: 2026-08-21T02:53:36.4493091Z
  Time since last request: 0.0097889 seconds.
  importAddress: GUID: 26e1f8400167947f5a628494c94d0ff5 - Path: Packages/com.unity.render-pipelines.universal/Runtime/Passes/PostProcess/TemporalAntiAliasingPostProcessPass.cs - Importer: ScriptedImporter/UnityEditor.QuickSearchModule:UnityEditor.Search:ASIAI0B
Importing 'GUID: 26e1f8400167947f5a628494c94d0ff5 - Path: Packages/com.unity.render-pipelines.universal/Runtime/Passes/PostProcess/TemporalAntiAliasingPostProcessPass.cs - Importer: ScriptedImporter/UnityEditor.QuickSearchModule:UnityEditor.Search:ASIAI0B' with importer (ScriptedImporter : UnityEditor.QuickSearchModule:UnityEditor.Search:ASIAI0B)
Imported 'GUID: 26e1f8400167947f5a628494c94d0ff5' -> (Import Result ID: '393588c4d71116aadaa69758d57605db') in 0.009 seconds [static and dynamic dependencies]. Details - ImportResultOutputID=e82bf03cd7141bcf57fb8bec43dcea0a DependenciesID=6866a824b2bf75419808cf8250f0d52a StaticDependenciesID=bc91bdbca30ba10a0d34bfde7f9fbe7a 
Number of updated asset objects reloaded before import = 0
Number of asset objects unloaded after import = 0
========================================================================
Received Import Request.
  Time of request: 2026-08-21T02:53:36.469514Z
  Time since last request: 0.0002451 seconds.
  importAddress: GUID: f6f4af85aaf424142972405bdfd5954e - Path: Packages/com.unity.render-pipelines.universal/Runtime/Passes/PostProcess/Fsr1UpscalePostProcessPass.cs - Importer: ScriptedImporter/UnityEditor.QuickSearchModule:UnityEditor.Search:ASIAI0B
Importing 'GUID: f6f4af85aaf424142972405bdfd5954e - Path: Packages/com.unity.render-pipelines.universal/Runtime/Passes/PostProcess/Fsr1UpscalePostProcessPass.cs - Importer: ScriptedImporter/UnityEditor.QuickSearchModule:UnityEditor.Search:ASIAI0B' with importer (ScriptedImporter : UnityEditor.QuickSearchModule:UnityEditor.Search:ASIAI0B)
Imported 'GUID: f6f4af85aaf424142972405bdfd5954e' -> (Import Result ID: '21868c5e6a5cc13b38536ad56d3af30c') in 0.010 seconds [static and dynamic dependencies]. Details - ImportResultOutputID=57c345005abcc0fabc88ba878a105f92 DependenciesID=545b57ad130a9be1d7f83244c8ab0adc StaticDependenciesID=5d42b7435f16f98ab8f8722824b5465d 
Number of updated asset objects reloaded before import = 0
Number of asset objects unloaded after import = 0
========================================================================
Received Import Request.
  Time of request: 2026-08-21T02:53:36.4926983Z
  Time since last request: 0.0003536 seconds.
  importAddress: GUID: 7c68662492324997981f99fb0847793d - Path: Packages/com.unity.render-pipelines.universal/Runtime/Passes/PostProcess/LensFlareScreenSpacePostProcessPass.cs - Importer: ScriptedImporter/UnityEditor.QuickSearchModule:UnityEditor.Search:ASIAI0B
Importing 'GUID: 7c68662492324997981f99fb0847793d - Path: Packages/com.unity.render-pipelines.universal/Runtime/Passes/PostProcess/LensFlareScreenSpacePostProcessPass.cs - Importer: ScriptedImporter/UnityEditor.QuickSearchModule:UnityEditor.Search:ASIAI0B' with importer (ScriptedImporter : UnityEditor.QuickSearchModule:UnityEditor.Search:ASIAI0B)
Imported 'GUID: 7c68662492324997981f99fb0847793d' -> (Import Result ID: '111b2d9fe9fa6fa01db78643c12f75ea') in 0.004 seconds [static and dynamic dependencies]. Details - ImportResultOutputID=bb4888ed27d7716a7d5eeb71b6e531f8 DependenciesID=d923d22ca85fc27cacca14f985db5d83 StaticDependenciesID=9558177cb2f284f4494166f5ddab062d 
Number of updated asset objects reloaded before import = 0
Number of asset objects unloaded after import = 0
========================================================================
Received Import Request.
  Time of request: 2026-08-21T02:53:36.5093464Z
  Time since last request: 0.0003256 seconds.
  importAddress: GUID: 14a1338d3233f42aca614647651477ee - Path: Packages/com.unity.render-pipelines.universal/Runtime/Passes/PostProcess/DepthOfFieldGaussianPostProcessPass.cs - Importer: ScriptedImporter/UnityEditor.QuickSearchModule:UnityEditor.Search:ASIAI0B
Importing 'GUID: 14a1338d3233f42aca614647651477ee - Path: Packages/com.unity.render-pipelines.universal/Runtime/Passes/PostProcess/DepthOfFieldGaussianPostProcessPass.cs - Importer: ScriptedImporter/UnityEditor.QuickSearchModule:UnityEditor.Search:ASIAI0B' with importer (ScriptedImporter : UnityEditor.QuickSearchModule:UnityEditor.Search:ASIAI0B)
Imported 'GUID: 14a1338d3233f42aca614647651477ee' -> (Import Result ID: '102569bcecdac3877ee0eefb6832375c') in 0.005 seconds [static and dynamic dependencies]. Details - ImportResultOutputID=3e456af435fa0989b9dbae9f0de2062d DependenciesID=0329b2a0f43fcc99a44164d1a211efb6 StaticDependenciesID=33c3b609626ca05fce4b01c79e8f4599 
Number of updated asset objects reloaded before import = 0
Number of asset objects unloaded after import = 0
========================================================================
Received Import Request.
  Time of request: 2026-08-21T02:53:36.5278089Z
  Time since last request: 0.0004896 seconds.
  importAddress: GUID: aef66ab76b8cc4546855b92dfdddeb23 - Path: Packages/com.unity.render-pipelines.universal/Runtime/Passes/PostProcess/FinalPostProcessPass.cs - Importer: ScriptedImporter/UnityEditor.QuickSearchModule:UnityEditor.Search:ASIAI0B
Importing 'GUID: aef66ab76b8cc4546855b92dfdddeb23 - Path: Packages/com.unity.render-pipelines.universal/Runtime/Passes/PostProcess/FinalPostProcessPass.cs - Importer: ScriptedImporter/UnityEditor.QuickSearchModule:UnityEditor.Search:ASIAI0B' with importer (ScriptedImporter : UnityEditor.QuickSearchModule:UnityEditor.Search:ASIAI0B)
Imported 'GUID: aef66ab76b8cc4546855b92dfdddeb23' -> (Import Result ID: '1159e7a4adbf51e19165e0397f667ad7') in 0.004 seconds [static and dynamic dependencies]. Details - ImportResultOutputID=3e39a4f42b5d20db167d3189d5038115 DependenciesID=ea8a505873bfd294188ec09a8232e12b StaticDependenciesID=4a7533ce5e54f640bb67fb176396b974 
Number of updated asset objects reloaded before import = 0
Number of asset objects unloaded after import = 0
========================================================================
Received Import Request.
  Time of request: 2026-08-21T02:53:36.5427951Z
  Time since last request: 0.0002998 seconds.
  importAddress: GUID: 4083e05963a34a969d61631315469f1c - Path: Packages/com.unity.render-pipelines.universal/Runtime/Passes/PostProcess/UpscalerPostProcessPass.cs - Importer: ScriptedImporter/UnityEditor.QuickSearchModule:UnityEditor.Search:ASIAI0B
Importing 'GUID: 4083e05963a34a969d61631315469f1c - Path: Packages/com.unity.render-pipelines.universal/Runtime/Passes/PostProcess/UpscalerPostProcessPass.cs - Importer: ScriptedImporter/UnityEditor.QuickSearchModule:UnityEditor.Search:ASIAI0B' with importer (ScriptedImporter : UnityEditor.QuickSearchModule:UnityEditor.Search:ASIAI0B)
Imported 'GUID: 4083e05963a34a969d61631315469f1c' -> (Import Result ID: '244df81b466f588005ca73aae45e9c18') in 0.025 seconds [static and dynamic dependencies]. Details - ImportResultOutputID=0ab0bdfa07a562d244a4a54fb748682c DependenciesID=f4e1e7c05b941466a2a470d58745c801 StaticDependenciesID=715aad5a653a8a04deb96114861985dc 
Number of updated asset objects reloaded before import = 0
Number of asset objects unloaded after import = 0
========================================================================
Received Import Request.
  Time of request: 2026-08-21T02:53:36.5794044Z
  Time since last request: 0.0003516 seconds.
  importAddress: GUID: 3739e562a03fc0b4982d8aa66cc50865 - Path: Packages/com.unity.render-pipelines.universal/Runtime/Materials/ArnoldStandardSurface/ArnoldStandardSurface.shadergraph - Importer: ScriptedImporter/UnityEditor.QuickSearchModule:UnityEditor.Search:ASIAI0B
Importing 'GUID: 3739e562a03fc0b4982d8aa66cc50865 - Path: Packages/com.unity.render-pipelines.universal/Runtime/Materials/ArnoldStandardSurface/ArnoldStandardSurface.shadergraph - Importer: ScriptedImporter/UnityEditor.QuickSearchModule:UnityEditor.Search:ASIAI0B' with importer (ScriptedImporter : UnityEditor.QuickSearchModule:UnityEditor.Search:ASIAI0B)
Imported 'GUID: 3739e562a03fc0b4982d8aa66cc50865' -> (Import Result ID: '37136970b0ae3d3e9dd3a514670470e4') in 0.013 seconds [static and dynamic dependencies]. Details - ImportResultOutputID=c1798b9b60bdbd3213eb848184715655 DependenciesID=f6791ea04c2d53d6939745535c03fb17 StaticDependenciesID=60fdb1117d873e9628195395b1319495 
Number of updated asset objects reloaded before import = 0
Number of asset objects unloaded after import = 6
========================================================================
Received Import Request.
  Time of request: 2026-08-21T02:53:36.605688Z
  Time since last request: 0.0000449 seconds.
  importAddress: GUID: 4d4f645458af4b849672d0ccaae85173 - Path: Packages/com.unity.render-pipelines.universal/Runtime/Passes/PostProcess/BloomPostProcessPass.cs - Importer: ScriptedImporter/UnityEditor.QuickSearchModule:UnityEditor.Search:ASIAI0B
Importing 'GUID: 4d4f645458af4b849672d0ccaae85173 - Path: Packages/com.unity.render-pipelines.universal/Runtime/Passes/PostProcess/BloomPostProcessPass.cs - Importer: ScriptedImporter/UnityEditor.QuickSearchModule:UnityEditor.Search:ASIAI0B' with importer (ScriptedImporter : UnityEditor.QuickSearchModule:UnityEditor.Search:ASIAI0B)
Imported 'GUID: 4d4f645458af4b849672d0ccaae85173' -> (Import Result ID: '3af23afb48095c52a211294f74d60226') in 0.005 seconds [static and dynamic dependencies]. Details - ImportResultOutputID=1d84d6c179d87d42e3a5c72a03cd3ce0 DependenciesID=73d25cfe3913ee8c257c126b8b7700ec StaticDependenciesID=4a5b40339b39ade7d4ade6b8f71f56da 
Number of updated asset objects reloaded before import = 0
Number of asset objects unloaded after import = 0
========================================================================
Received Import Request.
  Time of request: 2026-08-21T02:53:36.6227316Z
  Time since last request: 0.0002543 seconds.
  importAddress: GUID: 8820d60aea9a4c6fa6d11ddb83d1db90 - Path: Packages/com.unity.render-pipelines.universal/Runtime/Passes/PostProcess/LensFlareDataDrivenPostProcessPass.cs - Importer: ScriptedImporter/UnityEditor.QuickSearchModule:UnityEditor.Search:ASIAI0B
Importing 'GUID: 8820d60aea9a4c6fa6d11ddb83d1db90 - Path: Packages/com.unity.render-pipelines.universal/Runtime/Passes/PostProcess/LensFlareDataDrivenPostProcessPass.cs - Importer: ScriptedImporter/UnityEditor.QuickSearchModule:UnityEditor.Search:ASIAI0B' with importer (ScriptedImporter : UnityEditor.QuickSearchModule:UnityEditor.Search:ASIAI0B)
Imported 'GUID: 8820d60aea9a4c6fa6d11ddb83d1db90' -> (Import Result ID: '101f95e8802cb94eaf550aaefc497141') in 0.004 seconds [static and dynamic dependencies]. Details - ImportResultOutputID=8bbc2f947dd05f0f344a72170af8087e DependenciesID=b997c923ab24a0ff23c98ade137919ca StaticDependenciesID=300a282d8558bc96d37aa87b5a5e21db 
Number of updated asset objects reloaded before import = 0
Number of asset objects unloaded after import = 0
========================================================================
Received Import Request.
  Time of request: 2026-08-21T02:53:36.6505754Z
  Time since last request: 0.0121117 seconds.
  importAddress: GUID: d18a24d7b4ed50f4387993566d9d3ae2 - Path: Packages/com.unity.render-pipelines.universal/Textures/BlueNoise16/L/LDR_LLL1_26.png - Importer: ScriptedImporter/UnityEditor.QuickSearchModule:UnityEditor.Search:ASIAI0B
Importing 'GUID: d18a24d7b4ed50f4387993566d9d3ae2 - Path: Packages/com.unity.render-pipelines.universal/Textures/BlueNoise16/L/LDR_LLL1_26.png - Importer: ScriptedImporter/UnityEditor.QuickSearchModule:UnityEditor.Search:ASIAI0B' with importer (ScriptedImporter : UnityEditor.QuickSearchModule:UnityEditor.Search:ASIAI0B)
Imported 'GUID: d18a24d7b4ed50f4387993566d9d3ae2' -> (Import Result ID: '8ae10158317c6f9be410670e3403fd0f') in 0.009 seconds [static and dynamic dependencies]. Details - ImportResultOutputID=ca8b3f60f1c0d039fd231867c8642440 DependenciesID=1d101a9b5f96542a395e436edd68dcbc StaticDependenciesID=b76e223a80a7b6d9c6c2e1b3432cccf1 
Number of updated asset objects reloaded before import = 0
Number of asset objects unloaded after import = 1
========================================================================
Received Import Request.
  Time of request: 2026-08-21T02:53:36.6730146Z
  Time since last request: 0.00037 seconds.
  importAddress: GUID: ed5ea7ce59ca8ec4f9f14bf470a30f35 - Path: Packages/com.unity.render-pipelines.universal/Textures/BlueNoise16/L/LDR_LLL1_8.png - Importer: ScriptedImporter/UnityEditor.QuickSearchModule:UnityEditor.Search:ASIAI0B
Importing 'GUID: ed5ea7ce59ca8ec4f9f14bf470a30f35 - Path: Packages/com.unity.render-pipelines.universal/Textures/BlueNoise16/L/LDR_LLL1_8.png - Importer: ScriptedImporter/UnityEditor.QuickSearchModule:UnityEditor.Search:ASIAI0B' with importer (ScriptedImporter : UnityEditor.QuickSearchModule:UnityEditor.Search:ASIAI0B)
Imported 'GUID: ed5ea7ce59ca8ec4f9f14bf470a30f35' -> (Import Result ID: '7a2cc1a967d07efc9b83bcc1991b580c') in 0.013 seconds [static and dynamic dependencies]. Details - ImportResultOutputID=0142396a73017dfb3cdaa402e4128625 DependenciesID=adb159103bd7c9bc005974e4c32a2b09 StaticDependenciesID=15b10c149dab4c9277325a13a5d20571 
Number of updated asset objects reloaded before import = 0
Number of asset objects unloaded after import = 1
========================================================================
Received Import Request.
  Time of request: 2026-08-21T02:53:36.6969016Z
  Time since last request: 0.0002901 seconds.
  importAddress: GUID: 4b0b97f5510f6a34681068f902b725d5 - Path: Packages/com.unity.render-pipelines.universal/Shaders/2D/Include/Lit2DCommon.hlsl - Importer: ScriptedImporter/UnityEditor.QuickSearchModule:UnityEditor.Search:ASIAI0B
Importing 'GUID: 4b0b97f5510f6a34681068f902b725d5 - Path: Packages/com.unity.render-pipelines.universal/Shaders/2D/Include/Lit2DCommon.hlsl - Importer: ScriptedImporter/UnityEditor.QuickSearchModule:UnityEditor.Search:ASIAI0B' with importer (ScriptedImporter : UnityEditor.QuickSearchModule:UnityEditor.Search:ASIAI0B)
Imported 'GUID: 4b0b97f5510f6a34681068f902b725d5' -> (Import Result ID: '7c9de30887a3a5904a2238b9fd0a07d1') in 0.007 seconds [static and dynamic dependencies]. Details - ImportResultOutputID=7e58e9a028f72a30065112629c7c803f DependenciesID=9d99f85fc7f876551014ce76cffe331b StaticDependenciesID=82b3421f2e3b6113547a9282ccd89d3c 
Number of updated asset objects reloaded before import = 0
Number of asset objects unloaded after import = 1
========================================================================
Received Import Request.
  Time of request: 2026-08-21T02:53:36.7182004Z
  Time since last request: 0.0005746 seconds.
  importAddress: GUID: fa042edbfc40fbd4bad0ab9d505b1223 - Path: Packages/com.unity.render-pipelines.universal/Textures/BlueNoise16/L/LDR_LLL1_29.png - Importer: ScriptedImporter/UnityEditor.QuickSearchModule:UnityEditor.Search:ASIAI0B
Importing 'GUID: fa042edbfc40fbd4bad0ab9d505b1223 - Path: Packages/com.unity.render-pipelines.universal/Textures/BlueNoise16/L/LDR_LLL1_29.png - Importer: ScriptedImporter/UnityEditor.QuickSearchModule:UnityEditor.Search:ASIAI0B' with importer (ScriptedImporter : UnityEditor.QuickSearchModule:UnityEditor.Search:ASIAI0B)
Imported 'GUID: fa042edbfc40fbd4bad0ab9d505b1223' -> (Import Result ID: '68e9c988513e93b2d51e1b977d6859cb') in 0.256 seconds [static and dynamic dependencies]. Details - ImportResultOutputID=d1fac96248fea050daba0b4d48e7cd52 DependenciesID=149438e992bacb58e519b47fad117c53 StaticDependenciesID=63af9052376345fedca95bca3bf39753 
Number of updated asset objects reloaded before import = 0
Number of asset objects unloaded after import = 1
========================================================================
Received Import Request.
  Time of request: 2026-08-21T02:53:36.9884939Z
  Time since last request: 0.0004852 seconds.
  importAddress: GUID: 2861459260b14a2481f8f8e7f6637d8f - Path: Packages/com.unity.render-pipelines.universal/Shaders/2D/Include/SurfaceData2D.hlsl - Importer: ScriptedImporter/UnityEditor.QuickSearchModule:UnityEditor.Search:ASIAI0B
Importing 'GUID: 2861459260b14a2481f8f8e7f6637d8f - Path: Packages/com.unity.render-pipelines.universal/Shaders/2D/Include/SurfaceData2D.hlsl - Importer: ScriptedImporter/UnityEditor.QuickSearchModule:UnityEditor.Search:ASIAI0B' with importer (ScriptedImporter : UnityEditor.QuickSearchModule:UnityEditor.Search:ASIAI0B)
Imported 'GUID: 2861459260b14a2481f8f8e7f6637d8f' -> (Import Result ID: '43066b7c9404d3fa959a0fa63bd13b4f') in 0.005 seconds [static and dynamic dependencies]. Details - ImportResultOutputID=ffca5e38b4fa673a2fa36068a85bfc4c DependenciesID=50877f09e570bcc7434111d7d99ca7c6 StaticDependenciesID=2c50e71a46bccbb02bba902e7618d76b 
Number of updated asset objects reloaded before import = 0
Number of asset objects unloaded after import = 1
========================================================================
Received Import Request.
  Time of request: 2026-08-21T02:53:37.0069827Z
  Time since last request: 0.0002894 seconds.
  importAddress: GUID: 8f5dd14b314efbe4684329d8a14bbe38 - Path: Packages/com.unity.render-pipelines.universal/Editor/2D/Resources/InspectorIcons/GlobalLight.png - Importer: ScriptedImporter/UnityEditor.QuickSearchModule:UnityEditor.Search:ASIAI0B
Importing 'GUID: 8f5dd14b314efbe4684329d8a14bbe38 - Path: Packages/com.unity.render-pipelines.universal/Editor/2D/Resources/InspectorIcons/GlobalLight.png - Importer: ScriptedImporter/UnityEditor.QuickSearchModule:UnityEditor.Search:ASIAI0B' with importer (ScriptedImporter : UnityEditor.QuickSearchModule:UnityEditor.Search:ASIAI0B)
Imported 'GUID: 8f5dd14b314efbe4684329d8a14bbe38' -> (Import Result ID: '48e33e3d4eb3aefe5e1d176a3a054ccb') in 0.011 seconds [static and dynamic dependencies]. Details - ImportResultOutputID=e2a70e2900e1d2099b9e5c0e5ecb09c3 DependenciesID=8662de7355f57314a26d1a81844b4e6d StaticDependenciesID=9216e154e593d2964fa4d5614d331874 
Number of updated asset objects reloaded before import = 0
Number of asset objects unloaded after import = 1
========================================================================
Received Import Request.
  Time of request: 2026-08-21T02:53:37.0321801Z
  Time since last request: 0.0002662 seconds.
  importAddress: GUID: d512512f4af60a442ab3458489412954 - Path: Packages/com.unity.render-pipelines.universal/Textures/BlueNoise16/L/LDR_LLL1_13.png - Importer: ScriptedImporter/UnityEditor.QuickSearchModule:UnityEditor.Search:ASIAI0B
Importing 'GUID: d512512f4af60a442ab3458489412954 - Path: Packages/com.unity.render-pipelines.universal/Textures/BlueNoise16/L/LDR_LLL1_13.png - Importer: ScriptedImporter/UnityEditor.QuickSearchModule:UnityEditor.Search:ASIAI0B' with importer (ScriptedImporter : UnityEditor.QuickSearchModule:UnityEditor.Search:ASIAI0B)
Imported 'GUID: d512512f4af60a442ab3458489412954' -> (Import Result ID: '07d08cb37909d9c03e881853ea2fa96e') in 0.008 seconds [static and dynamic dependencies]. Details - ImportResultOutputID=6b8dcea834d0a348e25cceb8ec1e35d1 DependenciesID=8f2393c292603609b0e72f8a45e9935b StaticDependenciesID=c93a8f9d768d589859bcbc3f3451c476 
Number of updated asset objects reloaded before import = 0
Number of asset objects unloaded after import = 1
========================================================================
Received Import Request.
  Time of request: 2026-08-21T02:53:37.0530124Z
  Time since last request: 0.0002818 seconds.
  importAddress: GUID: 931e5ffca47cea54783e99bf989216b5 - Path: Packages/com.unity.render-pipelines.universal/Shaders/2D/Include/LightingUtility.hlsl - Importer: ScriptedImporter/UnityEditor.QuickSearchModule:UnityEditor.Search:ASIAI0B
Importing 'GUID: 931e5ffca47cea54783e99bf989216b5 - Path: Packages/com.unity.render-pipelines.universal/Shaders/2D/Include/LightingUtility.hlsl - Importer: ScriptedImporter/UnityEditor.QuickSearchModule:UnityEditor.Search:ASIAI0B' with importer (ScriptedImporter : UnityEditor.QuickSearchModule:UnityEditor.Search:ASIAI0B)
Imported 'GUID: 931e5ffca47cea54783e99bf989216b5' -> (Import Result ID: '0a488d7f4782a164e3ce3b35091638b9') in 0.012 seconds [static and dynamic dependencies]. Details - ImportResultOutputID=2d1318bb22e3dbe3eba3c86b5f98feca DependenciesID=901f219ce17692431de7071cfb0b6971 StaticDependenciesID=dd3e00372fad5d9ea70cd7a5b426f2d5 
Number of updated asset objects reloaded before import = 0
Number of asset objects unloaded after import = 1
========================================================================
Received Import Request.
  Time of request: 2026-08-21T02:53:37.0768886Z
  Time since last request: 0.0005081 seconds.
  importAddress: GUID: c989e1ed85cf7154caa922fec53e6af6 - Path: Packages/com.unity.render-pipelines.universal/Textures/BlueNoise16/L/LDR_LLL1_27.png - Importer: ScriptedImporter/UnityEditor.QuickSearchModule:UnityEditor.Search:ASIAI0B
Importing 'GUID: c989e1ed85cf7154caa922fec53e6af6 - Path: Packages/com.unity.render-pipelines.universal/Textures/BlueNoise16/L/LDR_LLL1_27.png - Importer: ScriptedImporter/UnityEditor.QuickSearchModule:UnityEditor.Search:ASIAI0B' with importer (ScriptedImporter : UnityEditor.QuickSearchModule:UnityEditor.Search:ASIAI0B)
Imported 'GUID: c989e1ed85cf7154caa922fec53e6af6' -> (Import Result ID: 'aa78a199d5f6e40b58784e3caffab84c') in 0.299 seconds [static and dynamic dependencies]. Details - ImportResultOutputID=e87c777cb302438d77d1d6242b013fad DependenciesID=4c4319acf4fff431af1a97d6b9d34273 StaticDependenciesID=cb47aa20657330ab33a186f532a1ac76 
Number of updated asset objects reloaded before import = 0
Number of asset objects unloaded after import = 1
========================================================================
Received Import Request.
  Time of request: 2026-08-21T02:53:37.3899719Z
  Time since last request: 0.0005304 seconds.
  importAddress: GUID: c94ad916058dff743b0f1c969ddbe660 - Path: Packages/com.unity.render-pipelines.universal/Textures/BlueNoise16/L/LDR_LLL1_7.png - Importer: ScriptedImporter/UnityEditor.QuickSearchModule:UnityEditor.Search:ASIAI0B
Importing 'GUID: c94ad916058dff743b0f1c969ddbe660 - Path: Packages/com.unity.render-pipelines.universal/Textures/BlueNoise16/L/LDR_LLL1_7.png - Importer: ScriptedImporter/UnityEditor.QuickSearchModule:UnityEditor.Search:ASIAI0B' with importer (ScriptedImporter : UnityEditor.QuickSearchModule:UnityEditor.Search:ASIAI0B)
Imported 'GUID: c94ad916058dff743b0f1c969ddbe660' -> (Import Result ID: 'bc438da676aee4a61bbade46a0d0ea43') in 0.009 seconds [static and dynamic dependencies]. Details - ImportResultOutputID=16c21300b35990f5e557550a1b9eb7df DependenciesID=6019c052be2f71c67202028d9c4af5ca StaticDependenciesID=3ea612effe1a972f571521ae515bf2e6 
Number of updated asset objects reloaded before import = 0
Number of asset objects unloaded after import = 1
========================================================================
Received Import Request.
  Time of request: 2026-08-21T02:53:37.4104771Z
  Time since last request: 0.0002314 seconds.
  importAddress: GUID: fc3fa8f108657e14486697c9a84ccfc5 - Path: Packages/com.unity.render-pipelines.universal/Textures/BlueNoise16/L/LDR_LLL1_11.png - Importer: ScriptedImporter/UnityEditor.QuickSearchModule:UnityEditor.Search:ASIAI0B
Importing 'GUID: fc3fa8f108657e14486697c9a84ccfc5 - Path: Packages/com.unity.render-pipelines.universal/Textures/BlueNoise16/L/LDR_LLL1_11.png - Importer: ScriptedImporter/UnityEditor.QuickSearchModule:UnityEditor.Search:ASIAI0B' with importer (ScriptedImporter : UnityEditor.QuickSearchModule:UnityEditor.Search:ASIAI0B)
Imported 'GUID: fc3fa8f108657e14486697c9a84ccfc5' -> (Import Result ID: '66d443128c9e025e2fa9f3359161b6b0') in 0.008 seconds [static and dynamic dependencies]. Details - ImportResultOutputID=5e02cd2f9094dccc5732920ca0ac1b36 DependenciesID=227124972f6d79ecc4980eba3cc7bb98 StaticDependenciesID=5b57e10d4d03e44a24d7ed8f6027d064 
Number of updated asset objects reloaded before import = 0
Number of asset objects unloaded after import = 1
========================================================================
Received Import Request.
  Time of request: 2026-08-21T02:53:37.4299346Z
  Time since last request: 0.0002486 seconds.
  importAddress: GUID: 1c3c6d69a645b804fa232004b96b7ad3 - Path: Packages/com.unity.render-pipelines.universal/Textures/BlueNoise16/L/LDR_LLL1_25.png - Importer: ScriptedImporter/UnityEditor.QuickSearchModule:UnityEditor.Search:ASIAI0B
Importing 'GUID: 1c3c6d69a645b804fa232004b96b7ad3 - Path: Packages/com.unity.render-pipelines.universal/Textures/BlueNoise16/L/LDR_LLL1_25.png - Importer: ScriptedImporter/UnityEditor.QuickSearchModule:UnityEditor.Search:ASIAI0B' with importer (ScriptedImporter : UnityEditor.QuickSearchModule:UnityEditor.Search:ASIAI0B)
Imported 'GUID: 1c3c6d69a645b804fa232004b96b7ad3' -> (Import Result ID: '5a23509a345b54c02390f7ccac271221') in 0.010 seconds [static and dynamic dependencies]. Details - ImportResultOutputID=f8a942e2e8ddd6e6a07ce0a0ae72ecaf DependenciesID=1fe5ad424ebe80eca8b878d56e662fd0 StaticDependenciesID=3b4de4f845f0b6e3fccb97c228d8259c 
Number of updated asset objects reloaded before import = 0
Number of asset objects unloaded after import = 1
========================================================================
Received Import Request.
  Time of request: 2026-08-21T02:53:37.4492238Z
  Time since last request: 0.0002733 seconds.
  importAddress: GUID: 39451254daebd6d40b52899c1f1c0c1b - Path: Packages/com.unity.render-pipelines.universal/Textures/BlueNoise16/L/LDR_LLL1_6.png - Importer: ScriptedImporter/UnityEditor.QuickSearchModule:UnityEditor.Search:ASIAI0B
Importing 'GUID: 39451254daebd6d40b52899c1f1c0c1b - Path: Packages/com.unity.render-pipelines.universal/Textures/BlueNoise16/L/LDR_LLL1_6.png - Importer: ScriptedImporter/UnityEditor.QuickSearchModule:UnityEditor.Search:ASIAI0B' with importer (ScriptedImporter : UnityEditor.QuickSearchModule:UnityEditor.Search:ASIAI0B)
Imported 'GUID: 39451254daebd6d40b52899c1f1c0c1b' -> (Import Result ID: 'fa7cc66ff59e434afacf8ede953ea801') in 0.039 seconds [static and dynamic dependencies]. Details - ImportResultOutputID=80264046f148d673226be33bcbf5e5cb DependenciesID=033534d56e9a4b5aed88e5d44bce8416 StaticDependenciesID=e29993a26c13ed0cb79196275b040a9b 
Number of updated asset objects reloaded before import = 0
Number of asset objects unloaded after import = 1
========================================================================
Received Import Request.
  Time of request: 2026-08-21T02:53:37.5174233Z
  Time since last request: 0.0200934 seconds.
  importAddress: GUID: 39ce338156d9f6b40b4702eb2d26d40d - Path: Packages/com.unity.render-pipelines.universal/Editor/2D/ShaderGraph/Includes/SpriteNormalPass.hlsl - Importer: ScriptedImporter/UnityEditor.QuickSearchModule:UnityEditor.Search:ASIAI0B
Importing 'GUID: 39ce338156d9f6b40b4702eb2d26d40d - Path: Packages/com.unity.render-pipelines.universal/Editor/2D/ShaderGraph/Includes/SpriteNormalPass.hlsl - Importer: ScriptedImporter/UnityEditor.QuickSearchModule:UnityEditor.Search:ASIAI0B' with importer (ScriptedImporter : UnityEditor.QuickSearchModule:UnityEditor.Search:ASIAI0B)
Imported 'GUID: 39ce338156d9f6b40b4702eb2d26d40d' -> (Import Result ID: '1ea73b10c93e07ed510f2cabae22f33b') in 0.006 seconds [static and dynamic dependencies]. Details - ImportResultOutputID=a8b6b61bfd8c3eae2b74eb543779c383 DependenciesID=63014046213733ad08c6169b307a7cb4 StaticDependenciesID=8f07847d58a829fcd138bba060ebef6d 
Number of updated asset objects reloaded before import = 0
Number of asset objects unloaded after import = 1
========================================================================
Received Import Request.
  Time of request: 2026-08-21T02:53:37.5365611Z
  Time since last request: 0.0005483 seconds.
  importAddress: GUID: 00c6893353953174b8f91323c2104421 - Path: Packages/com.unity.render-pipelines.universal/Editor/Tools/Converters/AnimationClipConverter/AnimationClipUpgrader.cs - Importer: ScriptedImporter/UnityEditor.QuickSearchModule:UnityEditor.Search:ASIAI0B
Importing 'GUID: 00c6893353953174b8f91323c2104421 - Path: Packages/com.unity.render-pipelines.universal/Editor/Tools/Converters/AnimationClipConverter/AnimationClipUpgrader.cs - Importer: ScriptedImporter/UnityEditor.QuickSearchModule:UnityEditor.Search:ASIAI0B' with importer (ScriptedImporter : UnityEditor.QuickSearchModule:UnityEditor.Search:ASIAI0B)
Imported 'GUID: 00c6893353953174b8f91323c2104421' -> (Import Result ID: '18658636c161072cd8ecbafea20104a4') in 0.005 seconds [static and dynamic dependencies]. Details - ImportResultOutputID=60994238a6cd48354b240c7270f69e28 DependenciesID=4a0551636feb7fab3fa7b4a5a0307edf StaticDependenciesID=845334e1adaaa10e7fe61298287ee3ba 
Number of updated asset objects reloaded before import = 0
Number of asset objects unloaded after import = 0
========================================================================
Received Import Request.
  Time of request: 2026-08-21T02:53:37.5513544Z
  Time since last request: 0.0004076 seconds.
  importAddress: GUID: c6ab9c7256c4d6c41afda3ecc2eabe48 - Path: Packages/com.unity.render-pipelines.universal/Editor/Tools/Converters/AnimationClipConverter/AnimationClipUpgrader_Types.cs - Importer: ScriptedImporter/UnityEditor.QuickSearchModule:UnityEditor.Search:ASIAI0B
Importing 'GUID: c6ab9c7256c4d6c41afda3ecc2eabe48 - Path: Packages/com.unity.render-pipelines.universal/Editor/Tools/Converters/AnimationClipConverter/AnimationClipUpgrader_Types.cs - Importer: ScriptedImporter/UnityEditor.QuickSearchModule:UnityEditor.Search:ASIAI0B' with importer (ScriptedImporter : UnityEditor.QuickSearchModule:UnityEditor.Search:ASIAI0B)
Imported 'GUID: c6ab9c7256c4d6c41afda3ecc2eabe48' -> (Import Result ID: 'cfae073cdc800d3b45ccff938c7c6061') in 0.005 seconds [static and dynamic dependencies]. Details - ImportResultOutputID=d5b61232aa314d32123cd6417b23bceb DependenciesID=af805694981f693a23f9fb5b346de45a StaticDependenciesID=74f5b94e188c3f9cacf3af0f1f192944 
Number of updated asset objects reloaded before import = 0
Number of asset objects unloaded after import = 0
========================================================================
Received Import Request.
  Time of request: 2026-08-21T02:53:37.5675547Z
  Time since last request: 0.0006867 seconds.
  importAddress: GUID: 25a0ebb4827f3cc47a1af2c79005f65b - Path: Packages/com.unity.render-pipelines.universal/Editor/ShaderGraph/GraphTemplates/2D/1_2D Sprite Unlit.shadergraph - Importer: ScriptedImporter/UnityEditor.QuickSearchModule:UnityEditor.Search:ASIAI0B
Importing 'GUID: 25a0ebb4827f3cc47a1af2c79005f65b - Path: Packages/com.unity.render-pipelines.universal/Editor/ShaderGraph/GraphTemplates/2D/1_2D Sprite Unlit.shadergraph - Importer: ScriptedImporter/UnityEditor.QuickSearchModule:UnityEditor.Search:ASIAI0B' with importer (ScriptedImporter : UnityEditor.QuickSearchModule:UnityEditor.Search:ASIAI0B)
Imported 'GUID: 25a0ebb4827f3cc47a1af2c79005f65b' -> (Import Result ID: '75c831a978c1cce1f00d08e69d838786') in 0.011 seconds [static and dynamic dependencies]. Details - ImportResultOutputID=cdc741431a046a811a54719ee2970ccd DependenciesID=f996524c5a234f172c3a3e271431b570 StaticDependenciesID=adcbb2f2238cdbcc101b82510e9f71c0 
Number of updated asset objects reloaded before import = 0
Number of asset objects unloaded after import = 5
========================================================================
Received Import Request.
  Time of request: 2026-08-21T02:53:37.5925959Z
  Time since last request: 0.0000611 seconds.
  importAddress: GUID: 1c9e0e166435ac24eacc5a8f047aff75 - Path: Packages/com.unity.render-pipelines.universal/Editor/VFXGraph/Shaders/Templates/VFXParticleLinesHW.template - Importer: ScriptedImporter/UnityEditor.QuickSearchModule:UnityEditor.Search:ASIAI0B
Importing 'GUID: 1c9e0e166435ac24eacc5a8f047aff75 - Path: Packages/com.unity.render-pipelines.universal/Editor/VFXGraph/Shaders/Templates/VFXParticleLinesHW.template - Importer: ScriptedImporter/UnityEditor.QuickSearchModule:UnityEditor.Search:ASIAI0B' with importer (ScriptedImporter : UnityEditor.QuickSearchModule:UnityEditor.Search:ASIAI0B)
Imported 'GUID: 1c9e0e166435ac24eacc5a8f047aff75' -> (Import Result ID: '238214df773ca02e13635e2f28a491b8') in 0.009 seconds [static and dynamic dependencies]. Details - ImportResultOutputID=77f2ef141728abb7d3faf089027dcb7e DependenciesID=9d600d374ab99abded4f5e432d371ad0 StaticDependenciesID=a8839886992bc4e162ca0a405a90f18f 
Number of updated asset objects reloaded before import = 0
Number of asset objects unloaded after import = 1
========================================================================
Received Import Request.
  Time of request: 2026-08-21T02:53:37.6136404Z
  Time since last request: 0.0003895 seconds.
  importAddress: GUID: b8fd50c1927bb714b8fe5141cb40f34a - Path: Packages/com.unity.render-pipelines.universal/Editor/VFXGraph/Shaders/Templates/VFXParticleDecal.template - Importer: ScriptedImporter/UnityEditor.QuickSearchModule:UnityEditor.Search:ASIAI0B
Importing 'GUID: b8fd50c1927bb714b8fe5141cb40f34a - Path: Packages/com.unity.render-pipelines.universal/Editor/VFXGraph/Shaders/Templates/VFXParticleDecal.template - Importer: ScriptedImporter/UnityEditor.QuickSearchModule:UnityEditor.Search:ASIAI0B' with importer (ScriptedImporter : UnityEditor.QuickSearchModule:UnityEditor.Search:ASIAI0B)
Imported 'GUID: b8fd50c1927bb714b8fe5141cb40f34a' -> (Import Result ID: 'b60b41f2fc642fcc605d88f603fc0d2f') in 0.008 seconds [static and dynamic dependencies]. Details - ImportResultOutputID=fb747d14541fdd6b084adec00a6379b8 DependenciesID=34d7a233cb0929c8e6c5649e5854053f StaticDependenciesID=c3d67023342c31571264cc2ed26f3935 
Number of updated asset objects reloaded before import = 0
Number of asset objects unloaded after import = 1
========================================================================
Received Import Request.
  Time of request: 2026-08-21T02:53:37.6332287Z
  Time since last request: 0.0002814 seconds.
  importAddress: GUID: 494ba6900e1d9f34da743bb68ff82ddb - Path: Packages/com.unity.render-pipelines.universal/Editor/ShaderGraph/GraphTemplates/2D/2DSpriteLitTemplateThumbnail.png - Importer: ScriptedImporter/UnityEditor.QuickSearchModule:UnityEditor.Search:ASIAI0B
Importing 'GUID: 494ba6900e1d9f34da743bb68ff82ddb - Path: Packages/com.unity.render-pipelines.universal/Editor/ShaderGraph/GraphTemplates/2D/2DSpriteLitTemplateThumbnail.png - Importer: ScriptedImporter/UnityEditor.QuickSearchModule:UnityEditor.Search:ASIAI0B' with importer (ScriptedImporter : UnityEditor.QuickSearchModule:UnityEditor.Search:ASIAI0B)
Imported 'GUID: 494ba6900e1d9f34da743bb68ff82ddb' -> (Import Result ID: '0e066fba3b23f76d6f259a04564cf229') in 0.011 seconds [static and dynamic dependencies]. Details - ImportResultOutputID=c92d6c6802ba49a1cce0c239d1cfa3f0 DependenciesID=9ac319bd79fbb6e1dd3e9c7f24ccc91d StaticDependenciesID=324979a960d4ae75574192ed3970737f 
Number of updated asset objects reloaded before import = 0
Number of asset objects unloaded after import = 1
========================================================================
Received Import Request.
  Time of request: 2026-08-21T02:53:37.6576876Z
  Time since last request: 0.0003214 seconds.
  importAddress: GUID: 1bbf55e7974743d8babdda480740a760 - Path: Packages/com.unity.render-pipelines.universal/Editor/2D/ShaderGraph/Targets/UniversalSpriteCustomLitSubTarget.cs - Importer: ScriptedImporter/UnityEditor.QuickSearchModule:UnityEditor.Search:ASIAI0B
Importing 'GUID: 1bbf55e7974743d8babdda480740a760 - Path: Packages/com.unity.render-pipelines.universal/Editor/2D/ShaderGraph/Targets/UniversalSpriteCustomLitSubTarget.cs - Importer: ScriptedImporter/UnityEditor.QuickSearchModule:UnityEditor.Search:ASIAI0B' with importer (ScriptedImporter : UnityEditor.QuickSearchModule:UnityEditor.Search:ASIAI0B)
Imported 'GUID: 1bbf55e7974743d8babdda480740a760' -> (Import Result ID: 'deff9b50b2563a862e001976bf0c0396') in 0.007 seconds [static and dynamic dependencies]. Details - ImportResultOutputID=6fea910e9ca5b594cbb8a6a44096fa83 DependenciesID=8adba6a8fd891993eade47fff0419ea5 StaticDependenciesID=32b97dd44db6f5f020bf567596d58c45 
Number of updated asset objects reloaded before import = 0
Number of asset objects unloaded after import = 0
========================================================================
Received Import Request.
  Time of request: 2026-08-21T02:53:37.6757446Z
  Time since last request: 0.0005972 seconds.
  importAddress: GUID: e1feb27120f96ae4ea48e922cbfd93da - Path: Packages/com.unity.render-pipelines.universal/Editor/2D/Resources/SceneViewIcons/PointLight.png - Importer: ScriptedImporter/UnityEditor.QuickSearchModule:UnityEditor.Search:ASIAI0B
Importing 'GUID: e1feb27120f96ae4ea48e922cbfd93da - Path: Packages/com.unity.render-pipelines.universal/Editor/2D/Resources/SceneViewIcons/PointLight.png - Importer: ScriptedImporter/UnityEditor.QuickSearchModule:UnityEditor.Search:ASIAI0B' with importer (ScriptedImporter : UnityEditor.QuickSearchModule:UnityEditor.Search:ASIAI0B)
Imported 'GUID: e1feb27120f96ae4ea48e922cbfd93da' -> (Import Result ID: '9f5b874a1803d97f59ebea40cf2ba8a2') in 0.010 seconds [static and dynamic dependencies]. Details - ImportResultOutputID=461fbc2bbb9a25aeb226f9b07841d6fd DependenciesID=06535b22b72c76b36fabec9b5308c2dc StaticDependenciesID=6bb413310a3d36b46715a11b7e5d2de9 
Number of updated asset objects reloaded before import = 0
Number of asset objects unloaded after import = 1
========================================================================
Received Import Request.
  Time of request: 2026-08-21T02:53:37.6969173Z
  Time since last request: 0.0003005 seconds.
  importAddress: GUID: 837cbe89c0a94e149f5b494ae9c69a51 - Path: Packages/com.unity.render-pipelines.universal/Runtime/2D/Passes/Utility/LayerUtility.cs - Importer: ScriptedImporter/UnityEditor.QuickSearchModule:UnityEditor.Search:ASIAI0B
Importing 'GUID: 837cbe89c0a94e149f5b494ae9c69a51 - Path: Packages/com.unity.render-pipelines.universal/Runtime/2D/Passes/Utility/LayerUtility.cs - Importer: ScriptedImporter/UnityEditor.QuickSearchModule:UnityEditor.Search:ASIAI0B' with importer (ScriptedImporter : UnityEditor.QuickSearchModule:UnityEditor.Search:ASIAI0B)
Imported 'GUID: 837cbe89c0a94e149f5b494ae9c69a51' -> (Import Result ID: '878fec643edf5ea8268e79e88b1340e6') in 0.006 seconds [static and dynamic dependencies]. Details - ImportResultOutputID=57962ae13bccb286e8dcfd7ad2c0c7aa DependenciesID=0640d9eca61dfefe1dcdd2dca5c40cf8 StaticDependenciesID=b155323688c1330009e8b48b3ed9bd8a 
Number of updated asset objects reloaded before import = 0
Number of asset objects unloaded after import = 0
========================================================================
Received Import Request.
  Time of request: 2026-08-21T02:53:37.7159818Z
  Time since last request: 0.0005739 seconds.
  importAddress: GUID: 881ec97c8823ab046b7d532464c636f3 - Path: Packages/com.unity.render-pipelines.universal/Runtime/2D/Shadows/Providers/ShadowShape2DProvider_SpriteRenderer.cs - Importer: ScriptedImporter/UnityEditor.QuickSearchModule:UnityEditor.Search:ASIAI0B
Importing 'GUID: 881ec97c8823ab046b7d532464c636f3 - Path: Packages/com.unity.render-pipelines.universal/Runtime/2D/Shadows/Providers/ShadowShape2DProvider_SpriteRenderer.cs - Importer: ScriptedImporter/UnityEditor.QuickSearchModule:UnityEditor.Search:ASIAI0B' with importer (ScriptedImporter : UnityEditor.QuickSearchModule:UnityEditor.Search:ASIAI0B)
Imported 'GUID: 881ec97c8823ab046b7d532464c636f3' -> (Import Result ID: '42cffc715fd9b7fea7ee2f16c3c8d35e') in 0.006 seconds [static and dynamic dependencies]. Details - ImportResultOutputID=25eb35fe0321dec33626d565d4e60c68 DependenciesID=0eac3c14596119411436570a06920833 StaticDependenciesID=613cd8c7ffbde81c91854647d57b5838 
Number of updated asset objects reloaded before import = 0
Number of asset objects unloaded after import = 0
========================================================================
Received Import Request.
  Time of request: 2026-08-21T02:53:37.7346525Z
  Time since last request: 0.0003401 seconds.
  importAddress: GUID: bf2c8e09bda2786468d6b49e9f5422bb - Path: Packages/com.unity.render-pipelines.universal/Editor/VFXGraph/Shaders/Templates/VFXParticlePlanarPrimitive.template - Importer: ScriptedImporter/UnityEditor.QuickSearchModule:UnityEditor.Search:ASIAI0B
Importing 'GUID: bf2c8e09bda2786468d6b49e9f5422bb - Path: Packages/com.unity.render-pipelines.universal/Editor/VFXGraph/Shaders/Templates/VFXParticlePlanarPrimitive.template - Importer: ScriptedImporter/UnityEditor.QuickSearchModule:UnityEditor.Search:ASIAI0B' with importer (ScriptedImporter : UnityEditor.QuickSearchModule:UnityEditor.Search:ASIAI0B)
Imported 'GUID: bf2c8e09bda2786468d6b49e9f5422bb' -> (Import Result ID: '0a6bd2ec1f19df38d94cf1992361fa1a') in 0.008 seconds [static and dynamic dependencies]. Details - ImportResultOutputID=9a2296b7756de09dd2bdb9a97fa57f5f DependenciesID=0e7937fde3a6721620444aac573a60f2 StaticDependenciesID=6523de5dca1c0c9bc3daa9ab5c8a8076 
Number of updated asset objects reloaded before import = 0
Number of asset objects unloaded after import = 1
========================================================================
Received Import Request.
  Time of request: 2026-08-21T02:53:37.7567403Z
  Time since last request: 0.0005223 seconds.
  importAddress: GUID: fbffb490ff4824544a472e97ee0a6679 - Path: Packages/com.unity.render-pipelines.universal/Runtime/2D/Lights/Providers/Light2DProvider.cs - Importer: ScriptedImporter/UnityEditor.QuickSearchModule:UnityEditor.Search:ASIAI0B
Importing 'GUID: fbffb490ff4824544a472e97ee0a6679 - Path: Packages/com.unity.render-pipelines.universal/Runtime/2D/Lights/Providers/Light2DProvider.cs - Importer: ScriptedImporter/UnityEditor.QuickSearchModule:UnityEditor.Search:ASIAI0B' with importer (ScriptedImporter : UnityEditor.QuickSearchModule:UnityEditor.Search:ASIAI0B)
Imported 'GUID: fbffb490ff4824544a472e97ee0a6679' -> (Import Result ID: 'f066df28d8b78b26098bde1063b740f1') in 0.010 seconds [static and dynamic dependencies]. Details - ImportResultOutputID=92e3be85e5433592e4a158cc7d27eb0f DependenciesID=3b3f622c4a81f14e4fce4f7ce48339a0 StaticDependenciesID=8a4baddae9775ff897ddf5e6e61a93c2 
Number of updated asset objects reloaded before import = 0
Number of asset objects unloaded after import = 0
========================================================================
Received Import Request.
  Time of request: 2026-08-21T02:53:37.7803219Z
  Time since last request: 0.000518 seconds.
  importAddress: GUID: 6970aba7f3c314f4fa5d5b93188b6de3 - Path: Packages/com.unity.render-pipelines.universal/Editor/ShaderGraph/Includes/Terrain/PBRGBufferPass.hlsl - Importer: ScriptedImporter/UnityEditor.QuickSearchModule:UnityEditor.Search:ASIAI0B
Importing 'GUID: 6970aba7f3c314f4fa5d5b93188b6de3 - Path: Packages/com.unity.render-pipelines.universal/Editor/ShaderGraph/Includes/Terrain/PBRGBufferPass.hlsl - Importer: ScriptedImporter/UnityEditor.QuickSearchModule:UnityEditor.Search:ASIAI0B' with importer (ScriptedImporter : UnityEditor.QuickSearchModule:UnityEditor.Search:ASIAI0B)
Imported 'GUID: 6970aba7f3c314f4fa5d5b93188b6de3' -> (Import Result ID: 'a60808f6809eb03f3ec9862b7eb38c73') in 0.036 seconds [static and dynamic dependencies]. Details - ImportResultOutputID=309a1b61ea6559371402afd241fba25a DependenciesID=5fad025a6facc857f8607d769925e3f0 StaticDependenciesID=5aa4e3a56fdd76d9cc7c959c5adb36d5 
Number of updated asset objects reloaded before import = 0
Number of asset objects unloaded after import = 1
========================================================================
Received Import Request.
  Time of request: 2026-08-21T02:53:37.832166Z
  Time since last request: 0.0005376 seconds.
  importAddress: GUID: 1d05733e1c6394a479c53e1428a543dd - Path: Packages/com.unity.render-pipelines.universal/Editor/2D/ShaderGraph/Targets/UniversalMeshLitInfo.cs - Importer: ScriptedImporter/UnityEditor.QuickSearchModule:UnityEditor.Search:ASIAI0B
Importing 'GUID: 1d05733e1c6394a479c53e1428a543dd - Path: Packages/com.unity.render-pipelines.universal/Editor/2D/ShaderGraph/Targets/UniversalMeshLitInfo.cs - Importer: ScriptedImporter/UnityEditor.QuickSearchModule:UnityEditor.Search:ASIAI0B' with importer (ScriptedImporter : UnityEditor.QuickSearchModule:UnityEditor.Search:ASIAI0B)
Imported 'GUID: 1d05733e1c6394a479c53e1428a543dd' -> (Import Result ID: '1eedd4df8a297a46d4926e58eea68944') in 0.005 seconds [static and dynamic dependencies]. Details - ImportResultOutputID=c03c6a2cea613b72d1c1cda577472c43 DependenciesID=a3be1a5659b4fc198fdf7566c584a5b3 StaticDependenciesID=3b1b0056ff4d4eb44ecc78628cf59930 
Number of updated asset objects reloaded before import = 0
Number of asset objects unloaded after import = 0
========================================================================
Received Import Request.
  Time of request: 2026-08-21T02:53:37.8505512Z
  Time since last request: 0.0005896 seconds.
  importAddress: GUID: 8839c54710da3374f994e12f39b6d65f - Path: Packages/com.unity.render-pipelines.universal/Editor/2D/Resources/InspectorIcons/SpriteLight.png - Importer: ScriptedImporter/UnityEditor.QuickSearchModule:UnityEditor.Search:ASIAI0B
Importing 'GUID: 8839c54710da3374f994e12f39b6d65f - Path: Packages/com.unity.render-pipelines.universal/Editor/2D/Resources/InspectorIcons/SpriteLight.png - Importer: ScriptedImporter/UnityEditor.QuickSearchModule:UnityEditor.Search:ASIAI0B' with importer (ScriptedImporter : UnityEditor.QuickSearchModule:UnityEditor.Search:ASIAI0B)
Imported 'GUID: 8839c54710da3374f994e12f39b6d65f' -> (Import Result ID: '0599620dffa0f41152443a406f415c8e') in 0.010 seconds [static and dynamic dependencies]. Details - ImportResultOutputID=cb13c766080eb87ad3da0bf170700111 DependenciesID=8465600d57345cdbafa230b53c37246a StaticDependenciesID=0db9d04e58b8b998272d33fa8e02e4b1 
Number of updated asset objects reloaded before import = 0
Number of asset objects unloaded after import = 1
========================================================================
Received Import Request.
  Time of request: 2026-08-21T02:53:37.8858431Z
  Time since last request: 0.0123282 seconds.
  importAddress: GUID: aca2b17be79ab654989699ca3d36b741 - Path: Packages/com.unity.render-pipelines.universal/Runtime/2D/Shadows/Shadow Provider Utility/EdgeDictionary.cs - Importer: ScriptedImporter/UnityEditor.QuickSearchModule:UnityEditor.Search:ASIAI0B
Importing 'GUID: aca2b17be79ab654989699ca3d36b741 - Path: Packages/com.unity.render-pipelines.universal/Runtime/2D/Shadows/Shadow Provider Utility/EdgeDictionary.cs - Importer: ScriptedImporter/UnityEditor.QuickSearchModule:UnityEditor.Search:ASIAI0B' with importer (ScriptedImporter : UnityEditor.QuickSearchModule:UnityEditor.Search:ASIAI0B)
Imported 'GUID: aca2b17be79ab654989699ca3d36b741' -> (Import Result ID: 'a5336e83551f21ebe58d32637d37af67') in 0.006 seconds [static and dynamic dependencies]. Details - ImportResultOutputID=6d34b7ccdcc24f4db6603e57c59d9001 DependenciesID=3a12ba955fde8ecd0abdbb6066bdf0d6 StaticDependenciesID=b514d4337ecbdd243035a23975a8d460 
Number of updated asset objects reloaded before import = 0
Number of asset objects unloaded after import = 0
========================================================================
Received Import Request.
  Time of request: 2026-08-21T02:53:37.9040803Z
  Time since last request: 0.0006233 seconds.
  importAddress: GUID: 995fdaab737f1d14d94e74bd8aee25e4 - Path: Packages/com.unity.render-pipelines.universal/Runtime/2D/Shadows/Shadow Provider Utility/ShadowMesh2D.cs - Importer: ScriptedImporter/UnityEditor.QuickSearchModule:UnityEditor.Search:ASIAI0B
Importing 'GUID: 995fdaab737f1d14d94e74bd8aee25e4 - Path: Packages/com.unity.render-pipelines.universal/Runtime/2D/Shadows/Shadow Provider Utility/ShadowMesh2D.cs - Importer: ScriptedImporter/UnityEditor.QuickSearchModule:UnityEditor.Search:ASIAI0B' with importer (ScriptedImporter : UnityEditor.QuickSearchModule:UnityEditor.Search:ASIAI0B)
Imported 'GUID: 995fdaab737f1d14d94e74bd8aee25e4' -> (Import Result ID: 'e7c416156527cf15cd143afa865c63a6') in 0.008 seconds [static and dynamic dependencies]. Details - ImportResultOutputID=7b180c36378f38721475e1901a35307a DependenciesID=5ba346ff76194d885957b02eeff33c64 StaticDependenciesID=d08e612d3134f46f9748686bb67b8cac 
Number of updated asset objects reloaded before import = 0
Number of asset objects unloaded after import = 0
========================================================================
Received Import Request.
  Time of request: 2026-08-21T02:53:37.9270277Z
  Time since last request: 0.0008432 seconds.
  importAddress: GUID: 861a5dbe0501bf64e90daafd28655f4e - Path: Packages/com.unity.render-pipelines.universal/Runtime/2D/Shadows/Shadow Provider Utility/VertexDictionary.cs - Importer: ScriptedImporter/UnityEditor.QuickSearchModule:UnityEditor.Search:ASIAI0B
Importing 'GUID: 861a5dbe0501bf64e90daafd28655f4e - Path: Packages/com.unity.render-pipelines.universal/Runtime/2D/Shadows/Shadow Provider Utility/VertexDictionary.cs - Importer: ScriptedImporter/UnityEditor.QuickSearchModule:UnityEditor.Search:ASIAI0B' with importer (ScriptedImporter : UnityEditor.QuickSearchModule:UnityEditor.Search:ASIAI0B)
Imported 'GUID: 861a5dbe0501bf64e90daafd28655f4e' -> (Import Result ID: 'd54da7786ad1e0c5bc04fdd27b786fa3') in 0.009 seconds [static and dynamic dependencies]. Details - ImportResultOutputID=15a80aa8be98c2401c4fd59dd604c0de DependenciesID=9e4d2c16cebe765adfe173923b1e25c5 StaticDependenciesID=c03adaba915e16c4edeabf4212338b0e 
Number of updated asset objects reloaded before import = 0
Number of asset objects unloaded after import = 0
========================================================================
Received Import Request.
  Time of request: 2026-08-21T02:53:37.9542413Z
  Time since last request: 0.0055979 seconds.
  importAddress: GUID: 341677e7847d0874abedb1fc1748b2cf - Path: Packages/com.unity.render-pipelines.universal/Editor/VFXGraph/Shaders/Templates/ParticlePlanarPrimitivesLit/PassDepthNormal.template - Importer: ScriptedImporter/UnityEditor.QuickSearchModule:UnityEditor.Search:ASIAI0B
Importing 'GUID: 341677e7847d0874abedb1fc1748b2cf - Path: Packages/com.unity.render-pipelines.universal/Editor/VFXGraph/Shaders/Templates/ParticlePlanarPrimitivesLit/PassDepthNormal.template - Importer: ScriptedImporter/UnityEditor.QuickSearchModule:UnityEditor.Search:ASIAI0B' with importer (ScriptedImporter : UnityEditor.QuickSearchModule:UnityEditor.Search:ASIAI0B)
Imported 'GUID: 341677e7847d0874abedb1fc1748b2cf' -> (Import Result ID: '96f8e6716097ae3586a2c1401b337758') in 0.005 seconds [static and dynamic dependencies]. Details - ImportResultOutputID=ac0676df95ea3fe14a6ac64246591e4b DependenciesID=82a5780ee96caee689e36d2ff2ea9090 StaticDependenciesID=43197925147fb11987e0c76a47b5d7ef 
Number of updated asset objects reloaded before import = 0
Number of asset objects unloaded after import = 1
========================================================================
Received Import Request.
  Time of request: 2026-08-21T02:53:37.971159Z
  Time since last request: 0.0004976 seconds.
  importAddress: GUID: f857058956905cc46809c39c05d64706 - Path: Packages/com.unity.render-pipelines.universal/Tests/Editor/Tools/Converters/ConvertersTests.cs - Importer: ScriptedImporter/UnityEditor.QuickSearchModule:UnityEditor.Search:ASIAI0B
Importing 'GUID: f857058956905cc46809c39c05d64706 - Path: Packages/com.unity.render-pipelines.universal/Tests/Editor/Tools/Converters/ConvertersTests.cs - Importer: ScriptedImporter/UnityEditor.QuickSearchModule:UnityEditor.Search:ASIAI0B' with importer (ScriptedImporter : UnityEditor.QuickSearchModule:UnityEditor.Search:ASIAI0B)
Imported 'GUID: f857058956905cc46809c39c05d64706' -> (Import Result ID: 'b3d8fa1fea6aa2dbb460b079c71b8bef') in 0.006 seconds [static and dynamic dependencies]. Details - ImportResultOutputID=e779a6c0c03a4a5f60b155db3923b3a8 DependenciesID=23b9b82608e14dc5dc1b805a6c7b79f2 StaticDependenciesID=5c98580468a6beefe24d59d5aa76db94 
Number of updated asset objects reloaded before import = 0
Number of asset objects unloaded after import = 0
========================================================================
Received Import Request.
  Time of request: 2026-08-21T02:53:37.991332Z
  Time since last request: 0.0007763 seconds.
  importAddress: GUID: ef0ef98463379a649ba68d026c95ea4d - Path: Packages/com.unity.render-pipelines.universal/Editor/Tools/Converters/PPv2/EffectConverters/LensDistortionConverter.cs - Importer: ScriptedImporter/UnityEditor.QuickSearchModule:UnityEditor.Search:ASIAI0B
Importing 'GUID: ef0ef98463379a649ba68d026c95ea4d - Path: Packages/com.unity.render-pipelines.universal/Editor/Tools/Converters/PPv2/EffectConverters/LensDistortionConverter.cs - Importer: ScriptedImporter/UnityEditor.QuickSearchModule:UnityEditor.Search:ASIAI0B' with importer (ScriptedImporter : UnityEditor.QuickSearchModule:UnityEditor.Search:ASIAI0B)
Imported 'GUID: ef0ef98463379a649ba68d026c95ea4d' -> (Import Result ID: '9374a372d4a3faae63dcf4a84bc6ef6c') in 0.007 seconds [static and dynamic dependencies]. Details - ImportResultOutputID=97cc83aaeac0726b99dfe3c45d966b8c DependenciesID=0d7b28e1e9679a98b7bf67168bac6d18 StaticDependenciesID=930b4ae23bb5178872389b16c291c6d7 
Number of updated asset objects reloaded before import = 0
Number of asset objects unloaded after import = 0
========================================================================
Received Import Request.
  Time of request: 2026-08-21T02:53:38.0120647Z
  Time since last request: 0.0014142 seconds.
  importAddress: GUID: ef31d99f657209a468edc1f49b350cb5 - Path: Packages/com.unity.render-pipelines.universal/Editor/Tools/Converters/PPv2/EffectConverters/ChromaticAberrationConverter.cs - Importer: ScriptedImporter/UnityEditor.QuickSearchModule:UnityEditor.Search:ASIAI0B
Importing 'GUID: ef31d99f657209a468edc1f49b350cb5 - Path: Packages/com.unity.render-pipelines.universal/Editor/Tools/Converters/PPv2/EffectConverters/ChromaticAberrationConverter.cs - Importer: ScriptedImporter/UnityEditor.QuickSearchModule:UnityEditor.Search:ASIAI0B' with importer (ScriptedImporter : UnityEditor.QuickSearchModule:UnityEditor.Search:ASIAI0B)
Imported 'GUID: ef31d99f657209a468edc1f49b350cb5' -> (Import Result ID: 'fdf5e531ea6d43d7cf5c4c00949668f7') in 0.008 seconds [static and dynamic dependencies]. Details - ImportResultOutputID=526b8b990f4d80b1a71028afd237432a DependenciesID=906d3b24725383414b283df58ae1793b StaticDependenciesID=8244750693cc32e3955d80bae5073359 
Number of updated asset objects reloaded before import = 0
Number of asset objects unloaded after import = 0
========================================================================
Received Import Request.
  Time of request: 2026-08-21T02:53:38.031595Z
  Time since last request: 0.0004667 seconds.
  importAddress: GUID: 77e942a6f106f7746bec78ed934de11a - Path: Packages/com.unity.render-pipelines.universal/Editor/VFXGraph/Shaders/Templates/ParticleMeshesLit/Pass.template - Importer: ScriptedImporter/UnityEditor.QuickSearchModule:UnityEditor.Search:ASIAI0B
Importing 'GUID: 77e942a6f106f7746bec78ed934de11a - Path: Packages/com.unity.render-pipelines.universal/Editor/VFXGraph/Shaders/Templates/ParticleMeshesLit/Pass.template - Importer: ScriptedImporter/UnityEditor.QuickSearchModule:UnityEditor.Search:ASIAI0B' with importer (ScriptedImporter : UnityEditor.QuickSearchModule:UnityEditor.Search:ASIAI0B)
Imported 'GUID: 77e942a6f106f7746bec78ed934de11a' -> (Import Result ID: '8598b2810d24cdae3a623bf3a4b40369') in 0.006 seconds [static and dynamic dependencies]. Details - ImportResultOutputID=a62134e7776d72763053259142dc51dd DependenciesID=d51796e3e558523d7fcb43de27f2c46a StaticDependenciesID=2cfcf261a2a3e281c56682544329af69 
Number of updated asset objects reloaded before import = 0
Number of asset objects unloaded after import = 1
========================================================================
Received Import Request.
  Time of request: 2026-08-21T02:53:38.0514217Z
  Time since last request: 0.0004882 seconds.
  importAddress: GUID: fce1ffd6e78acfd4aa944af71b8a07d9 - Path: Packages/com.unity.render-pipelines.universal/Editor/Tools/Converters/PPv2/EffectConverters/PostProcessEffectSettingsConverter.cs - Importer: ScriptedImporter/UnityEditor.QuickSearchModule:UnityEditor.Search:ASIAI0B
Importing 'GUID: fce1ffd6e78acfd4aa944af71b8a07d9 - Path: Packages/com.unity.render-pipelines.universal/Editor/Tools/Converters/PPv2/EffectConverters/PostProcessEffectSettingsConverter.cs - Importer: ScriptedImporter/UnityEditor.QuickSearchModule:UnityEditor.Search:ASIAI0B' with importer (ScriptedImporter : UnityEditor.QuickSearchModule:UnityEditor.Search:ASIAI0B)
Imported 'GUID: fce1ffd6e78acfd4aa944af71b8a07d9' -> (Import Result ID: 'ed3a3d3202cfa46f3cf87882a9960e17') in 0.005 seconds [static and dynamic dependencies]. Details - ImportResultOutputID=bf9cb76f100ea6b2b736ab5c1f68dfb2 DependenciesID=a17db809178b7809e26f0b7b959d202c StaticDependenciesID=5b0e931f3293e61138853682c8a5b3ef 
Number of updated asset objects reloaded before import = 0
Number of asset objects unloaded after import = 0
========================================================================
Received Import Request.
  Time of request: 2026-08-21T02:53:38.0706029Z
  Time since last request: 0.0004092 seconds.
  importAddress: GUID: 01ac01709d809ff46966b98b9ec1104d - Path: Packages/com.unity.render-pipelines.universal/Editor/VFXGraph/Shaders/Templates/ParticlePlanarPrimitivesLit/PassSelection.template - Importer: ScriptedImporter/UnityEditor.QuickSearchModule:UnityEditor.Search:ASIAI0B
Importing 'GUID: 01ac01709d809ff46966b98b9ec1104d - Path: Packages/com.unity.render-pipelines.universal/Editor/VFXGraph/Shaders/Templates/ParticlePlanarPrimitivesLit/PassSelection.template - Importer: ScriptedImporter/UnityEditor.QuickSearchModule:UnityEditor.Search:ASIAI0B' with importer (ScriptedImporter : UnityEditor.QuickSearchModule:UnityEditor.Search:ASIAI0B)
Imported 'GUID: 01ac01709d809ff46966b98b9ec1104d' -> (Import Result ID: 'a6ed0bf982eea656d492ccb021884478') in 0.004 seconds [static and dynamic dependencies]. Details - ImportResultOutputID=14c56b59b08fd626941571af1269cc4b DependenciesID=6102121351565a69bd4d7e83643d0676 StaticDependenciesID=7ad13a3bcd4d195b9ad621aeaa606963 
Number of updated asset objects reloaded before import = 0
Number of asset objects unloaded after import = 1
========================================================================
Received Import Request.
  Time of request: 2026-08-21T02:53:38.0876335Z
  Time since last request: 0.0004004 seconds.
  importAddress: GUID: 60e6c40c533c7ed4fbf6a90081f0e415 - Path: Packages/com.unity.render-pipelines.universal/Editor/VFXGraph/Shaders/Templates/ParticlePlanarPrimitives/PassForward2D.template - Importer: ScriptedImporter/UnityEditor.QuickSearchModule:UnityEditor.Search:ASIAI0B
Importing 'GUID: 60e6c40c533c7ed4fbf6a90081f0e415 - Path: Packages/com.unity.render-pipelines.universal/Editor/VFXGraph/Shaders/Templates/ParticlePlanarPrimitives/PassForward2D.template - Importer: ScriptedImporter/UnityEditor.QuickSearchModule:UnityEditor.Search:ASIAI0B' with importer (ScriptedImporter : UnityEditor.QuickSearchModule:UnityEditor.Search:ASIAI0B)
Imported 'GUID: 60e6c40c533c7ed4fbf6a90081f0e415' -> (Import Result ID: 'f8858cf2ff33cefc79244fff105beaaf') in 0.004 seconds [static and dynamic dependencies]. Details - ImportResultOutputID=e0d6f8fde797cc3cd19db6a52879544a DependenciesID=6cd9421249ca27b68d918b0d4a24600a StaticDependenciesID=5af32abee22a4a4b6ea496f348180f5e 
Number of updated asset objects reloaded before import = 0
Number of asset objects unloaded after import = 1
========================================================================
Received Import Request.
  Time of request: 2026-08-21T02:53:38.1038961Z
  Time since last request: 0.0004197 seconds.
  importAddress: GUID: 909b99072e12b6248b33e572f4c04095 - Path: Packages/com.unity.render-pipelines.universal/Editor/VFXGraph/Shaders/Templates/ParticlePoints/PassForward2D.template - Importer: ScriptedImporter/UnityEditor.QuickSearchModule:UnityEditor.Search:ASIAI0B
Importing 'GUID: 909b99072e12b6248b33e572f4c04095 - Path: Packages/com.unity.render-pipelines.universal/Editor/VFXGraph/Shaders/Templates/ParticlePoints/PassForward2D.template - Importer: ScriptedImporter/UnityEditor.QuickSearchModule:UnityEditor.Search:ASIAI0B' with importer (ScriptedImporter : UnityEditor.QuickSearchModule:UnityEditor.Search:ASIAI0B)
Imported 'GUID: 909b99072e12b6248b33e572f4c04095' -> (Import Result ID: 'd3459a7624a3853009e1969405adaf6e') in 0.005 seconds [static and dynamic dependencies]. Details - ImportResultOutputID=495d0c4ae6275a9d048dfa64a5b4fc74 DependenciesID=6e4286219c98e3ae1ae1e194535a53b1 StaticDependenciesID=64b6fc5e69455a9db6225db656c167fc 
Number of updated asset objects reloaded before import = 0
Number of asset objects unloaded after import = 1
========================================================================
Received Import Request.
  Time of request: 2026-08-21T02:53:38.1229716Z
  Time since last request: 0.0002942 seconds.
  importAddress: GUID: b1a0121f4ab34ed9a0480537b0f8e6f5 - Path: Packages/com.unity.render-pipelines.universal/Editor/VFXGraph/Shaders/Templates/URPDecal/PassDBuffer.template - Importer: ScriptedImporter/UnityEditor.QuickSearchModule:UnityEditor.Search:ASIAI0B
Importing 'GUID: b1a0121f4ab34ed9a0480537b0f8e6f5 - Path: Packages/com.unity.render-pipelines.universal/Editor/VFXGraph/Shaders/Templates/URPDecal/PassDBuffer.template - Importer: ScriptedImporter/UnityEditor.QuickSearchModule:UnityEditor.Search:ASIAI0B' with importer (ScriptedImporter : UnityEditor.QuickSearchModule:UnityEditor.Search:ASIAI0B)
Imported 'GUID: b1a0121f4ab34ed9a0480537b0f8e6f5' -> (Import Result ID: 'ad78cc0845264cbbadfbfaa9578e842b') in 0.008 seconds [static and dynamic dependencies]. Details - ImportResultOutputID=8b592be16d3f3b6bf416ee820fe2274e DependenciesID=0a5896b63655a85a4e4cf00ec5df6706 StaticDependenciesID=ccd66d6fdc0fbdbf889e06db82c51d9a 
Number of updated asset objects reloaded before import = 0
Number of asset objects unloaded after import = 1
========================================================================
Received Import Request.
  Time of request: 2026-08-21T02:53:38.1565089Z
  Time since last request: 0.0121 seconds.
  importAddress: GUID: d0b6740fd5e2466d9ea3b021a53d4211 - Path: Packages/com.unity.2d.tilemap.extras/Editor/AssemblyInfo.cs - Importer: ScriptedImporter/UnityEditor.QuickSearchModule:UnityEditor.Search:ASIAI0B
Importing 'GUID: d0b6740fd5e2466d9ea3b021a53d4211 - Path: Packages/com.unity.2d.tilemap.extras/Editor/AssemblyInfo.cs - Importer: ScriptedImporter/UnityEditor.QuickSearchModule:UnityEditor.Search:ASIAI0B' with importer (ScriptedImporter : UnityEditor.QuickSearchModule:UnityEditor.Search:ASIAI0B)
Imported 'GUID: d0b6740fd5e2466d9ea3b021a53d4211' -> (Import Result ID: '71c7654f922248a422ec6b1cde42c836') in 0.006 seconds [static and dynamic dependencies]. Details - ImportResultOutputID=0144cd3970e67d779e6ae850749455f8 DependenciesID=177c5bc6ec0c7222db358592566130cf StaticDependenciesID=d883ae7e4e973a85c210e5ac8b2b8215 
Number of updated asset objects reloaded before import = 0
Number of asset objects unloaded after import = 0
========================================================================
Received Import Request.
  Time of request: 2026-08-21T02:53:38.1755878Z
  Time since last request: 0.0006164 seconds.
  importAddress: GUID: e7bb9acb2cffc5f45abddc238a0ad9b0 - Path: Packages/com.unity.2d.tilemap.extras/Runtime/GridInformation/GridInformation.cs - Importer: ScriptedImporter/UnityEditor.QuickSearchModule:UnityEditor.Search:ASIAI0B
Importing 'GUID: e7bb9acb2cffc5f45abddc238a0ad9b0 - Path: Packages/com.unity.2d.tilemap.extras/Runtime/GridInformation/GridInformation.cs - Importer: ScriptedImporter/UnityEditor.QuickSearchModule:UnityEditor.Search:ASIAI0B' with importer (ScriptedImporter : UnityEditor.QuickSearchModule:UnityEditor.Search:ASIAI0B)
Imported 'GUID: e7bb9acb2cffc5f45abddc238a0ad9b0' -> (Import Result ID: '3a0aece447cf81dfa899992de8f309f1') in 0.005 seconds [static and dynamic dependencies]. Details - ImportResultOutputID=12cb9b172cdf15b756b0de8bc87ba970 DependenciesID=2de3c1c863bfc1102d7389bf29aa3833 StaticDependenciesID=29285a86fbd9f3e7bc37c716b1b6fbf6 
Number of updated asset objects reloaded before import = 0
Number of asset objects unloaded after import = 0
========================================================================
Received Import Request.
  Time of request: 2026-08-21T02:53:38.1939461Z
  Time since last request: 0.0004885 seconds.
  importAddress: GUID: 0722f9616ea0a48e280b552e67e783a5 - Path: Packages/com.unity.render-pipelines.universal/Tests/Editor/Tools/Converters/MaterialUpgrader/StandardMaterialUpgraderTest.cs - Importer: ScriptedImporter/UnityEditor.QuickSearchModule:UnityEditor.Search:ASIAI0B
Importing 'GUID: 0722f9616ea0a48e280b552e67e783a5 - Path: Packages/com.unity.render-pipelines.universal/Tests/Editor/Tools/Converters/MaterialUpgrader/StandardMaterialUpgraderTest.cs - Importer: ScriptedImporter/UnityEditor.QuickSearchModule:UnityEditor.Search:ASIAI0B' with importer (ScriptedImporter : UnityEditor.QuickSearchModule:UnityEditor.Search:ASIAI0B)
Imported 'GUID: 0722f9616ea0a48e280b552e67e783a5' -> (Import Result ID: '078a47f6ba0dd275254d493dbe9f472a') in 0.004 seconds [static and dynamic dependencies]. Details - ImportResultOutputID=af1aa5be74eda48edca1db082638b0a1 DependenciesID=757f1b124169beb4003d0f73d56b7061 StaticDependenciesID=1ff6049057918fa0c2c9be2c39070324 
Number of updated asset objects reloaded before import = 0
Number of asset objects unloaded after import = 0
========================================================================
Received Import Request.
  Time of request: 2026-08-21T02:53:38.2123181Z
  Time since last request: 0.0004596 seconds.
  importAddress: GUID: 75b928454d106411f99eb3c22a2c2eff - Path: Packages/com.unity.2d.tilemap.extras/Editor/Brushes/GroupBrush/GroupBrush@2x.png - Importer: ScriptedImporter/UnityEditor.QuickSearchModule:UnityEditor.Search:ASIAI0B
Importing 'GUID: 75b928454d106411f99eb3c22a2c2eff - Path: Packages/com.unity.2d.tilemap.extras/Editor/Brushes/GroupBrush/GroupBrush@2x.png - Importer: ScriptedImporter/UnityEditor.QuickSearchModule:UnityEditor.Search:ASIAI0B' with importer (ScriptedImporter : UnityEditor.QuickSearchModule:UnityEditor.Search:ASIAI0B)
Imported 'GUID: 75b928454d106411f99eb3c22a2c2eff' -> (Import Result ID: '227259b8a1350fe7df158944d6c7569a') in 0.011 seconds [static and dynamic dependencies]. Details - ImportResultOutputID=7f8a9ebc15c944f7698a0fa63f7fd910 DependenciesID=413ce0e9f9321d22092eb15976d3a365 StaticDependenciesID=9f02e5249d8f338c0ed7effe665e4857 
Number of updated asset objects reloaded before import = 0
Number of asset objects unloaded after import = 3
========================================================================
Received Import Request.
  Time of request: 2026-08-21T02:53:38.2358386Z
  Time since last request: 0.000631 seconds.
  importAddress: GUID: 3533393d67b7f45f8a9ca927bdd0d47f - Path: Packages/com.unity.2d.tilemap.extras/Editor/Brushes/LineBrush/d_LineBrush.png - Importer: ScriptedImporter/UnityEditor.QuickSearchModule:UnityEditor.Search:ASIAI0B
Importing 'GUID: 3533393d67b7f45f8a9ca927bdd0d47f - Path: Packages/com.unity.2d.tilemap.extras/Editor/Brushes/LineBrush/d_LineBrush.png - Importer: ScriptedImporter/UnityEditor.QuickSearchModule:UnityEditor.Search:ASIAI0B' with importer (ScriptedImporter : UnityEditor.QuickSearchModule:UnityEditor.Search:ASIAI0B)
Imported 'GUID: 3533393d67b7f45f8a9ca927bdd0d47f' -> (Import Result ID: '1b0a6c45e82e760bf5d8dbb87a64ceab') in 0.020 seconds [static and dynamic dependencies]. Details - ImportResultOutputID=c2145c20b8e8813ac23dcf1592a9b3bf DependenciesID=67b0ee872df515345d68b32a63d89622 StaticDependenciesID=19b70ffd21cd6b83b764ba9d9ac97c11 
Number of updated asset objects reloaded before import = 0
Number of asset objects unloaded after import = 3
========================================================================
Received Import Request.
  Time of request: 2026-08-21T02:53:38.269318Z
  Time since last request: 0.0003804 seconds.
  importAddress: GUID: 8a585d635efb349edbcfc142059feb21 - Path: Packages/com.unity.2d.tilemap.extras/Editor/Brushes/GameObjectBrush/d_GameObjectBrush@4x.png - Importer: ScriptedImporter/UnityEditor.QuickSearchModule:UnityEditor.Search:ASIAI0B
Importing 'GUID: 8a585d635efb349edbcfc142059feb21 - Path: Packages/com.unity.2d.tilemap.extras/Editor/Brushes/GameObjectBrush/d_GameObjectBrush@4x.png - Importer: ScriptedImporter/UnityEditor.QuickSearchModule:UnityEditor.Search:ASIAI0B' with importer (ScriptedImporter : UnityEditor.QuickSearchModule:UnityEditor.Search:ASIAI0B)
Imported 'GUID: 8a585d635efb349edbcfc142059feb21' -> (Import Result ID: '4fe3450479189bbdcc2abfe3bf0ab89d') in 0.010 seconds [static and dynamic dependencies]. Details - ImportResultOutputID=2da31bceab52eb3c40d093d9b6a2262c DependenciesID=f7fe7ad4b6d1d1367177d6a6e3693d19 StaticDependenciesID=c643a3cede3c3eb2fd79d61bfc2ab635 
Number of updated asset objects reloaded before import = 0
Number of asset objects unloaded after import = 3
========================================================================
Received Import Request.
  Time of request: 2026-08-21T02:53:38.2924553Z
  Time since last request: 0.0003199 seconds.
  importAddress: GUID: af6919a8e471b413bb139793dde211a1 - Path: Packages/com.unity.2d.tilemap.extras/Editor/Brushes/GroupBrush/GroupBrush@4x.png - Importer: ScriptedImporter/UnityEditor.QuickSearchModule:UnityEditor.Search:ASIAI0B
Importing 'GUID: af6919a8e471b413bb139793dde211a1 - Path: Packages/com.unity.2d.tilemap.extras/Editor/Brushes/GroupBrush/GroupBrush@4x.png - Importer: ScriptedImporter/UnityEditor.QuickSearchModule:UnityEditor.Search:ASIAI0B' with importer (ScriptedImporter : UnityEditor.QuickSearchModule:UnityEditor.Search:ASIAI0B)
Imported 'GUID: af6919a8e471b413bb139793dde211a1' -> (Import Result ID: 'fbdb740ba89ae4beeb60993d663dcca3') in 0.010 seconds [static and dynamic dependencies]. Details - ImportResultOutputID=9204f3ef0e70b8341fd4365c1b9e2bd5 DependenciesID=b29ad80183762a13705089e8e9462305 StaticDependenciesID=14d12733c181d68a3d4bf909f8bf4251 
Number of updated asset objects reloaded before import = 0
Number of asset objects unloaded after import = 3
========================================================================
Received Import Request.
  Time of request: 2026-08-21T02:53:38.3133534Z
  Time since last request: 0.0002747 seconds.
  importAddress: GUID: 1a641ca7aea56f8428c8c6efc8e618cb - Path: Packages/com.unity.2d.tilemap.extras/Editor/Menu/CustomRuleTileMenu.cs - Importer: ScriptedImporter/UnityEditor.QuickSearchModule:UnityEditor.Search:ASIAI0B
Importing 'GUID: 1a641ca7aea56f8428c8c6efc8e618cb - Path: Packages/com.unity.2d.tilemap.extras/Editor/Menu/CustomRuleTileMenu.cs - Importer: ScriptedImporter/UnityEditor.QuickSearchModule:UnityEditor.Search:ASIAI0B' with importer (ScriptedImporter : UnityEditor.QuickSearchModule:UnityEditor.Search:ASIAI0B)
Imported 'GUID: 1a641ca7aea56f8428c8c6efc8e618cb' -> (Import Result ID: 'ce691ce339e7b888334cad9f21b7e236') in 0.005 seconds [static and dynamic dependencies]. Details - ImportResultOutputID=8cce95df3f2453369e608b466b0b39ef DependenciesID=e02ad2f11232fd25c088ab602ca499ac StaticDependenciesID=823624a8af4dddb99d3c670f183a5051 
Number of updated asset objects reloaded before import = 0
Number of asset objects unloaded after import = 0
========================================================================
Received Import Request.
  Time of request: 2026-08-21T02:53:38.331302Z
  Time since last request: 0.0002853 seconds.
  importAddress: GUID: 3b1f1c1705419448398bbfafa99724cc - Path: Packages/com.unity.2d.tilemap.extras/Editor/Brushes/GameObjectBrush/GameObjectBrush@2x.png - Importer: ScriptedImporter/UnityEditor.QuickSearchModule:UnityEditor.Search:ASIAI0B
Importing 'GUID: 3b1f1c1705419448398bbfafa99724cc - Path: Packages/com.unity.2d.tilemap.extras/Editor/Brushes/GameObjectBrush/GameObjectBrush@2x.png - Importer: ScriptedImporter/UnityEditor.QuickSearchModule:UnityEditor.Search:ASIAI0B' with importer (ScriptedImporter : UnityEditor.QuickSearchModule:UnityEditor.Search:ASIAI0B)
Imported 'GUID: 3b1f1c1705419448398bbfafa99724cc' -> (Import Result ID: 'cb08aa1f210a427e03bffaf44cd35443') in 0.010 seconds [static and dynamic dependencies]. Details - ImportResultOutputID=04213b691cb3b95d97f6ad0853c3c655 DependenciesID=c4adb26468fa2b0e940d1b65b5cf93b2 StaticDependenciesID=3e778c9db38b8c39271c3754d2f4cc3f 
Number of updated asset objects reloaded before import = 0
Number of asset objects unloaded after import = 3
========================================================================
Received Import Request.
  Time of request: 2026-08-21T02:53:38.3932685Z
  Time since last request: 0.0394335 seconds.
  importAddress: GUID: 4c779848d9dd029409ca676b49e10a18 - Path: Packages/com.unity.2d.tilemap.extras/Runtime/Tiles/RuleOverrideTile/RuleOverrideTile.cs - Importer: ScriptedImporter/UnityEditor.QuickSearchModule:UnityEditor.Search:ASIAI0B
Importing 'GUID: 4c779848d9dd029409ca676b49e10a18 - Path: Packages/com.unity.2d.tilemap.extras/Runtime/Tiles/RuleOverrideTile/RuleOverrideTile.cs - Importer: ScriptedImporter/UnityEditor.QuickSearchModule:UnityEditor.Search:ASIAI0B' with importer (ScriptedImporter : UnityEditor.QuickSearchModule:UnityEditor.Search:ASIAI0B)
Imported 'GUID: 4c779848d9dd029409ca676b49e10a18' -> (Import Result ID: 'ee60864f276122e0ac9e215439ddd41a') in 0.014 seconds [static and dynamic dependencies]. Details - ImportResultOutputID=87fa5481a3b97646a950ff63a1275d6c DependenciesID=139691ba5bd0cfabdd930d0482ee4fb4 StaticDependenciesID=dd7dbc7b5cd6b70e3175f3e1e3727169 
Number of updated asset objects reloaded before import = 0
Number of asset objects unloaded after import = 0
========================================================================
Received Import Request.
  Time of request: 2026-08-21T02:53:38.427069Z
  Time since last request: 0.0005947 seconds.
  importAddress: GUID: 4a8c9a26423648b7886216545f1a319e - Path: Packages/com.unity.2d.tilemap.extras/Editor/Tiles/AutoTile/UI/AutoTileTextureImporterElement.cs - Importer: ScriptedImporter/UnityEditor.QuickSearchModule:UnityEditor.Search:ASIAI0B
Importing 'GUID: 4a8c9a26423648b7886216545f1a319e - Path: Packages/com.unity.2d.tilemap.extras/Editor/Tiles/AutoTile/UI/AutoTileTextureImporterElement.cs - Importer: ScriptedImporter/UnityEditor.QuickSearchModule:UnityEditor.Search:ASIAI0B' with importer (ScriptedImporter : UnityEditor.QuickSearchModule:UnityEditor.Search:ASIAI0B)
Imported 'GUID: 4a8c9a26423648b7886216545f1a319e' -> (Import Result ID: '37b0754743806ca124f22aaa726bb923') in 0.006 seconds [static and dynamic dependencies]. Details - ImportResultOutputID=435a6db2c8a3815d4184f979f81b95a3 DependenciesID=10755f13dce8e43936bc4e76da08acea StaticDependenciesID=3607b0dd1a847680e902c8c60fd4e97b 
Number of updated asset objects reloaded before import = 0
Number of asset objects unloaded after import = 0
========================================================================
Received Import Request.
  Time of request: 2026-08-21T02:53:38.448592Z
  Time since last request: 0.0005792 seconds.
  importAddress: GUID: b030b7e8a4c531241b496403efc884ab - Path: Packages/com.unity.test-framework.performance/package.json - Importer: ScriptedImporter/UnityEditor.QuickSearchModule:UnityEditor.Search:ASIAI0B
Importing 'GUID: b030b7e8a4c531241b496403efc884ab - Path: Packages/com.unity.test-framework.performance/package.json - Importer: ScriptedImporter/UnityEditor.QuickSearchModule:UnityEditor.Search:ASIAI0B' with importer (ScriptedImporter : UnityEditor.QuickSearchModule:UnityEditor.Search:ASIAI0B)
Imported 'GUID: b030b7e8a4c531241b496403efc884ab' -> (Import Result ID: 'd932200aa2f7fa9b73c61b08b0e788e9') in 0.047 seconds [static and dynamic dependencies]. Details - ImportResultOutputID=a982e0d887bcc66fd89ca51606b8ce3a DependenciesID=24d51cd6384652f29db652b01c0b7f41 StaticDependenciesID=e0cc8d4c29fabc08c414a8fed1435fff 
Number of updated asset objects reloaded before import = 0
Number of asset objects unloaded after import = 1
========================================================================
Received Import Request.
  Time of request: 2026-08-21T02:53:38.5117304Z
  Time since last request: 0.0005074 seconds.
  importAddress: GUID: a573a189e85fcd243a32fa6ac742ca44 - Path: Packages/com.unity.2d.tilemap.extras/Editor/Tiles/HexagonalRuleTile/HexagonalRuleTileEditor.cs - Importer: ScriptedImporter/UnityEditor.QuickSearchModule:UnityEditor.Search:ASIAI0B
Importing 'GUID: a573a189e85fcd243a32fa6ac742ca44 - Path: Packages/com.unity.2d.tilemap.extras/Editor/Tiles/HexagonalRuleTile/HexagonalRuleTileEditor.cs - Importer: ScriptedImporter/UnityEditor.QuickSearchModule:UnityEditor.Search:ASIAI0B' with importer (ScriptedImporter : UnityEditor.QuickSearchModule:UnityEditor.Search:ASIAI0B)
Imported 'GUID: a573a189e85fcd243a32fa6ac742ca44' -> (Import Result ID: 'c7daea17b48eeeef4b24b5c0e3d5e8ad') in 0.270 seconds [static and dynamic dependencies]. Details - ImportResultOutputID=e5de0c456dfe006b233a27504267c90a DependenciesID=9a5ccac6ec574021f6605756e276d0e4 StaticDependenciesID=e806d84f182bedb0408bfb2376d97ba0 
Number of updated asset objects reloaded before import = 0
Number of asset objects unloaded after import = 0
========================================================================
Received Import Request.
  Time of request: 2026-08-21T02:53:38.796902Z
  Time since last request: 0.0003611 seconds.
  importAddress: GUID: 56f61a79c270140abaf437ddccf9e4ca - Path: Packages/com.unity.2d.tilemap.extras/Editor/Brushes/RandomBrush/d_RandomBrush@4x.png - Importer: ScriptedImporter/UnityEditor.QuickSearchModule:UnityEditor.Search:ASIAI0B
Importing 'GUID: 56f61a79c270140abaf437ddccf9e4ca - Path: Packages/com.unity.2d.tilemap.extras/Editor/Brushes/RandomBrush/d_RandomBrush@4x.png - Importer: ScriptedImporter/UnityEditor.QuickSearchModule:UnityEditor.Search:ASIAI0B' with importer (ScriptedImporter : UnityEditor.QuickSearchModule:UnityEditor.Search:ASIAI0B)
Imported 'GUID: 56f61a79c270140abaf437ddccf9e4ca' -> (Import Result ID: 'ee97a595f40acac906f7d61d503c684e') in 0.013 seconds [static and dynamic dependencies]. Details - ImportResultOutputID=b5a629c64bdb7f47d28f3a7b44d51fa3 DependenciesID=254bd3085735ad8c6a3cbacc04ec60ee StaticDependenciesID=3f8621af863557196cf780fc1e8fa6dd 
Number of updated asset objects reloaded before import = 0
Number of asset objects unloaded after import = 3
========================================================================
Received Import Request.
  Time of request: 2026-08-21T02:53:38.8232919Z
  Time since last request: 0.000836 seconds.
  importAddress: GUID: 0fe20938402424ba6bc9ee476ff7514e - Path: Packages/com.unity.2d.tilemap.extras/Editor/Brushes/LineBrush/d_LineBrush@4x.png - Importer: ScriptedImporter/UnityEditor.QuickSearchModule:UnityEditor.Search:ASIAI0B
Importing 'GUID: 0fe20938402424ba6bc9ee476ff7514e - Path: Packages/com.unity.2d.tilemap.extras/Editor/Brushes/LineBrush/d_LineBrush@4x.png - Importer: ScriptedImporter/UnityEditor.QuickSearchModule:UnityEditor.Search:ASIAI0B' with importer (ScriptedImporter : UnityEditor.QuickSearchModule:UnityEditor.Search:ASIAI0B)
Imported 'GUID: 0fe20938402424ba6bc9ee476ff7514e' -> (Import Result ID: 'df3872b5ad2a04b34a5a372564194a4a') in 0.010 seconds [static and dynamic dependencies]. Details - ImportResultOutputID=ddf564b94d5693f457fb934faf6b3cf2 DependenciesID=bd29b1a25718ddc3c3fefaeac453b076 StaticDependenciesID=fe170670960fbb69a412a0de562efb43 
Number of updated asset objects reloaded before import = 0
Number of asset objects unloaded after import = 3
========================================================================
Received Import Request.
  Time of request: 2026-08-21T02:53:38.8481034Z
  Time since last request: 0.0004083 seconds.
  importAddress: GUID: 9d1514134bc4fbd41bb739b1b9a49231 - Path: Packages/com.unity.2d.tilemap.extras/Runtime/Tiles/RuleTile/RuleTile.cs - Importer: ScriptedImporter/UnityEditor.QuickSearchModule:UnityEditor.Search:ASIAI0B
Importing 'GUID: 9d1514134bc4fbd41bb739b1b9a49231 - Path: Packages/com.unity.2d.tilemap.extras/Runtime/Tiles/RuleTile/RuleTile.cs - Importer: ScriptedImporter/UnityEditor.QuickSearchModule:UnityEditor.Search:ASIAI0B' with importer (ScriptedImporter : UnityEditor.QuickSearchModule:UnityEditor.Search:ASIAI0B)
Imported 'GUID: 9d1514134bc4fbd41bb739b1b9a49231' -> (Import Result ID: '3ef2f2a1ae8090d63c1cbbf83ad3542b') in 0.006 seconds [static and dynamic dependencies]. Details - ImportResultOutputID=728bbc90582721ff61266153f0c4c871 DependenciesID=73e22dd75105bfcc59075bcaa79b5488 StaticDependenciesID=bb97b233c66b05ec9b66bc17322fe4d8 
Number of updated asset objects reloaded before import = 0
Number of asset objects unloaded after import = 0
========================================================================
Received Import Request.
  Time of request: 2026-08-21T02:53:38.8681313Z
  Time since last request: 0.0004675 seconds.
  importAddress: GUID: 9c8887056eaaa7e4888ca0131e2892da - Path: Packages/com.unity.test-framework.performance/LICENSE.md - Importer: ScriptedImporter/UnityEditor.QuickSearchModule:UnityEditor.Search:ASIAI0B
Importing 'GUID: 9c8887056eaaa7e4888ca0131e2892da - Path: Packages/com.unity.test-framework.performance/LICENSE.md - Importer: ScriptedImporter/UnityEditor.QuickSearchModule:UnityEditor.Search:ASIAI0B' with importer (ScriptedImporter : UnityEditor.QuickSearchModule:UnityEditor.Search:ASIAI0B)
Imported 'GUID: 9c8887056eaaa7e4888ca0131e2892da' -> (Import Result ID: 'c1bb954044f07ee6f56c2e39ccd9c6d2') in 0.007 seconds [static and dynamic dependencies]. Details - ImportResultOutputID=dcba536b7f936f2e82a4844638c93dbc DependenciesID=b1959c6cacd58dc8f779672607118bed StaticDependenciesID=3ca92db7db7d3875b0a706dd8c306ca2 
Number of updated asset objects reloaded before import = 0
Number of asset objects unloaded after import = 1
========================================================================
Received Import Request.
  Time of request: 2026-08-21T02:53:38.8899709Z
  Time since last request: 0.0006363 seconds.
  importAddress: GUID: f42a3190e3d947b58cebb766e628aa36 - Path: Packages/com.unity.2d.tilemap.extras/Editor/Tiles/AutoTile/AutoTileEditor.cs - Importer: ScriptedImporter/UnityEditor.QuickSearchModule:UnityEditor.Search:ASIAI0B
Importing 'GUID: f42a3190e3d947b58cebb766e628aa36 - Path: Packages/com.unity.2d.tilemap.extras/Editor/Tiles/AutoTile/AutoTileEditor.cs - Importer: ScriptedImporter/UnityEditor.QuickSearchModule:UnityEditor.Search:ASIAI0B' with importer (ScriptedImporter : UnityEditor.QuickSearchModule:UnityEditor.Search:ASIAI0B)
Imported 'GUID: f42a3190e3d947b58cebb766e628aa36' -> (Import Result ID: '18db0fb08c9bd980946e3759a18eaf11') in 0.007 seconds [static and dynamic dependencies]. Details - ImportResultOutputID=2786e33250b0ec7cfab7938e6d3008ac DependenciesID=d6371d90c263e2fb65db872b1d1260ad StaticDependenciesID=539b6a7d689698786ef7b813e31ea754 
Number of updated asset objects reloaded before import = 0
Number of asset objects unloaded after import = 0
========================================================================
Received Import Request.
  Time of request: 2026-08-21T02:53:38.9099455Z
  Time since last request: 0.0004483 seconds.
  importAddress: GUID: bd604afe90023492586ef97592e54ba4 - Path: Packages/com.unity.2d.tilemap.extras/Editor/Tiles/RuleOverrideTile/AdvancedRuleOverrideTileEditor.cs - Importer: ScriptedImporter/UnityEditor.QuickSearchModule:UnityEditor.Search:ASIAI0B
Importing 'GUID: bd604afe90023492586ef97592e54ba4 - Path: Packages/com.unity.2d.tilemap.extras/Editor/Tiles/RuleOverrideTile/AdvancedRuleOverrideTileEditor.cs - Importer: ScriptedImporter/UnityEditor.QuickSearchModule:UnityEditor.Search:ASIAI0B' with importer (ScriptedImporter : UnityEditor.QuickSearchModule:UnityEditor.Search:ASIAI0B)
Imported 'GUID: bd604afe90023492586ef97592e54ba4' -> (Import Result ID: 'a3b6257bc0cb4da9232b5aa126b33420') in 0.005 seconds [static and dynamic dependencies]. Details - ImportResultOutputID=f1581b31a1f939a3a98debe75dc92828 DependenciesID=99d7328281c63376ac3dbf2b5b13af70 StaticDependenciesID=b3bb1bc16f0e896dfb7574cb512d06c8 
Number of updated asset objects reloaded before import = 0
Number of asset objects unloaded after import = 0
========================================================================
Received Import Request.
  Time of request: 2026-08-21T02:53:38.9288338Z
  Time since last request: 0.0005189 seconds.
  importAddress: GUID: e23a1a81aa45485a90af802e6a1db07e - Path: Packages/com.unity.2d.tilemap.extras/Editor/Tiles/AutoTile/UI/AutoTileTextureSource.cs - Importer: ScriptedImporter/UnityEditor.QuickSearchModule:UnityEditor.Search:ASIAI0B
Importing 'GUID: e23a1a81aa45485a90af802e6a1db07e - Path: Packages/com.unity.2d.tilemap.extras/Editor/Tiles/AutoTile/UI/AutoTileTextureSource.cs - Importer: ScriptedImporter/UnityEditor.QuickSearchModule:UnityEditor.Search:ASIAI0B' with importer (ScriptedImporter : UnityEditor.QuickSearchModule:UnityEditor.Search:ASIAI0B)
Imported 'GUID: e23a1a81aa45485a90af802e6a1db07e' -> (Import Result ID: '97bcb1d20ab67a4246e97c086867b477') in 0.006 seconds [static and dynamic dependencies]. Details - ImportResultOutputID=00eb1551bc7b267dc6b26afdecde20d2 DependenciesID=dd63a356ce943a578e909e825c4e73b5 StaticDependenciesID=1089ce0552ffb49cb3c868958ec5f9fd 
Number of updated asset objects reloaded before import = 0
Number of asset objects unloaded after import = 0
========================================================================
Received Import Request.
  Time of request: 2026-08-21T02:53:38.9480613Z
  Time since last request: 0.0003875 seconds.
  importAddress: GUID: 74b623af9240418ea3e37d96866aec48 - Path: Packages/com.unity.2d.tilemap.extras/Editor/Tiles/AutoTile/AutoTileTemplateUtility.cs - Importer: ScriptedImporter/UnityEditor.QuickSearchModule:UnityEditor.Search:ASIAI0B
Importing 'GUID: 74b623af9240418ea3e37d96866aec48 - Path: Packages/com.unity.2d.tilemap.extras/Editor/Tiles/AutoTile/AutoTileTemplateUtility.cs - Importer: ScriptedImporter/UnityEditor.QuickSearchModule:UnityEditor.Search:ASIAI0B' with importer (ScriptedImporter : UnityEditor.QuickSearchModule:UnityEditor.Search:ASIAI0B)
Imported 'GUID: 74b623af9240418ea3e37d96866aec48' -> (Import Result ID: 'a52d7504ccfcc884cb68ed71bd75c3c3') in 0.004 seconds [static and dynamic dependencies]. Details - ImportResultOutputID=e994b1165235366a8379b126531d0c76 DependenciesID=f7c4883454d18d13bdf35f3c9db79516 StaticDependenciesID=b20e928b24d0bac85c7f1bbb4155e365 
Number of updated asset objects reloaded before import = 0
Number of asset objects unloaded after import = 0
========================================================================
Received Import Request.
  Time of request: 2026-08-21T02:53:38.989139Z
  Time since last request: 0.0249 seconds.
  importAddress: GUID: 7dd61a6c0836b0145836c05f91470e99 - Path: Packages/com.unity.test-framework.performance/Runtime/Utils.cs - Importer: ScriptedImporter/UnityEditor.QuickSearchModule:UnityEditor.Search:ASIAI0B
Importing 'GUID: 7dd61a6c0836b0145836c05f91470e99 - Path: Packages/com.unity.test-framework.performance/Runtime/Utils.cs - Importer: ScriptedImporter/UnityEditor.QuickSearchModule:UnityEditor.Search:ASIAI0B' with importer (ScriptedImporter : UnityEditor.QuickSearchModule:UnityEditor.Search:ASIAI0B)
Imported 'GUID: 7dd61a6c0836b0145836c05f91470e99' -> (Import Result ID: '07ba403d08f4b08bfa88833401255c85') in 0.006 seconds [static and dynamic dependencies]. Details - ImportResultOutputID=2081f991262dfdb2467509eebdd9ffc6 DependenciesID=297475d4d832e1d42f3f256e4d330a09 StaticDependenciesID=220fb5f036050ab27324a6bed740c0f6 
Number of updated asset objects reloaded before import = 0
Number of asset objects unloaded after import = 0
========================================================================
Received Import Request.
  Time of request: 2026-08-21T02:53:39.0084925Z
  Time since last request: 0.0007152 seconds.
  importAddress: GUID: f7250ae0d09b4f228bb132e8f30d3f6e - Path: Packages/com.unity.test-framework.performance/Runtime/Measurements/ScopeMeasurement.cs - Importer: ScriptedImporter/UnityEditor.QuickSearchModule:UnityEditor.Search:ASIAI0B
Importing 'GUID: f7250ae0d09b4f228bb132e8f30d3f6e - Path: Packages/com.unity.test-framework.performance/Runtime/Measurements/ScopeMeasurement.cs - Importer: ScriptedImporter/UnityEditor.QuickSearchModule:UnityEditor.Search:ASIAI0B' with importer (ScriptedImporter : UnityEditor.QuickSearchModule:UnityEditor.Search:ASIAI0B)
Imported 'GUID: f7250ae0d09b4f228bb132e8f30d3f6e' -> (Import Result ID: 'dd2420931b51590a4086095d8419e3dc') in 0.005 seconds [static and dynamic dependencies]. Details - ImportResultOutputID=d19aedf6b48a7b0dccdd793dea49e6a4 DependenciesID=b5eff9ce98d669d4f6ceb0b32a2c87c6 StaticDependenciesID=acce9e702fb59c2815e9b04fb90c752f 
Number of updated asset objects reloaded before import = 0
Number of asset objects unloaded after import = 0
========================================================================
Received Import Request.
  Time of request: 2026-08-21T02:53:39.0269844Z
  Time since last request: 0.0002918 seconds.
  importAddress: GUID: ac464bc14bd17cc4ca2e8f909ca4f061 - Path: Packages/com.unity.test-framework.performance/Runtime/AssemblyInfo.cs - Importer: ScriptedImporter/UnityEditor.QuickSearchModule:UnityEditor.Search:ASIAI0B
Importing 'GUID: ac464bc14bd17cc4ca2e8f909ca4f061 - Path: Packages/com.unity.test-framework.performance/Runtime/AssemblyInfo.cs - Importer: ScriptedImporter/UnityEditor.QuickSearchModule:UnityEditor.Search:ASIAI0B' with importer (ScriptedImporter : UnityEditor.QuickSearchModule:UnityEditor.Search:ASIAI0B)
Imported 'GUID: ac464bc14bd17cc4ca2e8f909ca4f061' -> (Import Result ID: '78bbf976d58118dbad36fd75d5ad3193') in 0.006 seconds [static and dynamic dependencies]. Details - ImportResultOutputID=9ef8d9cdadb15ad27298b8ae602984c0 DependenciesID=d5d565f5aaf0bfbc81e82c814f9a6ae1 StaticDependenciesID=c1c8034e11f4594b74117e61b8028d4d 
Number of updated asset objects reloaded before import = 0
Number of asset objects unloaded after import = 0
========================================================================
Received Import Request.
  Time of request: 2026-08-21T02:53:39.0463044Z
  Time since last request: 0.000886 seconds.
  importAddress: GUID: 6ad2e365b2be44c3aedc5892edc0ae8d - Path: Packages/com.unity.test-framework.performance/Editor/TestResultsParser.cs - Importer: ScriptedImporter/UnityEditor.QuickSearchModule:UnityEditor.Search:ASIAI0B
Importing 'GUID: 6ad2e365b2be44c3aedc5892edc0ae8d - Path: Packages/com.unity.test-framework.performance/Editor/TestResultsParser.cs - Importer: ScriptedImporter/UnityEditor.QuickSearchModule:UnityEditor.Search:ASIAI0B' with importer (ScriptedImporter : UnityEditor.QuickSearchModule:UnityEditor.Search:ASIAI0B)
Imported 'GUID: 6ad2e365b2be44c3aedc5892edc0ae8d' -> (Import Result ID: '99655e08ebfaf571452cb219ccd6090d') in 0.006 seconds [static and dynamic dependencies]. Details - ImportResultOutputID=f338ef94553c4d12824e408af8f3ebb0 DependenciesID=dad2545782ebeb63ff3327ba79e8d9ad StaticDependenciesID=cdf121ac8dc1d6feaa0d686ef5596d3e 
Number of updated asset objects reloaded before import = 0
Number of asset objects unloaded after import = 0
========================================================================
Received Import Request.
  Time of request: 2026-08-21T02:53:39.0659996Z
  Time since last request: 0.0004048 seconds.
  importAddress: GUID: 3e68133cd13ef104088b87bbf4f00320 - Path: Packages/com.unity.test-framework.performance/Editor/TestRunBuilder.cs - Importer: ScriptedImporter/UnityEditor.QuickSearchModule:UnityEditor.Search:ASIAI0B
Importing 'GUID: 3e68133cd13ef104088b87bbf4f00320 - Path: Packages/com.unity.test-framework.performance/Editor/TestRunBuilder.cs - Importer: ScriptedImporter/UnityEditor.QuickSearchModule:UnityEditor.Search:ASIAI0B' with importer (ScriptedImporter : UnityEditor.QuickSearchModule:UnityEditor.Search:ASIAI0B)
Imported 'GUID: 3e68133cd13ef104088b87bbf4f00320' -> (Import Result ID: 'f6deeaec3f9e1a9692ed8af469e7c996') in 0.005 seconds [static and dynamic dependencies]. Details - ImportResultOutputID=f6e01806767bd079441f4e0ffa101614 DependenciesID=c08d25e852af58790d33682fdf246b12 StaticDependenciesID=fa6eb2a8b32b325870380b5e94dbe8fb 
Number of updated asset objects reloaded before import = 0
Number of asset objects unloaded after import = 0
========================================================================
Received Import Request.
  Time of request: 2026-08-21T02:53:39.0843253Z
  Time since last request: 0.0003974 seconds.
  importAddress: GUID: 4ea07ee0847c4e359272dd9b57e1cb2b - Path: Packages/com.unity.test-framework.performance/Editor/TestRunnerInitializer.cs - Importer: ScriptedImporter/UnityEditor.QuickSearchModule:UnityEditor.Search:ASIAI0B
Importing 'GUID: 4ea07ee0847c4e359272dd9b57e1cb2b - Path: Packages/com.unity.test-framework.performance/Editor/TestRunnerInitializer.cs - Importer: ScriptedImporter/UnityEditor.QuickSearchModule:UnityEditor.Search:ASIAI0B' with importer (ScriptedImporter : UnityEditor.QuickSearchModule:UnityEditor.Search:ASIAI0B)
Imported 'GUID: 4ea07ee0847c4e359272dd9b57e1cb2b' -> (Import Result ID: 'c22e74b8f28b79c50cc6ff42eabc5f26') in 0.005 seconds [static and dynamic dependencies]. Details - ImportResultOutputID=cb732a36f87865eb946e3f08808865b7 DependenciesID=56327c64779802a4ea373840f2702f77 StaticDependenciesID=31f51f55a0edadb815577e8234c177ee 
Number of updated asset objects reloaded before import = 0
Number of asset objects unloaded after import = 0
========================================================================
Received Import Request.
  Time of request: 2026-08-21T02:53:39.1033741Z
  Time since last request: 0.0004824 seconds.
  importAddress: GUID: 573489ea329e0b246a993a3c9bcd9b5c - Path: Packages/com.unity.test-framework.performance/Runtime/Measurements/MethodMeasurement.cs - Importer: ScriptedImporter/UnityEditor.QuickSearchModule:UnityEditor.Search:ASIAI0B
Importing 'GUID: 573489ea329e0b246a993a3c9bcd9b5c - Path: Packages/com.unity.test-framework.performance/Runtime/Measurements/MethodMeasurement.cs - Importer: ScriptedImporter/UnityEditor.QuickSearchModule:UnityEditor.Search:ASIAI0B' with importer (ScriptedImporter : UnityEditor.QuickSearchModule:UnityEditor.Search:ASIAI0B)
Imported 'GUID: 573489ea329e0b246a993a3c9bcd9b5c' -> (Import Result ID: '8421948048fdf7aa157f7644dbef42a0') in 0.005 seconds [static and dynamic dependencies]. Details - ImportResultOutputID=2cdde2b5f014687dd78182a8252d2b01 DependenciesID=29de55e4284ff392611816f8511af5e9 StaticDependenciesID=8b069ec1dbf8800bcca1c9bcb6a21cb4 
Number of updated asset objects reloaded before import = 0
Number of asset objects unloaded after import = 0
========================================================================
Received Import Request.
  Time of request: 2026-08-21T02:53:39.1223905Z
  Time since last request: 0.0004544 seconds.
  importAddress: GUID: 0d9f444a464203c478024791eff61732 - Path: Packages/com.unity.test-framework.performance/Runtime/Attributes/RequiredMemberAttribute.cs - Importer: ScriptedImporter/UnityEditor.QuickSearchModule:UnityEditor.Search:ASIAI0B
Importing 'GUID: 0d9f444a464203c478024791eff61732 - Path: Packages/com.unity.test-framework.performance/Runtime/Attributes/RequiredMemberAttribute.cs - Importer: ScriptedImporter/UnityEditor.QuickSearchModule:UnityEditor.Search:ASIAI0B' with importer (ScriptedImporter : UnityEditor.QuickSearchModule:UnityEditor.Search:ASIAI0B)
Imported 'GUID: 0d9f444a464203c478024791eff61732' -> (Import Result ID: '7f37a0ea7138afe99bf562c05c48a896') in 0.005 seconds [static and dynamic dependencies]. Details - ImportResultOutputID=2d402c464da4546bd1e934fc94e1d30e DependenciesID=a33e29920e95381f202a2111fd7b2f5c StaticDependenciesID=af28786c852fcc47b720f7fa3bb324db 
Number of updated asset objects reloaded before import = 0
Number of asset objects unloaded after import = 0
========================================================================
Received Import Request.
  Time of request: 2026-08-21T02:53:39.1426926Z
  Time since last request: 0.0003539 seconds.
  importAddress: GUID: 2677a59243824b90add157da8988edde - Path: Packages/com.unity.test-framework.performance/Runtime/Statistics/MeasurementsStatistics.cs - Importer: ScriptedImporter/UnityEditor.QuickSearchModule:UnityEditor.Search:ASIAI0B
Importing 'GUID: 2677a59243824b90add157da8988edde - Path: Packages/com.unity.test-framework.performance/Runtime/Statistics/MeasurementsStatistics.cs - Importer: ScriptedImporter/UnityEditor.QuickSearchModule:UnityEditor.Search:ASIAI0B' with importer (ScriptedImporter : UnityEditor.QuickSearchModule:UnityEditor.Search:ASIAI0B)
Imported 'GUID: 2677a59243824b90add157da8988edde' -> (Import Result ID: 'b25abe2148fb3dfaf0248efb447b497c') in 0.005 seconds [static and dynamic dependencies]. Details - ImportResultOutputID=fe401f976ebb3e11e1bc8ce3fe40e2de DependenciesID=5c21f8a0303affb25c0348af334d6960 StaticDependenciesID=8d8df80dab704fa9dbac5cd2ce285978 
Number of updated asset objects reloaded before import = 0
Number of asset objects unloaded after import = 0
========================================================================
Received Import Request.
  Time of request: 2026-08-21T02:53:39.1610492Z
  Time since last request: 0.0004302 seconds.
  importAddress: GUID: 4272062d6dbd273438736c85848ea974 - Path: Packages/com.unity.test-framework.performance/Editor/TestReportGraph/TestReportWindow.cs - Importer: ScriptedImporter/UnityEditor.QuickSearchModule:UnityEditor.Search:ASIAI0B
Importing 'GUID: 4272062d6dbd273438736c85848ea974 - Path: Packages/com.unity.test-framework.performance/Editor/TestReportGraph/TestReportWindow.cs - Importer: ScriptedImporter/UnityEditor.QuickSearchModule:UnityEditor.Search:ASIAI0B' with importer (ScriptedImporter : UnityEditor.QuickSearchModule:UnityEditor.Search:ASIAI0B)
Imported 'GUID: 4272062d6dbd273438736c85848ea974' -> (Import Result ID: 'a4090610e6b7827810ff6dd13bb5717a') in 0.007 seconds [static and dynamic dependencies]. Details - ImportResultOutputID=81cf2d31ae0d5e4f7aecb65539009ec0 DependenciesID=0d23685dff071f0dd2a21b0c72dcfc6d StaticDependenciesID=52f3f8d5462ec78a87bbbbf00e504dbf 
Number of updated asset objects reloaded before import = 0
Number of asset objects unloaded after import = 0
========================================================================
Received Import Request.
  Time of request: 2026-08-21T02:53:39.1814169Z
  Time since last request: 0.0003201 seconds.
  importAddress: GUID: dd6eec692697e8f4bbd715f4d546a329 - Path: Packages/com.unity.test-framework.performance/Editor/TestReportGraph/SamplePoint.cs - Importer: ScriptedImporter/UnityEditor.QuickSearchModule:UnityEditor.Search:ASIAI0B
Importing 'GUID: dd6eec692697e8f4bbd715f4d546a329 - Path: Packages/com.unity.test-framework.performance/Editor/TestReportGraph/SamplePoint.cs - Importer: ScriptedImporter/UnityEditor.QuickSearchModule:UnityEditor.Search:ASIAI0B' with importer (ScriptedImporter : UnityEditor.QuickSearchModule:UnityEditor.Search:ASIAI0B)
Imported 'GUID: dd6eec692697e8f4bbd715f4d546a329' -> (Import Result ID: '4cbf8943bb65934c69d885800c9a85e9') in 0.005 seconds [static and dynamic dependencies]. Details - ImportResultOutputID=239599560e23dbf52d37cd7579b86a34 DependenciesID=dcc3c55b94ae8c0ba1b9461cf2a9a5bd StaticDependenciesID=257938d6c5ee06716b577068caeb8b6f 
Number of updated asset objects reloaded before import = 0
Number of asset objects unloaded after import = 0
========================================================================
Received Import Request.
  Time of request: 2026-08-21T02:53:39.2010739Z
  Time since last request: 0.0006468 seconds.
  importAddress: GUID: 9f2b7554f46f00c488dabcaaf44ed09e - Path: Packages/com.unity.test-framework.performance/Runtime/Measurements/FramesMeasurement.cs - Importer: ScriptedImporter/UnityEditor.QuickSearchModule:UnityEditor.Search:ASIAI0B
Importing 'GUID: 9f2b7554f46f00c488dabcaaf44ed09e - Path: Packages/com.unity.test-framework.performance/Runtime/Measurements/FramesMeasurement.cs - Importer: ScriptedImporter/UnityEditor.QuickSearchModule:UnityEditor.Search:ASIAI0B' with importer (ScriptedImporter : UnityEditor.QuickSearchModule:UnityEditor.Search:ASIAI0B)
Imported 'GUID: 9f2b7554f46f00c488dabcaaf44ed09e' -> (Import Result ID: 'bd073227a7a4b08fd4b877073e8cc4e3') in 0.006 seconds [static and dynamic dependencies]. Details - ImportResultOutputID=2d36ccab04bcc0549ef228dfffff6994 DependenciesID=6a8cda44ed27127c50fa47330b68095f StaticDependenciesID=b48ab95b1b2a810f6b6e83295f4e197e 
Number of updated asset objects reloaded before import = 0
Number of asset objects unloaded after import = 0
========================================================================
Received Import Request.
  Time of request: 2026-08-21T02:53:39.2202468Z
  Time since last request: 0.0004487 seconds.
  importAddress: GUID: c7715b638c6f5c849a6ec12234ae264c - Path: Packages/com.unity.test-framework.performance/Editor/TestReportGraph/TestReportShader.shader - Importer: ScriptedImporter/UnityEditor.QuickSearchModule:UnityEditor.Search:ASIAI0B
Importing 'GUID: c7715b638c6f5c849a6ec12234ae264c - Path: Packages/com.unity.test-framework.performance/Editor/TestReportGraph/TestReportShader.shader - Importer: ScriptedImporter/UnityEditor.QuickSearchModule:UnityEditor.Search:ASIAI0B' with importer (ScriptedImporter : UnityEditor.QuickSearchModule:UnityEditor.Search:ASIAI0B)
Imported 'GUID: c7715b638c6f5c849a6ec12234ae264c' -> (Import Result ID: '4b6a8dc7db7e81ca621986847103f275') in 0.005 seconds [static and dynamic dependencies]. Details - ImportResultOutputID=523693b22d73ded596a8fceb4ffbc794 DependenciesID=86bded9b5c8d11c94fe4e74f74927939 StaticDependenciesID=c2f26de94a1c69b8138d37b67921e37d 
Number of updated asset objects reloaded before import = 0
Number of asset objects unloaded after import = 1
