[Licensing::Module] Trying to connect to existing licensing client channel...
Built from '6000.5/staging' branch; Version is '6000.5.10f1 (3bd4f66ad299) revision 3921142'; Using compiler version '194234433'; Build Type 'Release'
[Licensing::IpcConnector] Successfully connected to: "LicenseClient-chase" at "2026-08-31T19:10:24.6224914Z"
OS: 'Windows 11  (10.0.26200) Core' Language: 'en' Physical Memory: 32373 MB
BatchMode: 1, IsHumanControllingUs: 0, StartBugReporterOnCrash: 0, Is64bit: 1
System  architecture: x64
Process architecture: x64
Date: 2026-08-31T19:10:24Z

COMMAND LINE ARGUMENTS:
C:\Program Files\Unity\Hub\Editor\6000.5.10f1\Editor\Unity.exe
-adb2
-batchMode
-noUpm
-name
AssetImportWorkerHW1
-projectPath
C:/Users/chase/Documents/Unity/Projects/Arch.OS
-logFile
Logs/AssetImportWorkerHW1.log
-srvPort
56589
-parentPid
19980
-analyticsCloudUserId
anonymous
-analyticsCloudProjectId
b75b16e9-a135-4e0e-9f49-95d8c9ef6317
-analyticsLocalProjectId
d0df8a2589c1b984697eaa6a15a054e4
-editorAnalyticsEnabled
1
-cbmEditorLicense
497f7d8950bfecf116d24cb625c129292b19c80c
-cbmMachineId
H+suz5fJxhr0liSVwHx7FH6k0so=
-licensingIpc
LicenseClient-chase
-noDiagnosticSwitchPersistentStore
-job-worker-count
10
-background-job-worker-count
8
-asset-garbage-collectors
1
-force-d3d12
-name
AssetImport
Successfully changed project path to: C:/Users/chase/Documents/Unity/Projects/Arch.OS
C:/Users/chase/Documents/Unity/Projects/Arch.OS
[UnityMemory] Configuration Parameters - Can be set up in boot.config
    "memorysetup-temp-allocator-size-gi-baking-worker=262144"
    "memorysetup-temp-allocator-size-gi-baking-worker=262144"
    "memorysetup-temp-allocator-size-gi-baking-worker=262144"
    "memorysetup-temp-allocator-size-gi-baking-worker=262144"
    "memorysetup-temp-allocator-size-gi-baking-worker=262144"
    "memorysetup-temp-allocator-size-nav-mesh-worker=65536"
    "memorysetup-temp-allocator-size-audio-worker=65536"
    "memorysetup-temp-allocator-size-cloud-worker=32768"
    "memorysetup-temp-allocator-size-gfx=262144"
    "memorysetup-remapper-allocator-initial-capacity=32768"
    "memorysetup-temp-allocator-size-preload-manager=33554432"
    "memorysetup-allocator-temp-initial-block-size-main=262144"
    "memorysetup-allocator-temp-initial-block-size-worker=262144"
    "memorysetup-temp-allocator-size-job-worker=262144"
    "memorysetup-temp-allocator-size-background-worker=32768"
    "memorysetup-bucket-allocator-granularity=16"
    "memorysetup-bucket-allocator-bucket-count=8"
    "memorysetup-bucket-allocator-block-size=33554432"
    "memorysetup-bucket-allocator-block-count=8"
    "memorysetup-main-allocator-block-size=16777216"
    "memorysetup-thread-allocator-block-size=16777216"
    "memorysetup-main-allocator-mimalloc-enabled=0"
    "memorysetup-gfx-main-allocator-block-size=16777216"
    "memorysetup-gfx-thread-allocator-block-size=16777216"
    "memorysetup-cache-allocator-block-size=4194304"
    "memorysetup-typetree-allocator-block-size=2097152"
    "memorysetup-profiler-bucket-allocator-granularity=16"
    "memorysetup-profiler-bucket-allocator-bucket-count=8"
    "memorysetup-profiler-bucket-allocator-block-size=33554432"
    "memorysetup-profiler-bucket-allocator-block-count=8"
    "memorysetup-profiler-allocator-block-size=16777216"
    "memorysetup-profiler-editor-allocator-block-size=1048576"
    "memorysetup-temp-allocator-size-main=16777216"
    "memorysetup-job-temp-allocator-block-size=2097152"
    "memorysetup-job-temp-allocator-block-size-background=1048576"
    "memorysetup-job-temp-allocator-reduction-small-platforms=262144"
Player connection [38448]  Target information:

Player connection [38448]  * "[IP] 172.16.18.207 [Port] 0 [Flags] 2 [Guid] 2244882175 [EditorId] 2244882175 [Version] 1048832 [Id] WindowsEditor(7,Wheatley) [Debug] 1 [PackageName] WindowsEditor [ProjectName] Editor" 

Player connection [38448] Host joined multi-casting on [225.0.0.222:54997]...
Player connection [38448] Host joined alternative multi-casting on [225.0.0.222:34997]...
JobSystem: Creating JobQueue using job-worker-count value 10
Input System module state changed to: Initialized.
[Physics::Module] Initialized fallback backend.
[Physics::Module] Id: 0xdecafbad
Library Redirect Path: Library/
[Physics::Module] Selected backend.
[Physics::Module] Name: PhysX
[Physics::Module] Id: 0xf2b8ea05
[Physics::Module] SDK Version: 4.1.2
[Physics::Module] Integration Version: 1.0.0
[Physics::Module] Threading Mode: Multi-Threaded
Refreshing native plugins compatible for Editor in 3.69 ms, found 4 plugins.
Initialize engine version: 6000.5.10f1 (3bd4f66ad299)
[Subsystems] Discovering subsystems at path C:/Program Files/Unity/Hub/Editor/6000.5.10f1/Editor/Data/Resources/UnitySubsystems
[Subsystems] Discovering subsystems at path C:/Users/chase/Documents/Unity/Projects/Arch.OS/Assets
Forcing GfxDevice: Direct3D 12
GfxDevice: creating device client; kGfxThreadingModeNonThreaded
d3d12: failed to query info queue interface (0x80004002).
Direct3D:
    Version:         Direct3D 12 [level 12.2]
    Renderer:        NVIDIA GeForce RTX 4050 Laptop GPU (ID=0x28e1)
    Vendor:          NVIDIA
    VRAM:            5920 MB
    App VRAM Budget: 5152 MB
    Driver:          32.0.16.1088
Initialize mono
Mono path[0] = 'C:/Program Files/Unity/Hub/Editor/6000.5.10f1/Editor/Data/Managed'
Mono path[1] = 'C:/Program Files/Unity/Hub/Editor/6000.5.10f1/Editor/Data/BCLExtensions/runtime/netstandard2.1'
Mono path[2] = 'C:/Program Files/Unity/Hub/Editor/6000.5.10f1/Editor/Data/MonoBleedingEdge/lib/mono/unityjit-win32'
Mono config path = 'C:/Program Files/Unity/Hub/Editor/6000.5.10f1/Editor/Data/MonoBleedingEdge/etc'
Using monoOptions --debugger-agent=transport=dt_socket,embedding=1,server=y,suspend=n,address=127.0.0.1:56568
CodeReloadManager initialized
Begin MonoManager ReloadAssembly
Registering precompiled unity dll's ...
Register platform support module: C:/Program Files/Unity/Hub/Editor/6000.5.10f1/Editor/Data/PlaybackEngines/WindowsStandaloneSupport/UnityEditor.WindowsStandalone.Extensions.dll
Registered in 0.001839 seconds.
Native extension for WindowsStandalone target not found
Package Manager log level set to [2]
[Package Manager] Failed to launch server process. Reason: Unity was launched with the -noUpm command-line argument
[Package Manager] Unable to send message (not connected to server process).
[Package Manager] Cannot connect to Unity Package Manager local server
ScheduleIndexationOnStartup MainProcess:False IndexOnStartup:True
[Licensing::Client] Error: HandshakeResponse reported an error:
	ResponseCode: 505
	ResponseStatus: Unsupported protocol version '1.18.3'.
[Licensing::Module] Error: Failed to handshake to channel: "LicenseClient-chase"
[Licensing::IpcConnector] LicenseClient-chase channel disconnected successfully.
[Licensing::IpcConnector] Successfully connected to: "LicenseClient-chase-6000.5.10" at "2026-08-31T19:10:26.3093519Z"
[Licensing::Client] Code 10 while verifying Licensing Client signature (process Id: 43212, path: "C:/Program Files/Unity/Hub/Editor/6000.5.10f1/Editor/Data/Resources/Licensing/Client/Unity.Licensing.Client.exe")
[Licensing::Module] LicensingClient has failed validation; ignoring
[Licensing::Client] Handshaking with LicensingClient:
  Version:                 1.18.3+d7ffd15
  Session Id:              6325defec7ac428da8c9f5a62cd51807
  Correlation Id:          a83839180eb66283a2152c4130f934ec
  External correlation Id: 3812345927454658090
  Machine Id:              H+suz5fJxhr0liSVwHx7FH6k0so=
[Licensing::Module] Successfully connected to LicensingClient on channel: "LicenseClient-chase-6000.5.10" (connect: 0.00s, validation: 0.00s, handshake: 0.01s)
[Licensing::IpcConnector] Successfully connected to: "LicenseClient-chase-6000.5.10-notifications" at "2026-08-31T19:10:26.3180248Z"
[Licensing::Module] Licensing Background thread has ended after 1.70s
Mono: successfully reloaded assembly
- Finished resetting the current domain, in  0.449 seconds
Domain Reload Profiling: 907ms
	BeginReloadAssembly (120ms)
	RebuildCommonClasses (4ms)
	RebuildNativeTypeToScriptingClass (13ms)
	initialDomainReloadingComplete (64ms)
	LoadAllAssembliesAndSetupDomain (256ms)
		LoadAssemblies (115ms)
		AnalyzeDomain (183ms)
			TypeCache.Refresh (181ms)
				TypeCache.ScanAssembly (168ms)
	FinalizeReload (450ms)
		SetupLoadedEditorAssemblies (0ms)
			BeforeProcessingInitializeOnLoad (87ms)
			ProcessInitializeOnLoadAttributes (85ms)
			ProcessInitializeOnLoadMethodAttributes (200ms)
Initializing Unity extensions:
[Licensing::Client] Successfully resolved entitlement details
[Licensing::Module] License group:
  Id: 2476016361725-UnityPersXXXX
  Product: Unity Personal
  Type: Assigned
  Expiration: Unlimited
Curl error 3: URL rejected: Malformed input to a URL function
========================================================================
Worker process is ready to serve import requests
Import Worker Mode flag is 0x00
Begin MonoManager ReloadAssembly
Symbol file LoadedFromMemory is not a mono symbol file
Native extension for WindowsStandalone target not found
[Package Manager] Failed to launch server process. Reason: Unity was launched with the -noUpm command-line argument
[Package Manager] Unable to send message (not connected to server process).
[Package Manager] Cannot connect to Unity Package Manager local server
[Package Manager] Failed to launch server process. Reason: Unity was launched with the -noUpm command-line argument
[Package Manager] Unable to send message (not connected to server process).
[Package Manager] Cannot connect to Unity Package Manager local server
ScheduleIndexationOnStartup MainProcess:False IndexOnStartup:True
Mono: successfully reloaded assembly
- Finished resetting the current domain, in  0.654 seconds
Domain Reload Profiling: 1440ms
	BeginReloadAssembly (172ms)
		DisableScriptedObjects (11ms)
		CreateAndSetChildDomain (24ms)
	RebuildCommonClasses (7ms)
	RebuildNativeTypeToScriptingClass (12ms)
	initialDomainReloadingComplete (52ms)
	LoadAllAssembliesAndSetupDomain (542ms)
		LoadAssemblies (333ms)
		AnalyzeDomain (206ms)
			TypeCache.Refresh (146ms)
				TypeCache.ScanAssembly (131ms)
			BuildScriptInfoCaches (54ms)
			ResolveRequiredComponents (4ms)
	FinalizeReload (655ms)
		SetupLoadedEditorAssemblies (0ms)
			BeforeProcessingInitializeOnLoad (73ms)
			ProcessInitializeOnLoadAttributes (239ms)
			ProcessInitializeOnLoadMethodAttributes (109ms)
			AfterProcessingInitializeOnLoad (8ms)
		AwakeInstancesAfterBackupRestoration (7ms)
AcceleratorClientConnectionCallback - disconnected - :0
Launched and connected shader compiler UnityShaderCompiler.exe after 0.01 seconds
Unloading 22 Unused Serialized files (Serialized files now loaded: 0)
Curl error 3: URL rejected: Malformed input to a URL function
Unloading 6695 unused Assets / (5.5 MB). Loaded Objects now: 7673.
Memory consumption went from 341.3 MB to 335.8 MB.
Total: 7.923200 ms (FindLiveObjects: 0.582600 ms CreateObjectMapping: 0.540100 ms MarkObjects: 4.032300 ms  DeleteObjects: 2.766200 ms)

========================================================================
Received Prepare
AcceleratorClientConnectionCallback - disconnected - :0
Unloading 22 Unused Serialized files (Serialized files now loaded: 0)
Unloading 6681 unused Assets / (5.7 MB). Loaded Objects now: 7674.
Memory consumption went from 338.9 MB to 333.2 MB.
Total: 47.684200 ms (FindLiveObjects: 2.087800 ms CreateObjectMapping: 0.475700 ms MarkObjects: 39.416700 ms  DeleteObjects: 5.701400 ms)

Prepare: number of updated asset objects reloaded= 0
========================================================================
Received Prepare
AcceleratorClientConnectionCallback - disconnected - :0
[Licensing::Client] Successfully resolved entitlement details
Begin MonoManager ReloadAssembly
Symbol file LoadedFromMemory is not a mono symbol file
Native extension for WindowsStandalone target not found
[Package Manager] Failed to launch server process. Reason: Unity was launched with the -noUpm command-line argument
[Package Manager] Unable to send message (not connected to server process).
[Package Manager] Cannot connect to Unity Package Manager local server
[Package Manager] Failed to launch server process. Reason: Unity was launched with the -noUpm command-line argument
[Package Manager] Unable to send message (not connected to server process).
[Package Manager] Cannot connect to Unity Package Manager local server
ScheduleIndexationOnStartup MainProcess:False IndexOnStartup:True
Mono: successfully reloaded assembly
- Finished resetting the current domain, in  0.874 seconds
Domain Reload Profiling: 1989ms
	BeginReloadAssembly (347ms)
		DisableScriptedObjects (24ms)
		CreateAndSetChildDomain (89ms)
	RebuildCommonClasses (8ms)
	RebuildNativeTypeToScriptingClass (16ms)
	initialDomainReloadingComplete (79ms)
	LoadAllAssembliesAndSetupDomain (663ms)
		LoadAssemblies (473ms)
		AnalyzeDomain (192ms)
			TypeCache.Refresh (12ms)
			BuildScriptInfoCaches (170ms)
			ResolveRequiredComponents (5ms)
	FinalizeReload (875ms)
		SetupLoadedEditorAssemblies (0ms)
			BeforeProcessingInitializeOnLoad (96ms)
			ProcessInitializeOnLoadAttributes (289ms)
			ProcessInitializeOnLoadMethodAttributes (122ms)
			AfterProcessingInitializeOnLoad (7ms)
		AwakeInstancesAfterBackupRestoration (22ms)
Refreshing native plugins compatible for Editor in 2.45 ms, found 4 plugins.
Unloading 22 Unused Serialized files (Serialized files now loaded: 0)
Unloading 6692 unused Assets / (5.4 MB). Loaded Objects now: 7718.
Memory consumption went from 350.9 MB to 345.5 MB.
Total: 8.811900 ms (FindLiveObjects: 0.653900 ms CreateObjectMapping: 0.449100 ms MarkObjects: 5.219400 ms  DeleteObjects: 2.487600 ms)

Prepare: number of updated asset objects reloaded= 0
========================================================================
Received Prepare
AcceleratorClientConnectionCallback - disconnected - :0
Refreshing native plugins compatible for Editor in 2.16 ms, found 4 plugins.
Unloading 22 Unused Serialized files (Serialized files now loaded: 0)
Unloading 6681 unused Assets / (5.8 MB). Loaded Objects now: 7718.
Memory consumption went from 353.8 MB to 348.0 MB.
Total: 10.852000 ms (FindLiveObjects: 0.788100 ms CreateObjectMapping: 0.603100 ms MarkObjects: 6.401200 ms  DeleteObjects: 3.057900 ms)

Prepare: number of updated asset objects reloaded= 0
========================================================================
Received Prepare
AcceleratorClientConnectionCallback - disconnected - :0
Refreshing native plugins compatible for Editor in 2.80 ms, found 4 plugins.
Unloading 22 Unused Serialized files (Serialized files now loaded: 0)
Unloading 6681 unused Assets / (6.1 MB). Loaded Objects now: 7718.
Memory consumption went from 356.5 MB to 350.4 MB.
Total: 13.306600 ms (FindLiveObjects: 0.920300 ms CreateObjectMapping: 0.769900 ms MarkObjects: 7.879800 ms  DeleteObjects: 3.734800 ms)

Prepare: number of updated asset objects reloaded= 0
========================================================================
Received Prepare
AcceleratorClientConnectionCallback - disconnected - :0
Refreshing native plugins compatible for Editor in 2.28 ms, found 4 plugins.
Unloading 22 Unused Serialized files (Serialized files now loaded: 0)
Unloading 6681 unused Assets / (5.8 MB). Loaded Objects now: 7718.
Memory consumption went from 359.2 MB to 353.4 MB.
Total: 9.475900 ms (FindLiveObjects: 0.697700 ms CreateObjectMapping: 0.627400 ms MarkObjects: 4.868700 ms  DeleteObjects: 3.280600 ms)

Prepare: number of updated asset objects reloaded= 0
========================================================================
Received Import Request.
  Time of request: 2026-08-31T19:55:04.9964892Z
  Time since last request: 529008.12115440005437 seconds.
  importAddress: GUID: 43b9ed71f5067184fa60af6494c58dbd - Path: Assets/_ArchOS/Scripts/Programs/Program.cs - Importer: PreviewImporter
Importing 'GUID: 43b9ed71f5067184fa60af6494c58dbd - Path: Assets/_ArchOS/Scripts/Programs/Program.cs - Importer: PreviewImporter' with importer (PreviewImporter)
Imported 'GUID: 43b9ed71f5067184fa60af6494c58dbd' -> (Import Result ID: '2cdb6b06c97a377456c18eb64da5b973') in 0.014 seconds [static and dynamic dependencies]. Details - ImportResultOutputID=f241e4fd3ca8b285736ab0504b2c2c5c DependenciesID=b28e37541cc89bceac6345c133e23a6e StaticDependenciesID=c6ba3e0d292f4fd063429af65a1d0244 
Number of updated asset objects reloaded before import = 0
Number of asset objects unloaded after import = 0
========================================================================
Received Prepare
AcceleratorClientConnectionCallback - disconnected - :0
[Licensing::Client] Successfully resolved entitlement details
Begin MonoManager ReloadAssembly
Symbol file LoadedFromMemory is not a mono symbol file
Refreshing native plugins compatible for Editor in 2.07 ms, found 4 plugins.
Native extension for WindowsStandalone target not found
[Package Manager] Failed to launch server process. Reason: Unity was launched with the -noUpm command-line argument
[Package Manager] Unable to send message (not connected to server process).
[Package Manager] Cannot connect to Unity Package Manager local server
[Package Manager] Failed to launch server process. Reason: Unity was launched with the -noUpm command-line argument
[Package Manager] Unable to send message (not connected to server process).
[Package Manager] Cannot connect to Unity Package Manager local server
ScheduleIndexationOnStartup MainProcess:False IndexOnStartup:True
Mono: successfully reloaded assembly
- Finished resetting the current domain, in  0.673 seconds
Domain Reload Profiling: 1554ms
	BeginReloadAssembly (237ms)
		DisableScriptedObjects (29ms)
		CreateAndSetChildDomain (52ms)
	RebuildCommonClasses (10ms)
	RebuildNativeTypeToScriptingClass (13ms)
	initialDomainReloadingComplete (68ms)
	LoadAllAssembliesAndSetupDomain (552ms)
		LoadAssemblies (348ms)
		AnalyzeDomain (182ms)
			TypeCache.Refresh (10ms)
			BuildScriptInfoCaches (166ms)
			ResolveRequiredComponents (4ms)
	FinalizeReload (674ms)
		SetupLoadedEditorAssemblies (0ms)
			BeforeProcessingInitializeOnLoad (82ms)
			ProcessInitializeOnLoadAttributes (239ms)
			ProcessInitializeOnLoadMethodAttributes (121ms)
			AfterProcessingInitializeOnLoad (8ms)
		AwakeInstancesAfterBackupRestoration (23ms)
Refreshing native plugins compatible for Editor in 2.03 ms, found 4 plugins.
Unloading 22 Unused Serialized files (Serialized files now loaded: 0)
Unloading 6692 unused Assets / (4.8 MB). Loaded Objects now: 7723.
Memory consumption went from 361.2 MB to 356.3 MB.
Total: 7.873200 ms (FindLiveObjects: 0.632600 ms CreateObjectMapping: 0.413200 ms MarkObjects: 4.293700 ms  DeleteObjects: 2.532900 ms)

Prepare: number of updated asset objects reloaded= 0
========================================================================
Received Prepare
AcceleratorClientConnectionCallback - disconnected - :0
Unloading 22 Unused Serialized files (Serialized files now loaded: 0)
Unloading 6682 unused Assets / (5.6 MB). Loaded Objects now: 7724.
Memory consumption went from 364.0 MB to 358.4 MB.
Total: 7.290700 ms (FindLiveObjects: 0.597400 ms CreateObjectMapping: 0.469500 ms MarkObjects: 3.974800 ms  DeleteObjects: 2.248300 ms)

Prepare: number of updated asset objects reloaded= 0
========================================================================
Received Prepare
AcceleratorClientConnectionCallback - disconnected - :0
Unloading 22 Unused Serialized files (Serialized files now loaded: 0)
Unloading 6682 unused Assets / (5.9 MB). Loaded Objects now: 7724.
Memory consumption went from 366.7 MB to 360.8 MB.
Total: 11.726700 ms (FindLiveObjects: 0.655600 ms CreateObjectMapping: 0.517000 ms MarkObjects: 7.103100 ms  DeleteObjects: 3.449200 ms)

Prepare: number of updated asset objects reloaded= 0
========================================================================
Received Import Request.
  Time of request: 2026-08-31T20:00:57.6449247Z
  Time since last request: 352.62110719999998 seconds.
  importAddress: GUID: 6c87a32c759022b4c896f2d0ac0a9835 - Path: Assets/_ArchOS/Scripts/Programs/ProgramType.cs - Importer: PreviewImporter
Importing 'GUID: 6c87a32c759022b4c896f2d0ac0a9835 - Path: Assets/_ArchOS/Scripts/Programs/ProgramType.cs - Importer: PreviewImporter' with importer (PreviewImporter)
Imported 'GUID: 6c87a32c759022b4c896f2d0ac0a9835' -> (Import Result ID: '70a24ddcda183e510f8bef28cce156f3') in 0.009 seconds [static and dynamic dependencies]. Details - ImportResultOutputID=14b7bc80450042ecc693978dda8a2b43 DependenciesID=715b278e30fd520ec24dd34c4f78d671 StaticDependenciesID=179d9ed44bb3101614676f8354705715 
Number of updated asset objects reloaded before import = 0
Number of asset objects unloaded after import = 0
========================================================================
Received Prepare
AcceleratorClientConnectionCallback - disconnected - :0
Refreshing native plugins compatible for Editor in 2.03 ms, found 4 plugins.
Unloading 22 Unused Serialized files (Serialized files now loaded: 0)
Unloading 6682 unused Assets / (6.4 MB). Loaded Objects now: 7724.
Memory consumption went from 356.1 MB to 349.7 MB.
Total: 8.983300 ms (FindLiveObjects: 0.715200 ms CreateObjectMapping: 0.659100 ms MarkObjects: 4.093600 ms  DeleteObjects: 3.514700 ms)

Prepare: number of updated asset objects reloaded= 0
========================================================================
Received Prepare
AcceleratorClientConnectionCallback - disconnected - :0
Unloading 22 Unused Serialized files (Serialized files now loaded: 0)
Unloading 6682 unused Assets / (4.7 MB). Loaded Objects now: 7724.
Memory consumption went from 358.7 MB to 354.1 MB.
Total: 7.285500 ms (FindLiveObjects: 0.537700 ms CreateObjectMapping: 0.409500 ms MarkObjects: 4.146200 ms  DeleteObjects: 2.191200 ms)

Prepare: number of updated asset objects reloaded= 0
========================================================================
Received Prepare
AcceleratorClientConnectionCallback - disconnected - :0
Unloading 22 Unused Serialized files (Serialized files now loaded: 0)
Unloading 6682 unused Assets / (4.8 MB). Loaded Objects now: 7724.
Memory consumption went from 361.4 MB to 356.6 MB.
Total: 8.621200 ms (FindLiveObjects: 0.549500 ms CreateObjectMapping: 0.500200 ms MarkObjects: 5.213000 ms  DeleteObjects: 2.357200 ms)

Prepare: number of updated asset objects reloaded= 0
========================================================================
Received Prepare
AcceleratorClientConnectionCallback - disconnected - :0
Unloading 22 Unused Serialized files (Serialized files now loaded: 0)
Unloading 6682 unused Assets / (5.7 MB). Loaded Objects now: 7724.
Memory consumption went from 364.1 MB to 358.4 MB.
Total: 8.058000 ms (FindLiveObjects: 0.594300 ms CreateObjectMapping: 0.456700 ms MarkObjects: 4.502900 ms  DeleteObjects: 2.501600 ms)

Prepare: number of updated asset objects reloaded= 0
========================================================================
Received Prepare
AcceleratorClientConnectionCallback - disconnected - :0
Unloading 22 Unused Serialized files (Serialized files now loaded: 0)
Unloading 6682 unused Assets / (8.1 MB). Loaded Objects now: 7724.
Memory consumption went from 366.7 MB to 358.6 MB.
Total: 10.489400 ms (FindLiveObjects: 0.546100 ms CreateObjectMapping: 0.419400 ms MarkObjects: 4.148200 ms  DeleteObjects: 5.374500 ms)

Prepare: number of updated asset objects reloaded= 0
========================================================================
Received Prepare
AcceleratorClientConnectionCallback - disconnected - :0
Unloading 22 Unused Serialized files (Serialized files now loaded: 0)
Unloading 6682 unused Assets / (5.7 MB). Loaded Objects now: 7724.
Memory consumption went from 369.4 MB to 363.7 MB.
Total: 8.319100 ms (FindLiveObjects: 0.582700 ms CreateObjectMapping: 0.514400 ms MarkObjects: 4.663100 ms  DeleteObjects: 2.557800 ms)

Prepare: number of updated asset objects reloaded= 0
========================================================================
Received Prepare
AcceleratorClientConnectionCallback - disconnected - :0
Unloading 22 Unused Serialized files (Serialized files now loaded: 0)
Unloading 6682 unused Assets / (5.7 MB). Loaded Objects now: 7724.
Memory consumption went from 372.1 MB to 366.4 MB.
Total: 7.825700 ms (FindLiveObjects: 0.588200 ms CreateObjectMapping: 0.422400 ms MarkObjects: 4.527100 ms  DeleteObjects: 2.287000 ms)

Prepare: number of updated asset objects reloaded= 0
========================================================================
Received Prepare
AcceleratorClientConnectionCallback - disconnected - :0
Unloading 22 Unused Serialized files (Serialized files now loaded: 0)
Unloading 6682 unused Assets / (5.3 MB). Loaded Objects now: 7724.
Memory consumption went from 374.8 MB to 369.5 MB.
Total: 7.975600 ms (FindLiveObjects: 0.740100 ms CreateObjectMapping: 0.474700 ms MarkObjects: 4.797000 ms  DeleteObjects: 1.962400 ms)

Prepare: number of updated asset objects reloaded= 0
========================================================================
Received Prepare
AcceleratorClientConnectionCallback - disconnected - :0
Refreshing native plugins compatible for Editor in 2.06 ms, found 4 plugins.
Unloading 22 Unused Serialized files (Serialized files now loaded: 0)
Unloading 6682 unused Assets / (5.2 MB). Loaded Objects now: 7724.
Memory consumption went from 377.5 MB to 372.2 MB.
Total: 8.524400 ms (FindLiveObjects: 1.020600 ms CreateObjectMapping: 0.661000 ms MarkObjects: 4.446200 ms  DeleteObjects: 2.395400 ms)

Prepare: number of updated asset objects reloaded= 0
========================================================================
Received Prepare
AcceleratorClientConnectionCallback - disconnected - :0
Unloading 22 Unused Serialized files (Serialized files now loaded: 0)
Unloading 6682 unused Assets / (5.6 MB). Loaded Objects now: 7724.
Memory consumption went from 380.2 MB to 374.5 MB.
Total: 10.557000 ms (FindLiveObjects: 0.712400 ms CreateObjectMapping: 0.694200 ms MarkObjects: 5.491100 ms  DeleteObjects: 3.655800 ms)

Prepare: number of updated asset objects reloaded= 0
========================================================================
Received Prepare
AcceleratorClientConnectionCallback - disconnected - :0
Unloading 22 Unused Serialized files (Serialized files now loaded: 0)
Unloading 6682 unused Assets / (5.2 MB). Loaded Objects now: 7724.
Memory consumption went from 382.8 MB to 377.6 MB.
Total: 8.731400 ms (FindLiveObjects: 0.552500 ms CreateObjectMapping: 0.433800 ms MarkObjects: 4.486500 ms  DeleteObjects: 3.257500 ms)

Prepare: number of updated asset objects reloaded= 0
========================================================================
Received Prepare
AcceleratorClientConnectionCallback - disconnected - :0
Unloading 22 Unused Serialized files (Serialized files now loaded: 0)
Unloading 6682 unused Assets / (5.4 MB). Loaded Objects now: 7724.
Memory consumption went from 385.5 MB to 380.2 MB.
Total: 8.286900 ms (FindLiveObjects: 0.739100 ms CreateObjectMapping: 0.584900 ms MarkObjects: 4.266900 ms  DeleteObjects: 2.694700 ms)

Prepare: number of updated asset objects reloaded= 0
========================================================================
Received Prepare
AcceleratorClientConnectionCallback - disconnected - :0
Unloading 22 Unused Serialized files (Serialized files now loaded: 0)
Unloading 6682 unused Assets / (5.8 MB). Loaded Objects now: 7724.
Memory consumption went from 388.2 MB to 382.4 MB.
Total: 9.607400 ms (FindLiveObjects: 0.660000 ms CreateObjectMapping: 0.509500 ms MarkObjects: 5.196900 ms  DeleteObjects: 3.240000 ms)

Prepare: number of updated asset objects reloaded= 0
========================================================================
Received Prepare
AcceleratorClientConnectionCallback - disconnected - :0
Unloading 22 Unused Serialized files (Serialized files now loaded: 0)
Unloading 6682 unused Assets / (5.4 MB). Loaded Objects now: 7724.
Memory consumption went from 390.9 MB to 385.5 MB.
Total: 10.107100 ms (FindLiveObjects: 0.773100 ms CreateObjectMapping: 0.662500 ms MarkObjects: 5.880000 ms  DeleteObjects: 2.790300 ms)

Prepare: number of updated asset objects reloaded= 0
========================================================================
Received Prepare
AcceleratorClientConnectionCallback - disconnected - :0
Refreshing native plugins compatible for Editor in 2.13 ms, found 4 plugins.
Unloading 22 Unused Serialized files (Serialized files now loaded: 0)
Unloading 6682 unused Assets / (7.2 MB). Loaded Objects now: 7724.
Memory consumption went from 393.6 MB to 386.4 MB.
Total: 11.521500 ms (FindLiveObjects: 0.751500 ms CreateObjectMapping: 0.649000 ms MarkObjects: 6.004700 ms  DeleteObjects: 4.115000 ms)

Prepare: number of updated asset objects reloaded= 0
========================================================================
Received Prepare
AcceleratorClientConnectionCallback - disconnected - :0
Unloading 22 Unused Serialized files (Serialized files now loaded: 0)
Unloading 6682 unused Assets / (5.0 MB). Loaded Objects now: 7724.
Memory consumption went from 396.3 MB to 391.3 MB.
Total: 9.839000 ms (FindLiveObjects: 0.573100 ms CreateObjectMapping: 0.418000 ms MarkObjects: 6.524000 ms  DeleteObjects: 2.322200 ms)

Prepare: number of updated asset objects reloaded= 0
========================================================================
Received Prepare
AcceleratorClientConnectionCallback - disconnected - :0
Refreshing native plugins compatible for Editor in 2.07 ms, found 4 plugins.
Unloading 22 Unused Serialized files (Serialized files now loaded: 0)
Unloading 6682 unused Assets / (4.7 MB). Loaded Objects now: 7724.
Memory consumption went from 399.0 MB to 394.3 MB.
Total: 8.613900 ms (FindLiveObjects: 0.572400 ms CreateObjectMapping: 0.434300 ms MarkObjects: 5.169300 ms  DeleteObjects: 2.436500 ms)

Prepare: number of updated asset objects reloaded= 0
========================================================================
Received Prepare
AcceleratorClientConnectionCallback - disconnected - :0
Refreshing native plugins compatible for Editor in 2.03 ms, found 4 plugins.
Unloading 22 Unused Serialized files (Serialized files now loaded: 0)
Unloading 6682 unused Assets / (7.0 MB). Loaded Objects now: 7724.
Memory consumption went from 401.7 MB to 394.7 MB.
Total: 9.808700 ms (FindLiveObjects: 0.753000 ms CreateObjectMapping: 0.553100 ms MarkObjects: 5.160100 ms  DeleteObjects: 3.341200 ms)

Prepare: number of updated asset objects reloaded= 0
========================================================================
Received Prepare
AcceleratorClientConnectionCallback - disconnected - :0
Refreshing native plugins compatible for Editor in 2.19 ms, found 4 plugins.
Unloading 22 Unused Serialized files (Serialized files now loaded: 0)
Unloading 6682 unused Assets / (5.6 MB). Loaded Objects now: 7724.
Memory consumption went from 404.3 MB to 398.8 MB.
Total: 7.738000 ms (FindLiveObjects: 0.610900 ms CreateObjectMapping: 0.523300 ms MarkObjects: 4.137600 ms  DeleteObjects: 2.465200 ms)

Prepare: number of updated asset objects reloaded= 0
========================================================================
Received Prepare
AcceleratorClientConnectionCallback - disconnected - :0
Refreshing native plugins compatible for Editor in 2.05 ms, found 4 plugins.
Unloading 22 Unused Serialized files (Serialized files now loaded: 0)
Unloading 6682 unused Assets / (5.4 MB). Loaded Objects now: 7724.
Memory consumption went from 407.0 MB to 401.6 MB.
Total: 7.975200 ms (FindLiveObjects: 0.628200 ms CreateObjectMapping: 0.460600 ms MarkObjects: 4.334200 ms  DeleteObjects: 2.551300 ms)

Prepare: number of updated asset objects reloaded= 0
========================================================================
Received Prepare
AcceleratorClientConnectionCallback - disconnected - :0
Refreshing native plugins compatible for Editor in 2.41 ms, found 4 plugins.
Unloading 22 Unused Serialized files (Serialized files now loaded: 0)
Unloading 6682 unused Assets / (5.9 MB). Loaded Objects now: 7724.
Memory consumption went from 409.7 MB to 403.9 MB.
Total: 9.049000 ms (FindLiveObjects: 0.591600 ms CreateObjectMapping: 0.404500 ms MarkObjects: 4.794600 ms  DeleteObjects: 3.256100 ms)

Prepare: number of updated asset objects reloaded= 0
========================================================================
Received Prepare
AcceleratorClientConnectionCallback - disconnected - :0
Unloading 22 Unused Serialized files (Serialized files now loaded: 0)
Unloading 6682 unused Assets / (5.8 MB). Loaded Objects now: 7724.
Memory consumption went from 412.4 MB to 406.6 MB.
Total: 7.929800 ms (FindLiveObjects: 0.589700 ms CreateObjectMapping: 0.426500 ms MarkObjects: 4.156000 ms  DeleteObjects: 2.756500 ms)

Prepare: number of updated asset objects reloaded= 0
========================================================================
Received Prepare
AcceleratorClientConnectionCallback - disconnected - :0
Refreshing native plugins compatible for Editor in 2.05 ms, found 4 plugins.
Unloading 22 Unused Serialized files (Serialized files now loaded: 0)
Unloading 6682 unused Assets / (5.1 MB). Loaded Objects now: 7724.
Memory consumption went from 415.1 MB to 410.0 MB.
Total: 7.667400 ms (FindLiveObjects: 0.609800 ms CreateObjectMapping: 0.424600 ms MarkObjects: 4.251600 ms  DeleteObjects: 2.380300 ms)

Prepare: number of updated asset objects reloaded= 0
========================================================================
Received Prepare
AcceleratorClientConnectionCallback - disconnected - :0
Unloading 22 Unused Serialized files (Serialized files now loaded: 0)
Unloading 6682 unused Assets / (6.5 MB). Loaded Objects now: 7724.
Memory consumption went from 417.8 MB to 411.3 MB.
Total: 11.236100 ms (FindLiveObjects: 0.636000 ms CreateObjectMapping: 1.070700 ms MarkObjects: 5.407900 ms  DeleteObjects: 4.120400 ms)

Prepare: number of updated asset objects reloaded= 0
========================================================================
Received Prepare
AcceleratorClientConnectionCallback - disconnected - :0
Unloading 22 Unused Serialized files (Serialized files now loaded: 0)
Unloading 6682 unused Assets / (5.8 MB). Loaded Objects now: 7724.
Memory consumption went from 420.5 MB to 414.6 MB.
Total: 10.103900 ms (FindLiveObjects: 0.602200 ms CreateObjectMapping: 0.516900 ms MarkObjects: 6.392600 ms  DeleteObjects: 2.591200 ms)

Prepare: number of updated asset objects reloaded= 0
========================================================================
Received Prepare
AcceleratorClientConnectionCallback - disconnected - :0
Refreshing native plugins compatible for Editor in 2.16 ms, found 4 plugins.
Unloading 22 Unused Serialized files (Serialized files now loaded: 0)
Unloading 6682 unused Assets / (5.4 MB). Loaded Objects now: 7724.
Memory consumption went from 423.2 MB to 417.7 MB.
Total: 9.729500 ms (FindLiveObjects: 0.782000 ms CreateObjectMapping: 0.712100 ms MarkObjects: 5.328700 ms  DeleteObjects: 2.905400 ms)

Prepare: number of updated asset objects reloaded= 0
========================================================================
Received Prepare
AcceleratorClientConnectionCallback - disconnected - :0
Unloading 22 Unused Serialized files (Serialized files now loaded: 0)
Unloading 6682 unused Assets / (5.7 MB). Loaded Objects now: 7724.
Memory consumption went from 425.8 MB to 420.1 MB.
Total: 8.550200 ms (FindLiveObjects: 0.601000 ms CreateObjectMapping: 0.832500 ms MarkObjects: 4.678900 ms  DeleteObjects: 2.436300 ms)

Prepare: number of updated asset objects reloaded= 0
========================================================================
Received Prepare
AcceleratorClientConnectionCallback - disconnected - :0
Refreshing native plugins compatible for Editor in 2.34 ms, found 4 plugins.
Unloading 22 Unused Serialized files (Serialized files now loaded: 0)
Unloading 6682 unused Assets / (5.5 MB). Loaded Objects now: 7724.
Memory consumption went from 428.5 MB to 423.1 MB.
Total: 7.636700 ms (FindLiveObjects: 0.608300 ms CreateObjectMapping: 0.529200 ms MarkObjects: 4.078800 ms  DeleteObjects: 2.419500 ms)

Prepare: number of updated asset objects reloaded= 0
========================================================================
Received Prepare
AcceleratorClientConnectionCallback - disconnected - :0
Unloading 22 Unused Serialized files (Serialized files now loaded: 0)
Unloading 6682 unused Assets / (7.8 MB). Loaded Objects now: 7724.
Memory consumption went from 431.2 MB to 423.4 MB.
Total: 12.824000 ms (FindLiveObjects: 0.694600 ms CreateObjectMapping: 0.577600 ms MarkObjects: 6.477400 ms  DeleteObjects: 5.073100 ms)

Prepare: number of updated asset objects reloaded= 0
========================================================================
Received Prepare
AcceleratorClientConnectionCallback - disconnected - :0
Refreshing native plugins compatible for Editor in 2.32 ms, found 4 plugins.
Unloading 22 Unused Serialized files (Serialized files now loaded: 0)
Unloading 6682 unused Assets / (6.1 MB). Loaded Objects now: 7724.
Memory consumption went from 433.9 MB to 427.8 MB.
Total: 8.885600 ms (FindLiveObjects: 0.603900 ms CreateObjectMapping: 0.518000 ms MarkObjects: 4.242600 ms  DeleteObjects: 3.519700 ms)

Prepare: number of updated asset objects reloaded= 0
========================================================================
Received Prepare
AcceleratorClientConnectionCallback - disconnected - :0
Unloading 22 Unused Serialized files (Serialized files now loaded: 0)
Unloading 6682 unused Assets / (4.7 MB). Loaded Objects now: 7724.
Memory consumption went from 436.6 MB to 431.9 MB.
Total: 8.916800 ms (FindLiveObjects: 0.785800 ms CreateObjectMapping: 0.567300 ms MarkObjects: 5.417500 ms  DeleteObjects: 2.145000 ms)

Prepare: number of updated asset objects reloaded= 0
========================================================================
Received Prepare
AcceleratorClientConnectionCallback - disconnected - :0
[Licensing::Client] Successfully resolved entitlement details
Begin MonoManager ReloadAssembly
Symbol file LoadedFromMemory is not a mono symbol file
Native extension for WindowsStandalone target not found
[Package Manager] Failed to launch server process. Reason: Unity was launched with the -noUpm command-line argument
[Package Manager] Unable to send message (not connected to server process).
[Package Manager] Cannot connect to Unity Package Manager local server
[Package Manager] Failed to launch server process. Reason: Unity was launched with the -noUpm command-line argument
[Package Manager] Unable to send message (not connected to server process).
[Package Manager] Cannot connect to Unity Package Manager local server
ScheduleIndexationOnStartup MainProcess:False IndexOnStartup:True
Mono: successfully reloaded assembly
- Finished resetting the current domain, in  0.767 seconds
Domain Reload Profiling: 1735ms
	BeginReloadAssembly (227ms)
		DisableScriptedObjects (12ms)
		CreateAndSetChildDomain (53ms)
	RebuildCommonClasses (7ms)
	RebuildNativeTypeToScriptingClass (16ms)
	initialDomainReloadingComplete (68ms)
	LoadAllAssembliesAndSetupDomain (648ms)
		LoadAssemblies (401ms)
		AnalyzeDomain (214ms)
			TypeCache.Refresh (11ms)
			BuildScriptInfoCaches (193ms)
			ResolveRequiredComponents (7ms)
	FinalizeReload (768ms)
		SetupLoadedEditorAssemblies (0ms)
			BeforeProcessingInitializeOnLoad (94ms)
			ProcessInitializeOnLoadAttributes (284ms)
			ProcessInitializeOnLoadMethodAttributes (128ms)
			AfterProcessingInitializeOnLoad (8ms)
		AwakeInstancesAfterBackupRestoration (33ms)
Unloading 22 Unused Serialized files (Serialized files now loaded: 0)
Unloading 6693 unused Assets / (4.8 MB). Loaded Objects now: 7727.
Memory consumption went from 439.2 MB to 434.4 MB.
Total: 7.709800 ms (FindLiveObjects: 0.729500 ms CreateObjectMapping: 0.420900 ms MarkObjects: 4.190600 ms  DeleteObjects: 2.367100 ms)

Prepare: number of updated asset objects reloaded= 0
========================================================================
Received Prepare
AcceleratorClientConnectionCallback - disconnected - :0
Unloading 22 Unused Serialized files (Serialized files now loaded: 0)
Unloading 6682 unused Assets / (5.1 MB). Loaded Objects now: 7727.
Memory consumption went from 442.1 MB to 436.9 MB.
Total: 8.758000 ms (FindLiveObjects: 0.791600 ms CreateObjectMapping: 0.815600 ms MarkObjects: 4.727200 ms  DeleteObjects: 2.422600 ms)

Prepare: number of updated asset objects reloaded= 0
========================================================================
Received Prepare
AcceleratorClientConnectionCallback - disconnected - :0
Begin MonoManager ReloadAssembly
Symbol file LoadedFromMemory is not a mono symbol file
Native extension for WindowsStandalone target not found
[Package Manager] Failed to launch server process. Reason: Unity was launched with the -noUpm command-line argument
[Package Manager] Unable to send message (not connected to server process).
[Package Manager] Cannot connect to Unity Package Manager local server
[Package Manager] Failed to launch server process. Reason: Unity was launched with the -noUpm command-line argument
[Package Manager] Unable to send message (not connected to server process).
[Package Manager] Cannot connect to Unity Package Manager local server
ScheduleIndexationOnStartup MainProcess:False IndexOnStartup:True
Mono: successfully reloaded assembly
- Finished resetting the current domain, in  0.933 seconds
Domain Reload Profiling: 1928ms
	BeginReloadAssembly (259ms)
		DisableScriptedObjects (22ms)
		CreateAndSetChildDomain (54ms)
	RebuildCommonClasses (9ms)
	RebuildNativeTypeToScriptingClass (20ms)
	initialDomainReloadingComplete (75ms)
	LoadAllAssembliesAndSetupDomain (630ms)
		LoadAssemblies (389ms)
		AnalyzeDomain (202ms)
			TypeCache.Refresh (12ms)
			BuildScriptInfoCaches (184ms)
			ResolveRequiredComponents (5ms)
	FinalizeReload (934ms)
		SetupLoadedEditorAssemblies (0ms)
			BeforeProcessingInitializeOnLoad (127ms)
			ProcessInitializeOnLoadAttributes (372ms)
			ProcessInitializeOnLoadMethodAttributes (138ms)
			AfterProcessingInitializeOnLoad (12ms)
		AwakeInstancesAfterBackupRestoration (30ms)
Unloading 22 Unused Serialized files (Serialized files now loaded: 0)
Unloading 6693 unused Assets / (5.4 MB). Loaded Objects now: 7730.
Memory consumption went from 445.6 MB to 440.2 MB.
Total: 9.728400 ms (FindLiveObjects: 0.667600 ms CreateObjectMapping: 0.511500 ms MarkObjects: 5.461000 ms  DeleteObjects: 3.086800 ms)

Prepare: number of updated asset objects reloaded= 0
========================================================================
Received Prepare
AcceleratorClientConnectionCallback - disconnected - :0
Begin MonoManager ReloadAssembly
Symbol file LoadedFromMemory is not a mono symbol file
Native extension for WindowsStandalone target not found
[Package Manager] Failed to launch server process. Reason: Unity was launched with the -noUpm command-line argument
[Package Manager] Unable to send message (not connected to server process).
[Package Manager] Cannot connect to Unity Package Manager local server
[Package Manager] Failed to launch server process. Reason: Unity was launched with the -noUpm command-line argument
[Package Manager] Unable to send message (not connected to server process).
[Package Manager] Cannot connect to Unity Package Manager local server
ScheduleIndexationOnStartup MainProcess:False IndexOnStartup:True
Mono: successfully reloaded assembly
- Finished resetting the current domain, in  0.839 seconds
Domain Reload Profiling: 2082ms
	BeginReloadAssembly (353ms)
		DisableScriptedObjects (19ms)
		CreateAndSetChildDomain (80ms)
	RebuildCommonClasses (15ms)
	RebuildNativeTypeToScriptingClass (28ms)
	initialDomainReloadingComplete (108ms)
	LoadAllAssembliesAndSetupDomain (738ms)
		LoadAssemblies (512ms)
		AnalyzeDomain (254ms)
			TypeCache.Refresh (20ms)
			BuildScriptInfoCaches (227ms)
			ResolveRequiredComponents (5ms)
	FinalizeReload (840ms)
		SetupLoadedEditorAssemblies (0ms)
			BeforeProcessingInitializeOnLoad (106ms)
			ProcessInitializeOnLoadAttributes (280ms)
			ProcessInitializeOnLoadMethodAttributes (134ms)
			AfterProcessingInitializeOnLoad (10ms)
		AwakeInstancesAfterBackupRestoration (26ms)
Unloading 22 Unused Serialized files (Serialized files now loaded: 0)
Unloading 6693 unused Assets / (5.4 MB). Loaded Objects now: 7733.
Memory consumption went from 449.9 MB to 444.5 MB.
Total: 7.478300 ms (FindLiveObjects: 0.610000 ms CreateObjectMapping: 0.453900 ms MarkObjects: 4.171600 ms  DeleteObjects: 2.241700 ms)

Prepare: number of updated asset objects reloaded= 0
========================================================================
Received Prepare
AcceleratorClientConnectionCallback - disconnected - :0
Unloading 22 Unused Serialized files (Serialized files now loaded: 0)
Unloading 6682 unused Assets / (5.9 MB). Loaded Objects now: 7733.
Memory consumption went from 452.7 MB to 446.8 MB.
Total: 12.474000 ms (FindLiveObjects: 0.603200 ms CreateObjectMapping: 0.529000 ms MarkObjects: 7.762400 ms  DeleteObjects: 3.578300 ms)

Prepare: number of updated asset objects reloaded= 0
========================================================================
Received Prepare
AcceleratorClientConnectionCallback - disconnected - :0
[Licensing::Client] Successfully resolved entitlement details
Begin MonoManager ReloadAssembly
Symbol file LoadedFromMemory is not a mono symbol file
Native extension for WindowsStandalone target not found
[Package Manager] Failed to launch server process. Reason: Unity was launched with the -noUpm command-line argument
[Package Manager] Unable to send message (not connected to server process).
[Package Manager] Cannot connect to Unity Package Manager local server
[Package Manager] Failed to launch server process. Reason: Unity was launched with the -noUpm command-line argument
[Package Manager] Unable to send message (not connected to server process).
[Package Manager] Cannot connect to Unity Package Manager local server
ScheduleIndexationOnStartup MainProcess:False IndexOnStartup:True
Mono: successfully reloaded assembly
- Finished resetting the current domain, in  0.756 seconds
Domain Reload Profiling: 1734ms
	BeginReloadAssembly (263ms)
		DisableScriptedObjects (11ms)
		CreateAndSetChildDomain (58ms)
	RebuildCommonClasses (7ms)
	RebuildNativeTypeToScriptingClass (20ms)
	initialDomainReloadingComplete (74ms)
	LoadAllAssembliesAndSetupDomain (612ms)
		LoadAssemblies (372ms)
		AnalyzeDomain (225ms)
			TypeCache.Refresh (10ms)
			BuildScriptInfoCaches (208ms)
			ResolveRequiredComponents (5ms)
	FinalizeReload (757ms)
		SetupLoadedEditorAssemblies (0ms)
			BeforeProcessingInitializeOnLoad (91ms)
			ProcessInitializeOnLoadAttributes (269ms)
			ProcessInitializeOnLoadMethodAttributes (140ms)
			AfterProcessingInitializeOnLoad (10ms)
		AwakeInstancesAfterBackupRestoration (26ms)
Unloading 22 Unused Serialized files (Serialized files now loaded: 0)
Unloading 6693 unused Assets / (6.3 MB). Loaded Objects now: 7736.
Memory consumption went from 457.1 MB to 450.7 MB.
Total: 7.970200 ms (FindLiveObjects: 0.623100 ms CreateObjectMapping: 0.474400 ms MarkObjects: 4.004800 ms  DeleteObjects: 2.867000 ms)

Prepare: number of updated asset objects reloaded= 0
========================================================================
Received Prepare
AcceleratorClientConnectionCallback - disconnected - :0
Refreshing native plugins compatible for Editor in 2.59 ms, found 4 plugins.
Unloading 22 Unused Serialized files (Serialized files now loaded: 0)
Unloading 6682 unused Assets / (5.3 MB). Loaded Objects now: 7736.
Memory consumption went from 459.9 MB to 454.6 MB.
Total: 10.028200 ms (FindLiveObjects: 0.684500 ms CreateObjectMapping: 0.511500 ms MarkObjects: 5.970200 ms  DeleteObjects: 2.861200 ms)

Prepare: number of updated asset objects reloaded= 0
========================================================================
Received Prepare
AcceleratorClientConnectionCallback - disconnected - :0
[Licensing::Client] Successfully resolved entitlement details
Begin MonoManager ReloadAssembly
Symbol file LoadedFromMemory is not a mono symbol file
Native extension for WindowsStandalone target not found
[Package Manager] Failed to launch server process. Reason: Unity was launched with the -noUpm command-line argument
[Package Manager] Unable to send message (not connected to server process).
[Package Manager] Cannot connect to Unity Package Manager local server
[Package Manager] Failed to launch server process. Reason: Unity was launched with the -noUpm command-line argument
[Package Manager] Unable to send message (not connected to server process).
[Package Manager] Cannot connect to Unity Package Manager local server
ScheduleIndexationOnStartup MainProcess:False IndexOnStartup:True
Mono: successfully reloaded assembly
- Finished resetting the current domain, in  0.764 seconds
Domain Reload Profiling: 1715ms
	BeginReloadAssembly (247ms)
		DisableScriptedObjects (13ms)
		CreateAndSetChildDomain (51ms)
	RebuildCommonClasses (9ms)
	RebuildNativeTypeToScriptingClass (19ms)
	initialDomainReloadingComplete (70ms)
	LoadAllAssembliesAndSetupDomain (605ms)
		LoadAssemblies (371ms)
		AnalyzeDomain (205ms)
			TypeCache.Refresh (10ms)
			BuildScriptInfoCaches (189ms)
			ResolveRequiredComponents (5ms)
	FinalizeReload (765ms)
		SetupLoadedEditorAssemblies (0ms)
			BeforeProcessingInitializeOnLoad (96ms)
			ProcessInitializeOnLoadAttributes (275ms)
			ProcessInitializeOnLoadMethodAttributes (129ms)
			AfterProcessingInitializeOnLoad (8ms)
		AwakeInstancesAfterBackupRestoration (27ms)
Unloading 22 Unused Serialized files (Serialized files now loaded: 0)
Unloading 6693 unused Assets / (5.3 MB). Loaded Objects now: 7739.
Memory consumption went from 463.7 MB to 458.4 MB.
Total: 8.463800 ms (FindLiveObjects: 0.727100 ms CreateObjectMapping: 0.419000 ms MarkObjects: 4.539700 ms  DeleteObjects: 2.776400 ms)

Prepare: number of updated asset objects reloaded= 0
========================================================================
Received Prepare
AcceleratorClientConnectionCallback - disconnected - :0
Refreshing native plugins compatible for Editor in 2.34 ms, found 4 plugins.
Unloading 22 Unused Serialized files (Serialized files now loaded: 0)
Unloading 6682 unused Assets / (5.6 MB). Loaded Objects now: 7739.
Memory consumption went from 466.5 MB to 460.9 MB.
Total: 8.456100 ms (FindLiveObjects: 0.755900 ms CreateObjectMapping: 0.601700 ms MarkObjects: 4.210100 ms  DeleteObjects: 2.887400 ms)

Prepare: number of updated asset objects reloaded= 0
========================================================================
Received Prepare
AcceleratorClientConnectionCallback - disconnected - :0
Begin MonoManager ReloadAssembly
Symbol file LoadedFromMemory is not a mono symbol file
Native extension for WindowsStandalone target not found
[Package Manager] Failed to launch server process. Reason: Unity was launched with the -noUpm command-line argument
[Package Manager] Unable to send message (not connected to server process).
[Package Manager] Cannot connect to Unity Package Manager local server
[Package Manager] Failed to launch server process. Reason: Unity was launched with the -noUpm command-line argument
[Package Manager] Unable to send message (not connected to server process).
[Package Manager] Cannot connect to Unity Package Manager local server
ScheduleIndexationOnStartup MainProcess:False IndexOnStartup:True
Mono: successfully reloaded assembly
- Finished resetting the current domain, in  0.791 seconds
Domain Reload Profiling: 1783ms
	BeginReloadAssembly (244ms)
		DisableScriptedObjects (11ms)
		CreateAndSetChildDomain (52ms)
	RebuildCommonClasses (12ms)
	RebuildNativeTypeToScriptingClass (16ms)
	initialDomainReloadingComplete (74ms)
	LoadAllAssembliesAndSetupDomain (646ms)
		LoadAssemblies (391ms)
		AnalyzeDomain (237ms)
			TypeCache.Refresh (13ms)
			BuildScriptInfoCaches (218ms)
			ResolveRequiredComponents (5ms)
	FinalizeReload (792ms)
		SetupLoadedEditorAssemblies (0ms)
			BeforeProcessingInitializeOnLoad (86ms)
			ProcessInitializeOnLoadAttributes (296ms)
			ProcessInitializeOnLoadMethodAttributes (132ms)
			AfterProcessingInitializeOnLoad (9ms)
		AwakeInstancesAfterBackupRestoration (33ms)
Unloading 22 Unused Serialized files (Serialized files now loaded: 0)
Unloading 6693 unused Assets / (6.9 MB). Loaded Objects now: 7742.
Memory consumption went from 470.3 MB to 463.4 MB.
Total: 8.809400 ms (FindLiveObjects: 0.617700 ms CreateObjectMapping: 0.534400 ms MarkObjects: 4.327500 ms  DeleteObjects: 3.328100 ms)

Prepare: number of updated asset objects reloaded= 0
========================================================================
Received Prepare
AcceleratorClientConnectionCallback - disconnected - :0
Unloading 22 Unused Serialized files (Serialized files now loaded: 0)
Unloading 6682 unused Assets / (6.9 MB). Loaded Objects now: 7742.
Memory consumption went from 473.1 MB to 466.3 MB.
Total: 9.573900 ms (FindLiveObjects: 0.581100 ms CreateObjectMapping: 0.452100 ms MarkObjects: 5.154300 ms  DeleteObjects: 3.384700 ms)

Prepare: number of updated asset objects reloaded= 0
========================================================================
Received Prepare
AcceleratorClientConnectionCallback - disconnected - :0
Begin MonoManager ReloadAssembly
Symbol file LoadedFromMemory is not a mono symbol file
Native extension for WindowsStandalone target not found
[Package Manager] Failed to launch server process. Reason: Unity was launched with the -noUpm command-line argument
[Package Manager] Unable to send message (not connected to server process).
[Package Manager] Cannot connect to Unity Package Manager local server
[Package Manager] Failed to launch server process. Reason: Unity was launched with the -noUpm command-line argument
[Package Manager] Unable to send message (not connected to server process).
[Package Manager] Cannot connect to Unity Package Manager local server
ScheduleIndexationOnStartup MainProcess:False IndexOnStartup:True
Mono: successfully reloaded assembly
- Finished resetting the current domain, in  0.760 seconds
Domain Reload Profiling: 1771ms
	BeginReloadAssembly (260ms)
		DisableScriptedObjects (13ms)
		CreateAndSetChildDomain (61ms)
	RebuildCommonClasses (10ms)
	RebuildNativeTypeToScriptingClass (22ms)
	initialDomainReloadingComplete (71ms)
	LoadAllAssembliesAndSetupDomain (647ms)
		LoadAssemblies (387ms)
		AnalyzeDomain (247ms)
			TypeCache.Refresh (12ms)
			BuildScriptInfoCaches (223ms)
			ResolveRequiredComponents (10ms)
	FinalizeReload (761ms)
		SetupLoadedEditorAssemblies (0ms)
			BeforeProcessingInitializeOnLoad (86ms)
			ProcessInitializeOnLoadAttributes (261ms)
			ProcessInitializeOnLoadMethodAttributes (126ms)
			AfterProcessingInitializeOnLoad (8ms)
		AwakeInstancesAfterBackupRestoration (27ms)
Unloading 22 Unused Serialized files (Serialized files now loaded: 0)
Unloading 6693 unused Assets / (5.8 MB). Loaded Objects now: 7745.
Memory consumption went from 477.0 MB to 471.2 MB.
Total: 8.095700 ms (FindLiveObjects: 0.586000 ms CreateObjectMapping: 0.442600 ms MarkObjects: 4.550700 ms  DeleteObjects: 2.515600 ms)

Prepare: number of updated asset objects reloaded= 0
========================================================================
Received Prepare
AcceleratorClientConnectionCallback - disconnected - :0
Refreshing native plugins compatible for Editor in 2.07 ms, found 4 plugins.
Unloading 22 Unused Serialized files (Serialized files now loaded: 0)
Unloading 6682 unused Assets / (5.8 MB). Loaded Objects now: 7745.
Memory consumption went from 479.9 MB to 474.1 MB.
Total: 9.288500 ms (FindLiveObjects: 0.713500 ms CreateObjectMapping: 0.581200 ms MarkObjects: 4.795800 ms  DeleteObjects: 3.196500 ms)

Prepare: number of updated asset objects reloaded= 0
========================================================================
Received Prepare
AcceleratorClientConnectionCallback - disconnected - :0
[Licensing::Client] Successfully resolved entitlement details
Begin MonoManager ReloadAssembly
Symbol file LoadedFromMemory is not a mono symbol file
Native extension for WindowsStandalone target not found
[Package Manager] Failed to launch server process. Reason: Unity was launched with the -noUpm command-line argument
[Package Manager] Unable to send message (not connected to server process).
[Package Manager] Cannot connect to Unity Package Manager local server
[Package Manager] Failed to launch server process. Reason: Unity was launched with the -noUpm command-line argument
[Package Manager] Unable to send message (not connected to server process).
[Package Manager] Cannot connect to Unity Package Manager local server
ScheduleIndexationOnStartup MainProcess:False IndexOnStartup:True
Mono: successfully reloaded assembly
- Finished resetting the current domain, in  0.762 seconds
Domain Reload Profiling: 1730ms
	BeginReloadAssembly (233ms)
		DisableScriptedObjects (13ms)
		CreateAndSetChildDomain (49ms)
	RebuildCommonClasses (8ms)
	RebuildNativeTypeToScriptingClass (15ms)
	initialDomainReloadingComplete (76ms)
	LoadAllAssembliesAndSetupDomain (635ms)
		LoadAssemblies (377ms)
		AnalyzeDomain (232ms)
			TypeCache.Refresh (10ms)
			BuildScriptInfoCaches (216ms)
			ResolveRequiredComponents (4ms)
	FinalizeReload (763ms)
		SetupLoadedEditorAssemblies (0ms)
			BeforeProcessingInitializeOnLoad (88ms)
			ProcessInitializeOnLoadAttributes (263ms)
			ProcessInitializeOnLoadMethodAttributes (139ms)
			AfterProcessingInitializeOnLoad (8ms)
		AwakeInstancesAfterBackupRestoration (28ms)
Refreshing native plugins compatible for Editor in 2.62 ms, found 4 plugins.
Unloading 22 Unused Serialized files (Serialized files now loaded: 0)
Unloading 6693 unused Assets / (5.8 MB). Loaded Objects now: 7748.
Memory consumption went from 483.6 MB to 477.8 MB.
Total: 8.602000 ms (FindLiveObjects: 0.630700 ms CreateObjectMapping: 0.480000 ms MarkObjects: 4.462000 ms  DeleteObjects: 3.028000 ms)

Prepare: number of updated asset objects reloaded= 0
========================================================================
Received Prepare
AcceleratorClientConnectionCallback - disconnected - :0
Unloading 22 Unused Serialized files (Serialized files now loaded: 0)
Unloading 6682 unused Assets / (6.9 MB). Loaded Objects now: 7748.
Memory consumption went from 486.4 MB to 479.6 MB.
Total: 10.269000 ms (FindLiveObjects: 0.806900 ms CreateObjectMapping: 1.031100 ms MarkObjects: 4.693400 ms  DeleteObjects: 3.735900 ms)

Prepare: number of updated asset objects reloaded= 0
========================================================================
Received Prepare
AcceleratorClientConnectionCallback - disconnected - :0
Begin MonoManager ReloadAssembly
Symbol file LoadedFromMemory is not a mono symbol file
Native extension for WindowsStandalone target not found
[Package Manager] Failed to launch server process. Reason: Unity was launched with the -noUpm command-line argument
[Package Manager] Unable to send message (not connected to server process).
[Package Manager] Cannot connect to Unity Package Manager local server
[Package Manager] Failed to launch server process. Reason: Unity was launched with the -noUpm command-line argument
[Package Manager] Unable to send message (not connected to server process).
[Package Manager] Cannot connect to Unity Package Manager local server
ScheduleIndexationOnStartup MainProcess:False IndexOnStartup:True
Mono: successfully reloaded assembly
- Finished resetting the current domain, in  0.746 seconds
Domain Reload Profiling: 1757ms
	BeginReloadAssembly (292ms)
		DisableScriptedObjects (12ms)
		CreateAndSetChildDomain (55ms)
	RebuildCommonClasses (10ms)
	RebuildNativeTypeToScriptingClass (19ms)
	initialDomainReloadingComplete (77ms)
	LoadAllAssembliesAndSetupDomain (612ms)
		LoadAssemblies (407ms)
		AnalyzeDomain (229ms)
			TypeCache.Refresh (10ms)
			BuildScriptInfoCaches (212ms)
			ResolveRequiredComponents (5ms)
	FinalizeReload (747ms)
		SetupLoadedEditorAssemblies (0ms)
			InitializePlatformSupportModulesInManaged (3ms)
			BeforeProcessingInitializeOnLoad (87ms)
			ProcessInitializeOnLoadAttributes (273ms)
			ProcessInitializeOnLoadMethodAttributes (134ms)
			AfterProcessingInitializeOnLoad (11ms)
		AwakeInstancesAfterBackupRestoration (27ms)
Refreshing native plugins compatible for Editor in 3.71 ms, found 4 plugins.
Unloading 22 Unused Serialized files (Serialized files now loaded: 0)
Unloading 6693 unused Assets / (5.6 MB). Loaded Objects now: 7751.
Memory consumption went from 490.0 MB to 484.3 MB.
Total: 9.494300 ms (FindLiveObjects: 0.625400 ms CreateObjectMapping: 0.497900 ms MarkObjects: 6.112600 ms  DeleteObjects: 2.257300 ms)

Prepare: number of updated asset objects reloaded= 0
========================================================================
Received Prepare
AcceleratorClientConnectionCallback - disconnected - :0
Refreshing native plugins compatible for Editor in 2.35 ms, found 4 plugins.
Unloading 22 Unused Serialized files (Serialized files now loaded: 0)
Unloading 6682 unused Assets / (5.1 MB). Loaded Objects now: 7751.
Memory consumption went from 492.8 MB to 487.7 MB.
Total: 9.041600 ms (FindLiveObjects: 0.685900 ms CreateObjectMapping: 0.480600 ms MarkObjects: 5.500000 ms  DeleteObjects: 2.373900 ms)

Prepare: number of updated asset objects reloaded= 0
========================================================================
Received Prepare
AcceleratorClientConnectionCallback - disconnected - :0
[Licensing::Client] Successfully resolved entitlement details
Begin MonoManager ReloadAssembly
Symbol file LoadedFromMemory is not a mono symbol file
Refreshing native plugins compatible for Editor in 3.74 ms, found 4 plugins.
Native extension for WindowsStandalone target not found
[Package Manager] Failed to launch server process. Reason: Unity was launched with the -noUpm command-line argument
[Package Manager] Unable to send message (not connected to server process).
[Package Manager] Cannot connect to Unity Package Manager local server
[Package Manager] Failed to launch server process. Reason: Unity was launched with the -noUpm command-line argument
[Package Manager] Unable to send message (not connected to server process).
[Package Manager] Cannot connect to Unity Package Manager local server
ScheduleIndexationOnStartup MainProcess:False IndexOnStartup:True
Mono: successfully reloaded assembly
- Finished resetting the current domain, in  0.780 seconds
Domain Reload Profiling: 1742ms
	BeginReloadAssembly (262ms)
		DisableScriptedObjects (13ms)
		CreateAndSetChildDomain (56ms)
	RebuildCommonClasses (9ms)
	RebuildNativeTypeToScriptingClass (21ms)
	initialDomainReloadingComplete (69ms)
	LoadAllAssembliesAndSetupDomain (599ms)
		LoadAssemblies (372ms)
		AnalyzeDomain (222ms)
			TypeCache.Refresh (17ms)
			BuildScriptInfoCaches (197ms)
			ResolveRequiredComponents (5ms)
	FinalizeReload (781ms)
		SetupLoadedEditorAssemblies (0ms)
			BeforeProcessingInitializeOnLoad (81ms)
			ProcessInitializeOnLoadAttributes (294ms)
			ProcessInitializeOnLoadMethodAttributes (120ms)
			AfterProcessingInitializeOnLoad (10ms)
		AwakeInstancesAfterBackupRestoration (28ms)
Unloading 22 Unused Serialized files (Serialized files now loaded: 0)
Unloading 6693 unused Assets / (5.7 MB). Loaded Objects now: 7754.
Memory consumption went from 496.6 MB to 490.9 MB.
Total: 8.065100 ms (FindLiveObjects: 0.668700 ms CreateObjectMapping: 0.481800 ms MarkObjects: 4.436600 ms  DeleteObjects: 2.476800 ms)

Prepare: number of updated asset objects reloaded= 0
========================================================================
Received Prepare
AcceleratorClientConnectionCallback - disconnected - :0
Unloading 22 Unused Serialized files (Serialized files now loaded: 0)
Unloading 6682 unused Assets / (6.1 MB). Loaded Objects now: 7754.
Memory consumption went from 499.4 MB to 493.3 MB.
Total: 9.651400 ms (FindLiveObjects: 0.735200 ms CreateObjectMapping: 0.721700 ms MarkObjects: 5.290400 ms  DeleteObjects: 2.903000 ms)

Prepare: number of updated asset objects reloaded= 0
========================================================================
Received Prepare
AcceleratorClientConnectionCallback - disconnected - :0
Begin MonoManager ReloadAssembly
Symbol file LoadedFromMemory is not a mono symbol file
Refreshing native plugins compatible for Editor in 2.98 ms, found 4 plugins.
Native extension for WindowsStandalone target not found
[Package Manager] Failed to launch server process. Reason: Unity was launched with the -noUpm command-line argument
[Package Manager] Unable to send message (not connected to server process).
[Package Manager] Cannot connect to Unity Package Manager local server
[Package Manager] Failed to launch server process. Reason: Unity was launched with the -noUpm command-line argument
[Package Manager] Unable to send message (not connected to server process).
[Package Manager] Cannot connect to Unity Package Manager local server
ScheduleIndexationOnStartup MainProcess:False IndexOnStartup:True
Mono: successfully reloaded assembly
- Finished resetting the current domain, in  0.769 seconds
Domain Reload Profiling: 1775ms
	BeginReloadAssembly (272ms)
		DisableScriptedObjects (12ms)
		CreateAndSetChildDomain (59ms)
	RebuildCommonClasses (8ms)
	RebuildNativeTypeToScriptingClass (21ms)
	initialDomainReloadingComplete (73ms)
	LoadAllAssembliesAndSetupDomain (630ms)
		LoadAssemblies (385ms)
		AnalyzeDomain (242ms)
			TypeCache.Refresh (11ms)
			BuildScriptInfoCaches (218ms)
			ResolveRequiredComponents (10ms)
	FinalizeReload (770ms)
		SetupLoadedEditorAssemblies (0ms)
			BeforeProcessingInitializeOnLoad (87ms)
			ProcessInitializeOnLoadAttributes (280ms)
			ProcessInitializeOnLoadMethodAttributes (150ms)
			AfterProcessingInitializeOnLoad (10ms)
		AwakeInstancesAfterBackupRestoration (23ms)
Refreshing native plugins compatible for Editor in 3.36 ms, found 4 plugins.
Unloading 22 Unused Serialized files (Serialized files now loaded: 0)
Unloading 6693 unused Assets / (5.6 MB). Loaded Objects now: 7757.
Memory consumption went from 503.2 MB to 497.6 MB.
Total: 8.171100 ms (FindLiveObjects: 0.632200 ms CreateObjectMapping: 0.501100 ms MarkObjects: 4.681500 ms  DeleteObjects: 2.355500 ms)

Prepare: number of updated asset objects reloaded= 0
========================================================================
Received Prepare
AcceleratorClientConnectionCallback - disconnected - :0
Unloading 22 Unused Serialized files (Serialized files now loaded: 0)
Unloading 6682 unused Assets / (5.9 MB). Loaded Objects now: 7757.
Memory consumption went from 506.0 MB to 500.1 MB.
Total: 8.921400 ms (FindLiveObjects: 0.743300 ms CreateObjectMapping: 0.578600 ms MarkObjects: 4.545900 ms  DeleteObjects: 3.052700 ms)

Prepare: number of updated asset objects reloaded= 0
========================================================================
Received Prepare
AcceleratorClientConnectionCallback - disconnected - :0
[Licensing::Client] Successfully resolved entitlement details
Begin MonoManager ReloadAssembly
Symbol file LoadedFromMemory is not a mono symbol file
Native extension for WindowsStandalone target not found
[Package Manager] Failed to launch server process. Reason: Unity was launched with the -noUpm command-line argument
[Package Manager] Unable to send message (not connected to server process).
[Package Manager] Cannot connect to Unity Package Manager local server
[Package Manager] Failed to launch server process. Reason: Unity was launched with the -noUpm command-line argument
[Package Manager] Unable to send message (not connected to server process).
[Package Manager] Cannot connect to Unity Package Manager local server
ScheduleIndexationOnStartup MainProcess:False IndexOnStartup:True
Mono: successfully reloaded assembly
- Finished resetting the current domain, in  0.798 seconds
Domain Reload Profiling: 1741ms
	BeginReloadAssembly (252ms)
		DisableScriptedObjects (12ms)
		CreateAndSetChildDomain (52ms)
	RebuildCommonClasses (8ms)
	RebuildNativeTypeToScriptingClass (13ms)
	initialDomainReloadingComplete (73ms)
	LoadAllAssembliesAndSetupDomain (595ms)
		LoadAssemblies (373ms)
		AnalyzeDomain (215ms)
			TypeCache.Refresh (13ms)
			BuildScriptInfoCaches (195ms)
			ResolveRequiredComponents (5ms)
	FinalizeReload (800ms)
		SetupLoadedEditorAssemblies (0ms)
			BeforeProcessingInitializeOnLoad (97ms)
			ProcessInitializeOnLoadAttributes (271ms)
			ProcessInitializeOnLoadMethodAttributes (138ms)
			AfterProcessingInitializeOnLoad (7ms)
		AwakeInstancesAfterBackupRestoration (36ms)
Unloading 22 Unused Serialized files (Serialized files now loaded: 0)
Unloading 6693 unused Assets / (5.6 MB). Loaded Objects now: 7760.
Memory consumption went from 510.0 MB to 504.4 MB.
Total: 7.604500 ms (FindLiveObjects: 0.645800 ms CreateObjectMapping: 0.527000 ms MarkObjects: 4.048900 ms  DeleteObjects: 2.381500 ms)

Prepare: number of updated asset objects reloaded= 0
========================================================================
Received Prepare
AcceleratorClientConnectionCallback - disconnected - :0
Unloading 22 Unused Serialized files (Serialized files now loaded: 0)
Unloading 6682 unused Assets / (5.2 MB). Loaded Objects now: 7760.
Memory consumption went from 0.50 GB to 507.7 MB.
Total: 8.345600 ms (FindLiveObjects: 0.711400 ms CreateObjectMapping: 0.605700 ms MarkObjects: 4.545000 ms  DeleteObjects: 2.482500 ms)

Prepare: number of updated asset objects reloaded= 0
========================================================================
Received Prepare
AcceleratorClientConnectionCallback - disconnected - :0
Begin MonoManager ReloadAssembly
Symbol file LoadedFromMemory is not a mono symbol file
Native extension for WindowsStandalone target not found
[Package Manager] Failed to launch server process. Reason: Unity was launched with the -noUpm command-line argument
[Package Manager] Unable to send message (not connected to server process).
[Package Manager] Cannot connect to Unity Package Manager local server
[Package Manager] Failed to launch server process. Reason: Unity was launched with the -noUpm command-line argument
[Package Manager] Unable to send message (not connected to server process).
[Package Manager] Cannot connect to Unity Package Manager local server
ScheduleIndexationOnStartup MainProcess:False IndexOnStartup:True
Mono: successfully reloaded assembly
- Finished resetting the current domain, in  0.778 seconds
Domain Reload Profiling: 1712ms
	BeginReloadAssembly (241ms)
		DisableScriptedObjects (12ms)
		CreateAndSetChildDomain (54ms)
	RebuildCommonClasses (7ms)
	RebuildNativeTypeToScriptingClass (22ms)
	initialDomainReloadingComplete (71ms)
	LoadAllAssembliesAndSetupDomain (592ms)
		LoadAssemblies (366ms)
		AnalyzeDomain (206ms)
			TypeCache.Refresh (10ms)
			BuildScriptInfoCaches (189ms)
			ResolveRequiredComponents (5ms)
	FinalizeReload (779ms)
		SetupLoadedEditorAssemblies (0ms)
			InitializePlatformSupportModulesInManaged (3ms)
			BeforeProcessingInitializeOnLoad (100ms)
			ProcessInitializeOnLoadAttributes (274ms)
			ProcessInitializeOnLoadMethodAttributes (122ms)
			AfterProcessingInitializeOnLoad (10ms)
		AwakeInstancesAfterBackupRestoration (31ms)
Unloading 22 Unused Serialized files (Serialized files now loaded: 0)
Unloading 6693 unused Assets / (5.9 MB). Loaded Objects now: 7763.
Memory consumption went from 0.50 GB to 510.6 MB.
Total: 8.454500 ms (FindLiveObjects: 0.611800 ms CreateObjectMapping: 0.886700 ms MarkObjects: 4.052400 ms  DeleteObjects: 2.902700 ms)

Prepare: number of updated asset objects reloaded= 0
========================================================================
Received Prepare
AcceleratorClientConnectionCallback - disconnected - :0
Unloading 22 Unused Serialized files (Serialized files now loaded: 0)
Unloading 6682 unused Assets / (6.7 MB). Loaded Objects now: 7763.
Memory consumption went from 0.51 GB to 0.50 GB.
Total: 8.994500 ms (FindLiveObjects: 0.757800 ms CreateObjectMapping: 0.454200 ms MarkObjects: 4.053400 ms  DeleteObjects: 3.727800 ms)

Prepare: number of updated asset objects reloaded= 0
========================================================================
Received Prepare
AcceleratorClientConnectionCallback - disconnected - :0
Begin MonoManager ReloadAssembly
Symbol file LoadedFromMemory is not a mono symbol file
Native extension for WindowsStandalone target not found
[Package Manager] Failed to launch server process. Reason: Unity was launched with the -noUpm command-line argument
[Package Manager] Unable to send message (not connected to server process).
[Package Manager] Cannot connect to Unity Package Manager local server
[Package Manager] Failed to launch server process. Reason: Unity was launched with the -noUpm command-line argument
[Package Manager] Unable to send message (not connected to server process).
[Package Manager] Cannot connect to Unity Package Manager local server
ScheduleIndexationOnStartup MainProcess:False IndexOnStartup:True
Mono: successfully reloaded assembly
- Finished resetting the current domain, in  0.752 seconds
Domain Reload Profiling: 1710ms
	BeginReloadAssembly (242ms)
		DisableScriptedObjects (12ms)
		CreateAndSetChildDomain (47ms)
	RebuildCommonClasses (8ms)
	RebuildNativeTypeToScriptingClass (22ms)
	initialDomainReloadingComplete (69ms)
	LoadAllAssembliesAndSetupDomain (616ms)
		LoadAssemblies (378ms)
		AnalyzeDomain (217ms)
			TypeCache.Refresh (10ms)
			BuildScriptInfoCaches (199ms)
			ResolveRequiredComponents (6ms)
	FinalizeReload (753ms)
		SetupLoadedEditorAssemblies (0ms)
			BeforeProcessingInitializeOnLoad (86ms)
			ProcessInitializeOnLoadAttributes (270ms)
			ProcessInitializeOnLoadMethodAttributes (131ms)
			AfterProcessingInitializeOnLoad (9ms)
		AwakeInstancesAfterBackupRestoration (30ms)
Unloading 22 Unused Serialized files (Serialized files now loaded: 0)
Unloading 6693 unused Assets / (5.6 MB). Loaded Objects now: 7766.
Memory consumption went from 0.51 GB to 0.50 GB.
Total: 7.729000 ms (FindLiveObjects: 0.667400 ms CreateObjectMapping: 0.490000 ms MarkObjects: 4.280500 ms  DeleteObjects: 2.289800 ms)

Prepare: number of updated asset objects reloaded= 0
========================================================================
Received Prepare
AcceleratorClientConnectionCallback - disconnected - :0
Unloading 22 Unused Serialized files (Serialized files now loaded: 0)
Unloading 6682 unused Assets / (5.8 MB). Loaded Objects now: 7766.
Memory consumption went from 0.51 GB to 0.51 GB.
Total: 10.674500 ms (FindLiveObjects: 0.913000 ms CreateObjectMapping: 0.536000 ms MarkObjects: 6.328500 ms  DeleteObjects: 2.895200 ms)

Prepare: number of updated asset objects reloaded= 0
========================================================================
Received Prepare
AcceleratorClientConnectionCallback - disconnected - :0
[Licensing::Client] Successfully resolved entitlement details
Begin MonoManager ReloadAssembly
Symbol file LoadedFromMemory is not a mono symbol file
Native extension for WindowsStandalone target not found
[Package Manager] Failed to launch server process. Reason: Unity was launched with the -noUpm command-line argument
[Package Manager] Unable to send message (not connected to server process).
[Package Manager] Cannot connect to Unity Package Manager local server
[Package Manager] Failed to launch server process. Reason: Unity was launched with the -noUpm command-line argument
[Package Manager] Unable to send message (not connected to server process).
[Package Manager] Cannot connect to Unity Package Manager local server
ScheduleIndexationOnStartup MainProcess:False IndexOnStartup:True
Mono: successfully reloaded assembly
- Finished resetting the current domain, in  0.855 seconds
Domain Reload Profiling: 1852ms
	BeginReloadAssembly (260ms)
		DisableScriptedObjects (12ms)
		CreateAndSetChildDomain (58ms)
	RebuildCommonClasses (9ms)
	RebuildNativeTypeToScriptingClass (17ms)
	initialDomainReloadingComplete (78ms)
	LoadAllAssembliesAndSetupDomain (632ms)
		LoadAssemblies (360ms)
		AnalyzeDomain (247ms)
			TypeCache.Refresh (10ms)
			BuildScriptInfoCaches (226ms)
			ResolveRequiredComponents (9ms)
	FinalizeReload (856ms)
		SetupLoadedEditorAssemblies (0ms)
			BeforeProcessingInitializeOnLoad (116ms)
			ProcessInitializeOnLoadAttributes (319ms)
			ProcessInitializeOnLoadMethodAttributes (134ms)
			AfterProcessingInitializeOnLoad (9ms)
		AwakeInstancesAfterBackupRestoration (25ms)
Unloading 22 Unused Serialized files (Serialized files now loaded: 0)
Unloading 6693 unused Assets / (5.0 MB). Loaded Objects now: 7769.
Memory consumption went from 0.52 GB to 0.51 GB.
Total: 8.849200 ms (FindLiveObjects: 0.820000 ms CreateObjectMapping: 0.644900 ms MarkObjects: 4.568900 ms  DeleteObjects: 2.813400 ms)

Prepare: number of updated asset objects reloaded= 0
========================================================================
Received Prepare
AcceleratorClientConnectionCallback - disconnected - :0
Unloading 22 Unused Serialized files (Serialized files now loaded: 0)
Unloading 6682 unused Assets / (5.5 MB). Loaded Objects now: 7769.
Memory consumption went from 0.52 GB to 0.51 GB.
Total: 8.597500 ms (FindLiveObjects: 0.648200 ms CreateObjectMapping: 0.615500 ms MarkObjects: 5.038900 ms  DeleteObjects: 2.293800 ms)

Prepare: number of updated asset objects reloaded= 0
========================================================================
Received Prepare
AcceleratorClientConnectionCallback - disconnected - :0
Begin MonoManager ReloadAssembly
Symbol file LoadedFromMemory is not a mono symbol file
Native extension for WindowsStandalone target not found
[Package Manager] Failed to launch server process. Reason: Unity was launched with the -noUpm command-line argument
[Package Manager] Unable to send message (not connected to server process).
[Package Manager] Cannot connect to Unity Package Manager local server
[Package Manager] Failed to launch server process. Reason: Unity was launched with the -noUpm command-line argument
[Package Manager] Unable to send message (not connected to server process).
[Package Manager] Cannot connect to Unity Package Manager local server
ScheduleIndexationOnStartup MainProcess:False IndexOnStartup:True
Mono: successfully reloaded assembly
- Finished resetting the current domain, in  0.799 seconds
Domain Reload Profiling: 1806ms
	BeginReloadAssembly (283ms)
		DisableScriptedObjects (34ms)
		CreateAndSetChildDomain (52ms)
	RebuildCommonClasses (8ms)
	RebuildNativeTypeToScriptingClass (17ms)
	initialDomainReloadingComplete (69ms)
	LoadAllAssembliesAndSetupDomain (630ms)
		LoadAssemblies (377ms)
		AnalyzeDomain (240ms)
			TypeCache.Refresh (12ms)
			BuildScriptInfoCaches (215ms)
			ResolveRequiredComponents (10ms)
	FinalizeReload (800ms)
		SetupLoadedEditorAssemblies (0ms)
			BeforeProcessingInitializeOnLoad (94ms)
			ProcessInitializeOnLoadAttributes (299ms)
			ProcessInitializeOnLoadMethodAttributes (151ms)
			AfterProcessingInitializeOnLoad (7ms)
		AwakeInstancesAfterBackupRestoration (23ms)
Unloading 22 Unused Serialized files (Serialized files now loaded: 0)
Unloading 6693 unused Assets / (5.8 MB). Loaded Objects now: 7772.
Memory consumption went from 0.52 GB to 0.52 GB.
Total: 7.913100 ms (FindLiveObjects: 0.611200 ms CreateObjectMapping: 0.535600 ms MarkObjects: 4.367100 ms  DeleteObjects: 2.398500 ms)

Prepare: number of updated asset objects reloaded= 0
========================================================================
Received Prepare
AcceleratorClientConnectionCallback - disconnected - :0
Unloading 22 Unused Serialized files (Serialized files now loaded: 0)
Unloading 6682 unused Assets / (5.2 MB). Loaded Objects now: 7772.
Memory consumption went from 0.53 GB to 0.52 GB.
Total: 10.993300 ms (FindLiveObjects: 0.676800 ms CreateObjectMapping: 0.463800 ms MarkObjects: 7.139500 ms  DeleteObjects: 2.712200 ms)

Prepare: number of updated asset objects reloaded= 0
========================================================================
Received Prepare
AcceleratorClientConnectionCallback - disconnected - :0
Begin MonoManager ReloadAssembly
Symbol file LoadedFromMemory is not a mono symbol file
Native extension for WindowsStandalone target not found
[Package Manager] Failed to launch server process. Reason: Unity was launched with the -noUpm command-line argument
[Package Manager] Unable to send message (not connected to server process).
[Package Manager] Cannot connect to Unity Package Manager local server
[Package Manager] Failed to launch server process. Reason: Unity was launched with the -noUpm command-line argument
[Package Manager] Unable to send message (not connected to server process).
[Package Manager] Cannot connect to Unity Package Manager local server
ScheduleIndexationOnStartup MainProcess:False IndexOnStartup:True
Mono: successfully reloaded assembly
- Finished resetting the current domain, in  0.761 seconds
Domain Reload Profiling: 1771ms
	BeginReloadAssembly (256ms)
		DisableScriptedObjects (12ms)
		CreateAndSetChildDomain (56ms)
	RebuildCommonClasses (9ms)
	RebuildNativeTypeToScriptingClass (19ms)
	initialDomainReloadingComplete (91ms)
	LoadAllAssembliesAndSetupDomain (636ms)
		LoadAssemblies (380ms)
		AnalyzeDomain (239ms)
			TypeCache.Refresh (16ms)
			BuildScriptInfoCaches (215ms)
			ResolveRequiredComponents (6ms)
	FinalizeReload (762ms)
		SetupLoadedEditorAssemblies (0ms)
			BeforeProcessingInitializeOnLoad (89ms)
			ProcessInitializeOnLoadAttributes (269ms)
			ProcessInitializeOnLoadMethodAttributes (137ms)
			AfterProcessingInitializeOnLoad (10ms)
		AwakeInstancesAfterBackupRestoration (27ms)
Unloading 22 Unused Serialized files (Serialized files now loaded: 0)
Unloading 6693 unused Assets / (5.4 MB). Loaded Objects now: 7775.
Memory consumption went from 0.53 GB to 0.52 GB.
Total: 7.907300 ms (FindLiveObjects: 0.645800 ms CreateObjectMapping: 0.457800 ms MarkObjects: 4.182200 ms  DeleteObjects: 2.620500 ms)

Prepare: number of updated asset objects reloaded= 0
========================================================================
Received Prepare
AcceleratorClientConnectionCallback - disconnected - :0
Unloading 22 Unused Serialized files (Serialized files now loaded: 0)
Unloading 6682 unused Assets / (5.7 MB). Loaded Objects now: 7775.
Memory consumption went from 0.53 GB to 0.53 GB.
Total: 9.105900 ms (FindLiveObjects: 0.639300 ms CreateObjectMapping: 0.570600 ms MarkObjects: 4.575200 ms  DeleteObjects: 3.319600 ms)

Prepare: number of updated asset objects reloaded= 0
========================================================================
Received Prepare
AcceleratorClientConnectionCallback - disconnected - :0
Unloading 22 Unused Serialized files (Serialized files now loaded: 0)
Unloading 6683 unused Assets / (5.0 MB). Loaded Objects now: 7776.
Memory consumption went from 0.54 GB to 0.53 GB.
Total: 8.829300 ms (FindLiveObjects: 0.668100 ms CreateObjectMapping: 0.561700 ms MarkObjects: 5.267800 ms  DeleteObjects: 2.330600 ms)

Prepare: number of updated asset objects reloaded= 0
========================================================================
Received Prepare
AcceleratorClientConnectionCallback - disconnected - :0
Refreshing native plugins compatible for Editor in 2.38 ms, found 4 plugins.
Unloading 22 Unused Serialized files (Serialized files now loaded: 0)
Unloading 6683 unused Assets / (5.8 MB). Loaded Objects now: 7776.
Memory consumption went from 0.54 GB to 0.53 GB.
Total: 8.807400 ms (FindLiveObjects: 0.694000 ms CreateObjectMapping: 0.590800 ms MarkObjects: 4.757300 ms  DeleteObjects: 2.764100 ms)

Prepare: number of updated asset objects reloaded= 0
========================================================================
Received Prepare
AcceleratorClientConnectionCallback - disconnected - :0
[Licensing::Client] Successfully resolved entitlement details
Begin MonoManager ReloadAssembly
Symbol file LoadedFromMemory is not a mono symbol file
Refreshing native plugins compatible for Editor in 2.24 ms, found 4 plugins.
Native extension for WindowsStandalone target not found
[Package Manager] Failed to launch server process. Reason: Unity was launched with the -noUpm command-line argument
[Package Manager] Unable to send message (not connected to server process).
[Package Manager] Cannot connect to Unity Package Manager local server
[Package Manager] Failed to launch server process. Reason: Unity was launched with the -noUpm command-line argument
[Package Manager] Unable to send message (not connected to server process).
[Package Manager] Cannot connect to Unity Package Manager local server
ScheduleIndexationOnStartup MainProcess:False IndexOnStartup:True
Mono: successfully reloaded assembly
- Finished resetting the current domain, in  0.725 seconds
Domain Reload Profiling: 1660ms
	BeginReloadAssembly (233ms)
		DisableScriptedObjects (14ms)
		CreateAndSetChildDomain (54ms)
	RebuildCommonClasses (10ms)
	RebuildNativeTypeToScriptingClass (14ms)
	initialDomainReloadingComplete (69ms)
	LoadAllAssembliesAndSetupDomain (608ms)
		LoadAssemblies (376ms)
		AnalyzeDomain (211ms)
			TypeCache.Refresh (10ms)
			BuildScriptInfoCaches (194ms)
			ResolveRequiredComponents (5ms)
	FinalizeReload (725ms)
		SetupLoadedEditorAssemblies (0ms)
			BeforeProcessingInitializeOnLoad (106ms)
			ProcessInitializeOnLoadAttributes (262ms)
			ProcessInitializeOnLoadMethodAttributes (115ms)
			AfterProcessingInitializeOnLoad (8ms)
		AwakeInstancesAfterBackupRestoration (24ms)
Unloading 22 Unused Serialized files (Serialized files now loaded: 0)
Unloading 6694 unused Assets / (5.5 MB). Loaded Objects now: 7779.
Memory consumption went from 0.54 GB to 0.54 GB.
Total: 8.499200 ms (FindLiveObjects: 0.611400 ms CreateObjectMapping: 0.530200 ms MarkObjects: 4.921800 ms  DeleteObjects: 2.434600 ms)

Prepare: number of updated asset objects reloaded= 0
========================================================================
Received Prepare
AcceleratorClientConnectionCallback - disconnected - :0
Refreshing native plugins compatible for Editor in 2.20 ms, found 4 plugins.
Unloading 22 Unused Serialized files (Serialized files now loaded: 0)
Unloading 6683 unused Assets / (5.9 MB). Loaded Objects now: 7779.
Memory consumption went from 0.54 GB to 0.54 GB.
Total: 8.973100 ms (FindLiveObjects: 0.697100 ms CreateObjectMapping: 0.532800 ms MarkObjects: 4.587900 ms  DeleteObjects: 3.154300 ms)

Prepare: number of updated asset objects reloaded= 0
========================================================================
Received Import Request.
  Time of request: 2026-08-31T20:30:34.9932839Z
  Time since last request: 1777.32891960000006 seconds.
  importAddress: GUID: 11a0d9da3626c85428c32f4b1818c079 - Path: Assets/_ArchOS/Scripts/Programs/ICaster.cs - Importer: PreviewImporter
Importing 'GUID: 11a0d9da3626c85428c32f4b1818c079 - Path: Assets/_ArchOS/Scripts/Programs/ICaster.cs - Importer: PreviewImporter' with importer (PreviewImporter)
Imported 'GUID: 11a0d9da3626c85428c32f4b1818c079' -> (Import Result ID: 'deb81de9605af5d9098268ab1a1258d0') in 0.008 seconds [static and dynamic dependencies]. Details - ImportResultOutputID=4f93af0ad69eed3f0f108d2897d388b1 DependenciesID=643e67db2a50cb78f54f2ac60575130c StaticDependenciesID=93bd9367ca3dd3c3cff8c424ccb2c5e3 
Number of updated asset objects reloaded before import = 0
Number of asset objects unloaded after import = 0
========================================================================
Received Prepare
AcceleratorClientConnectionCallback - disconnected - :0
Refreshing native plugins compatible for Editor in 2.03 ms, found 4 plugins.
Unloading 22 Unused Serialized files (Serialized files now loaded: 0)
Unloading 6683 unused Assets / (5.1 MB). Loaded Objects now: 7779.
Memory consumption went from 0.54 GB to 0.53 GB.
Total: 8.961800 ms (FindLiveObjects: 0.750300 ms CreateObjectMapping: 0.540200 ms MarkObjects: 4.666500 ms  DeleteObjects: 3.003200 ms)

Prepare: number of updated asset objects reloaded= 0
========================================================================
Received Prepare
AcceleratorClientConnectionCallback - disconnected - :0
Unloading 22 Unused Serialized files (Serialized files now loaded: 0)
Unloading 6683 unused Assets / (6.1 MB). Loaded Objects now: 7779.
Memory consumption went from 0.54 GB to 0.54 GB.
Total: 10.129200 ms (FindLiveObjects: 0.633000 ms CreateObjectMapping: 0.517100 ms MarkObjects: 5.398200 ms  DeleteObjects: 3.579600 ms)

Prepare: number of updated asset objects reloaded= 0
========================================================================
Received Prepare
AcceleratorClientConnectionCallback - disconnected - :0
Unloading 22 Unused Serialized files (Serialized files now loaded: 0)
Unloading 6683 unused Assets / (5.7 MB). Loaded Objects now: 7779.
Memory consumption went from 0.54 GB to 0.54 GB.
Total: 8.607900 ms (FindLiveObjects: 0.609700 ms CreateObjectMapping: 0.540700 ms MarkObjects: 4.690000 ms  DeleteObjects: 2.766700 ms)

Prepare: number of updated asset objects reloaded= 0
========================================================================
Received Prepare
AcceleratorClientConnectionCallback - disconnected - :0
Refreshing native plugins compatible for Editor in 2.23 ms, found 4 plugins.
Unloading 22 Unused Serialized files (Serialized files now loaded: 0)
Unloading 6683 unused Assets / (6.8 MB). Loaded Objects now: 7779.
Memory consumption went from 0.55 GB to 0.54 GB.
Total: 12.528200 ms (FindLiveObjects: 0.893300 ms CreateObjectMapping: 0.648400 ms MarkObjects: 7.176100 ms  DeleteObjects: 3.808300 ms)

Prepare: number of updated asset objects reloaded= 0
========================================================================
Received Prepare
AcceleratorClientConnectionCallback - disconnected - :0
Unloading 22 Unused Serialized files (Serialized files now loaded: 0)
Unloading 6683 unused Assets / (5.0 MB). Loaded Objects now: 7779.
Memory consumption went from 0.55 GB to 0.54 GB.
Total: 8.701500 ms (FindLiveObjects: 0.656800 ms CreateObjectMapping: 0.484000 ms MarkObjects: 5.096500 ms  DeleteObjects: 2.463000 ms)

Prepare: number of updated asset objects reloaded= 0
========================================================================
Received Prepare
AcceleratorClientConnectionCallback - disconnected - :0
Begin MonoManager ReloadAssembly
Symbol file LoadedFromMemory is not a mono symbol file
Native extension for WindowsStandalone target not found
[Package Manager] Failed to launch server process. Reason: Unity was launched with the -noUpm command-line argument
[Package Manager] Unable to send message (not connected to server process).
[Package Manager] Cannot connect to Unity Package Manager local server
[Package Manager] Failed to launch server process. Reason: Unity was launched with the -noUpm command-line argument
[Package Manager] Unable to send message (not connected to server process).
[Package Manager] Cannot connect to Unity Package Manager local server
ScheduleIndexationOnStartup MainProcess:False IndexOnStartup:True
Mono: successfully reloaded assembly
- Finished resetting the current domain, in  0.667 seconds
Domain Reload Profiling: 1531ms
	BeginReloadAssembly (231ms)
		DisableScriptedObjects (30ms)
		CreateAndSetChildDomain (48ms)
	RebuildCommonClasses (8ms)
	RebuildNativeTypeToScriptingClass (15ms)
	initialDomainReloadingComplete (63ms)
	LoadAllAssembliesAndSetupDomain (546ms)
		LoadAssemblies (319ms)
		AnalyzeDomain (205ms)
			TypeCache.Refresh (11ms)
			BuildScriptInfoCaches (188ms)
			ResolveRequiredComponents (5ms)
	FinalizeReload (668ms)
		SetupLoadedEditorAssemblies (0ms)
			BeforeProcessingInitializeOnLoad (82ms)
			ProcessInitializeOnLoadAttributes (242ms)
			ProcessInitializeOnLoadMethodAttributes (116ms)
			AfterProcessingInitializeOnLoad (8ms)
		AwakeInstancesAfterBackupRestoration (22ms)
Refreshing native plugins compatible for Editor in 2.08 ms, found 4 plugins.
Unloading 22 Unused Serialized files (Serialized files now loaded: 0)
Unloading 6694 unused Assets / (5.4 MB). Loaded Objects now: 7782.
Memory consumption went from 0.55 GB to 0.55 GB.
Total: 7.999600 ms (FindLiveObjects: 0.691300 ms CreateObjectMapping: 0.495600 ms MarkObjects: 4.449700 ms  DeleteObjects: 2.361800 ms)

Prepare: number of updated asset objects reloaded= 0
========================================================================
Received Import Request.
  Time of request: 2026-08-31T20:31:34.2731503Z
  Time since last request: 59.2615198 seconds.
  importAddress: GUID: 240d4610fd85bdb4d94f28e6c8dcc95d - Path: Assets/_ArchOS/Scripts/INetTarget.cs - Importer: ScriptedImporter/UnityEditor.QuickSearchModule:UnityEditor.Search:ASIAI0B
Importing 'GUID: 240d4610fd85bdb4d94f28e6c8dcc95d - Path: Assets/_ArchOS/Scripts/INetTarget.cs - Importer: ScriptedImporter/UnityEditor.QuickSearchModule:UnityEditor.Search:ASIAI0B' with importer (ScriptedImporter : UnityEditor.QuickSearchModule:UnityEditor.Search:ASIAI0B)
Imported 'GUID: 240d4610fd85bdb4d94f28e6c8dcc95d' -> (Import Result ID: '522524b088e97a71c64e98b7f21dfb3f') in 0.149 seconds [static and dynamic dependencies]. Details - ImportResultOutputID=9e7847ed89599dd5713d2ee9b3a29a44 DependenciesID=8c84265e9cb7fd2a40666bd023d7a50d StaticDependenciesID=bb95a5300c20ecdd73ff302f437aa071 
Number of updated asset objects reloaded before import = 0
Number of asset objects unloaded after import = 0
========================================================================
Received Prepare
AcceleratorClientConnectionCallback - disconnected - :0
Unloading 22 Unused Serialized files (Serialized files now loaded: 0)
Unloading 6684 unused Assets / (5.5 MB). Loaded Objects now: 7783.
Memory consumption went from 389.5 MB to 384.0 MB.
Total: 8.262700 ms (FindLiveObjects: 0.641500 ms CreateObjectMapping: 0.509800 ms MarkObjects: 4.628000 ms  DeleteObjects: 2.482600 ms)

Prepare: number of updated asset objects reloaded= 0
========================================================================
Received Prepare
AcceleratorClientConnectionCallback - disconnected - :0
Refreshing native plugins compatible for Editor in 2.14 ms, found 4 plugins.
Unloading 22 Unused Serialized files (Serialized files now loaded: 0)
Unloading 6684 unused Assets / (5.7 MB). Loaded Objects now: 7783.
Memory consumption went from 392.1 MB to 386.5 MB.
Total: 9.639800 ms (FindLiveObjects: 0.637100 ms CreateObjectMapping: 0.626900 ms MarkObjects: 4.818400 ms  DeleteObjects: 3.555800 ms)

Prepare: number of updated asset objects reloaded= 0
========================================================================
Received Import Request.
  Time of request: 2026-08-31T20:31:41.8551312Z
  Time since last request: 7.4217568 seconds.
  importAddress: GUID: d7b318b099236ec499696068e260b960 - Path: Assets/_ArchOS/Scripts/Programs/ITargetable.cs - Importer: PreviewImporter
Importing 'GUID: d7b318b099236ec499696068e260b960 - Path: Assets/_ArchOS/Scripts/Programs/ITargetable.cs - Importer: PreviewImporter' with importer (PreviewImporter)
Imported 'GUID: d7b318b099236ec499696068e260b960' -> (Import Result ID: '98b6e6a2a157b625a42c3e8110d40e79') in 0.011 seconds [static and dynamic dependencies]. Details - ImportResultOutputID=fa5b5dfe9f029c886ac2f48d82c42a10 DependenciesID=9e78bab46c9113f85848d38211c3ffbd StaticDependenciesID=6d8e74a4e4c0deae4c39c0bec6dc82da 
Number of updated asset objects reloaded before import = 0
Number of asset objects unloaded after import = 0
========================================================================
Received Prepare
AcceleratorClientConnectionCallback - disconnected - :0
Refreshing native plugins compatible for Editor in 2.95 ms, found 4 plugins.
Unloading 22 Unused Serialized files (Serialized files now loaded: 0)
Unloading 6684 unused Assets / (5.5 MB). Loaded Objects now: 7783.
Memory consumption went from 378.8 MB to 373.3 MB.
Total: 10.046600 ms (FindLiveObjects: 1.061900 ms CreateObjectMapping: 0.759200 ms MarkObjects: 5.106100 ms  DeleteObjects: 3.117500 ms)

Prepare: number of updated asset objects reloaded= 0
========================================================================
Received Prepare
AcceleratorClientConnectionCallback - disconnected - :0
Unloading 22 Unused Serialized files (Serialized files now loaded: 0)
Unloading 6684 unused Assets / (6.4 MB). Loaded Objects now: 7783.
Memory consumption went from 381.5 MB to 375.0 MB.
Total: 9.757000 ms (FindLiveObjects: 0.595300 ms CreateObjectMapping: 0.535500 ms MarkObjects: 5.034200 ms  DeleteObjects: 3.591100 ms)

Prepare: number of updated asset objects reloaded= 0
========================================================================
Received Prepare
AcceleratorClientConnectionCallback - disconnected - :0
Refreshing native plugins compatible for Editor in 3.16 ms, found 4 plugins.
Unloading 22 Unused Serialized files (Serialized files now loaded: 0)
Unloading 6684 unused Assets / (4.9 MB). Loaded Objects now: 7783.
Memory consumption went from 384.1 MB to 379.2 MB.
Total: 8.466600 ms (FindLiveObjects: 0.663300 ms CreateObjectMapping: 0.657000 ms MarkObjects: 4.680700 ms  DeleteObjects: 2.464200 ms)

Prepare: number of updated asset objects reloaded= 0
========================================================================
Received Prepare
AcceleratorClientConnectionCallback - disconnected - :0
Unloading 22 Unused Serialized files (Serialized files now loaded: 0)
Unloading 6684 unused Assets / (6.6 MB). Loaded Objects now: 7783.
Memory consumption went from 386.8 MB to 380.2 MB.
Total: 11.191300 ms (FindLiveObjects: 0.706100 ms CreateObjectMapping: 0.473200 ms MarkObjects: 6.432000 ms  DeleteObjects: 3.578800 ms)

Prepare: number of updated asset objects reloaded= 0
========================================================================
Received Prepare
AcceleratorClientConnectionCallback - disconnected - :0
[Licensing::Client] Successfully resolved entitlement details
Begin MonoManager ReloadAssembly
Symbol file LoadedFromMemory is not a mono symbol file
Native extension for WindowsStandalone target not found
[Package Manager] Failed to launch server process. Reason: Unity was launched with the -noUpm command-line argument
[Package Manager] Unable to send message (not connected to server process).
[Package Manager] Cannot connect to Unity Package Manager local server
[Package Manager] Failed to launch server process. Reason: Unity was launched with the -noUpm command-line argument
[Package Manager] Unable to send message (not connected to server process).
[Package Manager] Cannot connect to Unity Package Manager local server
ScheduleIndexationOnStartup MainProcess:False IndexOnStartup:True
Mono: successfully reloaded assembly
- Finished resetting the current domain, in  0.867 seconds
Domain Reload Profiling: 1736ms
	BeginReloadAssembly (255ms)
		DisableScriptedObjects (22ms)
		CreateAndSetChildDomain (59ms)
	RebuildCommonClasses (9ms)
	RebuildNativeTypeToScriptingClass (16ms)
	initialDomainReloadingComplete (62ms)
	LoadAllAssembliesAndSetupDomain (528ms)
		LoadAssemblies (328ms)
		AnalyzeDomain (187ms)
			TypeCache.Refresh (11ms)
			BuildScriptInfoCaches (170ms)
			ResolveRequiredComponents (5ms)
	FinalizeReload (868ms)
		SetupLoadedEditorAssemblies (0ms)
			BeforeProcessingInitializeOnLoad (107ms)
			ProcessInitializeOnLoadAttributes (315ms)
			ProcessInitializeOnLoadMethodAttributes (146ms)
			AfterProcessingInitializeOnLoad (9ms)
		AwakeInstancesAfterBackupRestoration (29ms)
Refreshing native plugins compatible for Editor in 2.12 ms, found 4 plugins.
Unloading 22 Unused Serialized files (Serialized files now loaded: 0)
Unloading 6695 unused Assets / (5.4 MB). Loaded Objects now: 7786.
Memory consumption went from 389.9 MB to 384.5 MB.
Total: 10.280400 ms (FindLiveObjects: 0.700400 ms CreateObjectMapping: 0.805200 ms MarkObjects: 5.490800 ms  DeleteObjects: 3.282300 ms)

Prepare: number of updated asset objects reloaded= 0
========================================================================
Received Prepare
AcceleratorClientConnectionCallback - disconnected - :0
Unloading 22 Unused Serialized files (Serialized files now loaded: 0)
Unloading 6685 unused Assets / (5.6 MB). Loaded Objects now: 7787.
Memory consumption went from 392.7 MB to 387.1 MB.
Total: 7.719800 ms (FindLiveObjects: 0.634500 ms CreateObjectMapping: 0.550600 ms MarkObjects: 4.179600 ms  DeleteObjects: 2.354100 ms)

Prepare: number of updated asset objects reloaded= 0
========================================================================
Received Prepare
AcceleratorClientConnectionCallback - disconnected - :0
Unloading 22 Unused Serialized files (Serialized files now loaded: 0)
Unloading 6685 unused Assets / (5.5 MB). Loaded Objects now: 7787.
Memory consumption went from 395.4 MB to 389.9 MB.
Total: 8.724100 ms (FindLiveObjects: 0.674100 ms CreateObjectMapping: 0.504600 ms MarkObjects: 4.770500 ms  DeleteObjects: 2.773300 ms)

Prepare: number of updated asset objects reloaded= 0
========================================================================
Received Prepare
AcceleratorClientConnectionCallback - disconnected - :0
Unloading 22 Unused Serialized files (Serialized files now loaded: 0)
Unloading 6685 unused Assets / (5.6 MB). Loaded Objects now: 7787.
Memory consumption went from 398.0 MB to 392.4 MB.
Total: 9.633000 ms (FindLiveObjects: 0.940200 ms CreateObjectMapping: 0.512800 ms MarkObjects: 5.060100 ms  DeleteObjects: 3.118400 ms)

Prepare: number of updated asset objects reloaded= 0
========================================================================
Received Import Request.
  Time of request: 2026-08-31T20:33:53.0257468Z
  Time since last request: 131.14851640000001 seconds.
  importAddress: GUID: 833168ecb187fc94193bd84b2cdb7aa1 - Path: Assets/_ArchOS/Scripts/Programs/Eraser.cs - Importer: PreviewImporter
Importing 'GUID: 833168ecb187fc94193bd84b2cdb7aa1 - Path: Assets/_ArchOS/Scripts/Programs/Eraser.cs - Importer: PreviewImporter' with importer (PreviewImporter)
Imported 'GUID: 833168ecb187fc94193bd84b2cdb7aa1' -> (Import Result ID: 'd201336558ecbfe089812c324c510e35') in 0.005 seconds [static and dynamic dependencies]. Details - ImportResultOutputID=eeb8e8906b5b1ca0f7e2867d83e75953 DependenciesID=ec13dfb5c904f48799b9c101d08c6474 StaticDependenciesID=7fc6f3ac96a72b3070f0625bb5270dff 
Number of updated asset objects reloaded before import = 0
Number of asset objects unloaded after import = 0
========================================================================
Received Prepare
AcceleratorClientConnectionCallback - disconnected - :0
Unloading 22 Unused Serialized files (Serialized files now loaded: 0)
Unloading 6685 unused Assets / (5.3 MB). Loaded Objects now: 7787.
Memory consumption went from 395.4 MB to 390.0 MB.
Total: 8.642800 ms (FindLiveObjects: 0.616200 ms CreateObjectMapping: 0.572100 ms MarkObjects: 4.497600 ms  DeleteObjects: 2.955700 ms)

Prepare: number of updated asset objects reloaded= 0
========================================================================
Received Import Request.
  Time of request: 2026-08-31T20:34:02.9032792Z
  Time since last request: 9.857435 seconds.
  importAddress: GUID: 833168ecb187fc94193bd84b2cdb7aa1 - Path: Assets/_ArchOS/Scripts/Programs/Eraser.cs - Importer: PreviewImporter
Importing 'GUID: 833168ecb187fc94193bd84b2cdb7aa1 - Path: Assets/_ArchOS/Scripts/Programs/Eraser.cs - Importer: PreviewImporter' with importer (PreviewImporter)
Imported 'GUID: 833168ecb187fc94193bd84b2cdb7aa1' -> (Import Result ID: '3086a82176c2e9df0206d3a58bc873ba') in 0.011 seconds [static and dynamic dependencies]. Details - ImportResultOutputID=eeb8e8906b5b1ca0f7e2867d83e75953 DependenciesID=0e74484702d9ed3dc18937bfa173a75d StaticDependenciesID=6200b2bdd7fea8308bd1a96abdb53505 
Number of updated asset objects reloaded before import = 0
Number of asset objects unloaded after import = 0
========================================================================
Received Prepare
AcceleratorClientConnectionCallback - disconnected - :0
Unloading 22 Unused Serialized files (Serialized files now loaded: 0)
Unloading 6685 unused Assets / (5.4 MB). Loaded Objects now: 7787.
Memory consumption went from 376.7 MB to 371.3 MB.
Total: 10.114600 ms (FindLiveObjects: 1.069700 ms CreateObjectMapping: 0.963700 ms MarkObjects: 5.543400 ms  DeleteObjects: 2.536200 ms)

Prepare: number of updated asset objects reloaded= 0
========================================================================
Received Prepare
AcceleratorClientConnectionCallback - disconnected - :0
Unloading 22 Unused Serialized files (Serialized files now loaded: 0)
Unloading 6685 unused Assets / (5.9 MB). Loaded Objects now: 7787.
Memory consumption went from 379.4 MB to 373.5 MB.
Total: 9.618700 ms (FindLiveObjects: 1.001200 ms CreateObjectMapping: 0.537900 ms MarkObjects: 4.550200 ms  DeleteObjects: 3.528500 ms)

Prepare: number of updated asset objects reloaded= 0
========================================================================
Received Prepare
AcceleratorClientConnectionCallback - disconnected - :0
Refreshing native plugins compatible for Editor in 3.14 ms, found 4 plugins.
Unloading 22 Unused Serialized files (Serialized files now loaded: 0)
Unloading 6685 unused Assets / (6.2 MB). Loaded Objects now: 7787.
Memory consumption went from 382.1 MB to 375.9 MB.
Total: 12.365800 ms (FindLiveObjects: 1.188500 ms CreateObjectMapping: 1.096900 ms MarkObjects: 6.033100 ms  DeleteObjects: 4.045700 ms)

Prepare: number of updated asset objects reloaded= 0
========================================================================
Received Prepare
AcceleratorClientConnectionCallback - disconnected - :0
Refreshing native plugins compatible for Editor in 2.29 ms, found 4 plugins.
Unloading 22 Unused Serialized files (Serialized files now loaded: 0)
Unloading 6685 unused Assets / (5.5 MB). Loaded Objects now: 7787.
Memory consumption went from 384.7 MB to 379.2 MB.
Total: 8.115200 ms (FindLiveObjects: 0.670200 ms CreateObjectMapping: 0.445500 ms MarkObjects: 4.702900 ms  DeleteObjects: 2.295400 ms)

Prepare: number of updated asset objects reloaded= 0
========================================================================
Received Prepare
AcceleratorClientConnectionCallback - disconnected - :0
Unloading 22 Unused Serialized files (Serialized files now loaded: 0)
Unloading 6685 unused Assets / (5.7 MB). Loaded Objects now: 7787.
Memory consumption went from 387.4 MB to 381.7 MB.
Total: 7.696700 ms (FindLiveObjects: 0.616400 ms CreateObjectMapping: 0.516000 ms MarkObjects: 4.187600 ms  DeleteObjects: 2.375800 ms)

Prepare: number of updated asset objects reloaded= 0
========================================================================
Received Prepare
AcceleratorClientConnectionCallback - disconnected - :0
Unloading 22 Unused Serialized files (Serialized files now loaded: 0)
Unloading 6685 unused Assets / (5.9 MB). Loaded Objects now: 7787.
Memory consumption went from 390.0 MB to 384.2 MB.
Total: 8.303600 ms (FindLiveObjects: 0.599300 ms CreateObjectMapping: 0.483600 ms MarkObjects: 4.540600 ms  DeleteObjects: 2.679000 ms)

Prepare: number of updated asset objects reloaded= 0
========================================================================
Received Prepare
AcceleratorClientConnectionCallback - disconnected - :0
Refreshing native plugins compatible for Editor in 2.06 ms, found 4 plugins.
Unloading 22 Unused Serialized files (Serialized files now loaded: 0)
Unloading 6685 unused Assets / (6.9 MB). Loaded Objects now: 7787.
Memory consumption went from 392.7 MB to 385.8 MB.
Total: 8.928700 ms (FindLiveObjects: 0.596900 ms CreateObjectMapping: 0.743300 ms MarkObjects: 4.165200 ms  DeleteObjects: 3.422800 ms)

Prepare: number of updated asset objects reloaded= 0
========================================================================
Received Prepare
AcceleratorClientConnectionCallback - disconnected - :0
Unloading 22 Unused Serialized files (Serialized files now loaded: 0)
Unloading 6685 unused Assets / (4.5 MB). Loaded Objects now: 7787.
Memory consumption went from 395.4 MB to 390.9 MB.
Total: 8.500500 ms (FindLiveObjects: 0.592500 ms CreateObjectMapping: 0.429100 ms MarkObjects: 5.027500 ms  DeleteObjects: 2.450400 ms)

Prepare: number of updated asset objects reloaded= 0
========================================================================
Received Prepare
AcceleratorClientConnectionCallback - disconnected - :0
Refreshing native plugins compatible for Editor in 2.22 ms, found 4 plugins.
Unloading 22 Unused Serialized files (Serialized files now loaded: 0)
Unloading 6685 unused Assets / (5.6 MB). Loaded Objects now: 7787.
Memory consumption went from 398.0 MB to 392.4 MB.
Total: 10.801900 ms (FindLiveObjects: 0.583500 ms CreateObjectMapping: 0.438100 ms MarkObjects: 6.797700 ms  DeleteObjects: 2.981100 ms)

Prepare: number of updated asset objects reloaded= 0
========================================================================
Received Prepare
AcceleratorClientConnectionCallback - disconnected - :0
Unloading 22 Unused Serialized files (Serialized files now loaded: 0)
Unloading 6685 unused Assets / (4.9 MB). Loaded Objects now: 7787.
Memory consumption went from 400.7 MB to 395.8 MB.
Total: 8.814700 ms (FindLiveObjects: 0.776800 ms CreateObjectMapping: 0.869600 ms MarkObjects: 4.609000 ms  DeleteObjects: 2.558300 ms)

Prepare: number of updated asset objects reloaded= 0
========================================================================
Received Prepare
AcceleratorClientConnectionCallback - disconnected - :0
Unloading 22 Unused Serialized files (Serialized files now loaded: 0)
Unloading 6685 unused Assets / (6.6 MB). Loaded Objects now: 7787.
Memory consumption went from 403.4 MB to 396.8 MB.
Total: 9.092100 ms (FindLiveObjects: 0.642400 ms CreateObjectMapping: 0.524000 ms MarkObjects: 4.891500 ms  DeleteObjects: 3.033200 ms)

Prepare: number of updated asset objects reloaded= 0
========================================================================
Received Import Request.
  Time of request: 2026-08-31T20:35:56.6020493Z
  Time since last request: 113.6770415 seconds.
  importAddress: GUID: 833168ecb187fc94193bd84b2cdb7aa1 - Path: Assets/_ArchOS/Scripts/Programs/Eraser.cs - Importer: PreviewImporter
Importing 'GUID: 833168ecb187fc94193bd84b2cdb7aa1 - Path: Assets/_ArchOS/Scripts/Programs/Eraser.cs - Importer: PreviewImporter' with importer (PreviewImporter)
Imported 'GUID: 833168ecb187fc94193bd84b2cdb7aa1' -> (Import Result ID: 'b5de3e097516546eafa53feff98a4998') in 0.002 seconds [static and dynamic dependencies]. Details - ImportResultOutputID=eeb8e8906b5b1ca0f7e2867d83e75953 DependenciesID=fb11212ca46e4fabcd4308c0f5ec10ff StaticDependenciesID=ffc8dd28b4b3cb8abe2a871cd56a4ad0 
Number of updated asset objects reloaded before import = 0
Number of asset objects unloaded after import = 0
========================================================================
Received Prepare
AcceleratorClientConnectionCallback - disconnected - :0
Refreshing native plugins compatible for Editor in 2.14 ms, found 4 plugins.
Unloading 22 Unused Serialized files (Serialized files now loaded: 0)
Unloading 6685 unused Assets / (6.1 MB). Loaded Objects now: 7787.
Memory consumption went from 403.4 MB to 397.2 MB.
Total: 8.970000 ms (FindLiveObjects: 0.650000 ms CreateObjectMapping: 0.555200 ms MarkObjects: 4.564900 ms  DeleteObjects: 3.198400 ms)

Prepare: number of updated asset objects reloaded= 0
========================================================================
Received Import Request.
  Time of request: 2026-08-31T20:36:07.4759579Z
  Time since last request: 10.8626877 seconds.
  importAddress: GUID: 833168ecb187fc94193bd84b2cdb7aa1 - Path: Assets/_ArchOS/Scripts/Programs/Eraser.cs - Importer: PreviewImporter
Importing 'GUID: 833168ecb187fc94193bd84b2cdb7aa1 - Path: Assets/_ArchOS/Scripts/Programs/Eraser.cs - Importer: PreviewImporter' with importer (PreviewImporter)
Imported 'GUID: 833168ecb187fc94193bd84b2cdb7aa1' -> (Import Result ID: '6d24297336cbee41d5aa6439f3a33cbf') in 0.015 seconds [static and dynamic dependencies]. Details - ImportResultOutputID=eeb8e8906b5b1ca0f7e2867d83e75953 DependenciesID=9c16e7fe4e2df57c8909763cc3db8505 StaticDependenciesID=5cf5b3f2d732d035ef26d8e4195b8ff0 
Number of updated asset objects reloaded before import = 0
Number of asset objects unloaded after import = 0
========================================================================
Received Prepare
AcceleratorClientConnectionCallback - disconnected - :0
Refreshing native plugins compatible for Editor in 2.22 ms, found 4 plugins.
Unloading 22 Unused Serialized files (Serialized files now loaded: 0)
Unloading 6685 unused Assets / (6.1 MB). Loaded Objects now: 7787.
Memory consumption went from 376.8 MB to 370.6 MB.
Total: 10.174400 ms (FindLiveObjects: 0.938400 ms CreateObjectMapping: 0.503000 ms MarkObjects: 5.070400 ms  DeleteObjects: 3.660900 ms)

Prepare: number of updated asset objects reloaded= 0
========================================================================
Received Prepare
AcceleratorClientConnectionCallback - disconnected - :0
Unloading 22 Unused Serialized files (Serialized files now loaded: 0)
Unloading 6685 unused Assets / (5.7 MB). Loaded Objects now: 7787.
Memory consumption went from 379.4 MB to 373.7 MB.
Total: 13.993400 ms (FindLiveObjects: 1.572800 ms CreateObjectMapping: 1.324600 ms MarkObjects: 7.169100 ms  DeleteObjects: 3.925500 ms)

Prepare: number of updated asset objects reloaded= 0
========================================================================
Received Prepare
AcceleratorClientConnectionCallback - disconnected - :0
Refreshing native plugins compatible for Editor in 3.54 ms, found 4 plugins.
Unloading 22 Unused Serialized files (Serialized files now loaded: 0)
Unloading 6685 unused Assets / (4.6 MB). Loaded Objects now: 7787.
Memory consumption went from 382.1 MB to 377.5 MB.
Total: 12.129500 ms (FindLiveObjects: 1.450400 ms CreateObjectMapping: 1.081900 ms MarkObjects: 7.150700 ms  DeleteObjects: 2.445000 ms)

Prepare: number of updated asset objects reloaded= 0
========================================================================
Received Prepare
AcceleratorClientConnectionCallback - disconnected - :0
Refreshing native plugins compatible for Editor in 2.66 ms, found 4 plugins.
Unloading 22 Unused Serialized files (Serialized files now loaded: 0)
Unloading 6685 unused Assets / (6.3 MB). Loaded Objects now: 7787.
Memory consumption went from 384.7 MB to 378.5 MB.
Total: 13.288200 ms (FindLiveObjects: 1.395400 ms CreateObjectMapping: 1.076300 ms MarkObjects: 7.099000 ms  DeleteObjects: 3.716000 ms)

Prepare: number of updated asset objects reloaded= 0
========================================================================
Received Import Request.
  Time of request: 2026-08-31T20:37:00.3909409Z
  Time since last request: 52.8890488 seconds.
  importAddress: GUID: 833168ecb187fc94193bd84b2cdb7aa1 - Path: Assets/_ArchOS/Scripts/Programs/Eraser.cs - Importer: PreviewImporter
Importing 'GUID: 833168ecb187fc94193bd84b2cdb7aa1 - Path: Assets/_ArchOS/Scripts/Programs/Eraser.cs - Importer: PreviewImporter' with importer (PreviewImporter)
Imported 'GUID: 833168ecb187fc94193bd84b2cdb7aa1' -> (Import Result ID: '0a34d5c052879503f24954ae0b2cd266') in 0.003 seconds [static and dynamic dependencies]. Details - ImportResultOutputID=eeb8e8906b5b1ca0f7e2867d83e75953 DependenciesID=7b418cd0c09dcac9b792ba5d0ecd625a StaticDependenciesID=12f3c0156523b769aa19fb9eab3188e5 
Number of updated asset objects reloaded before import = 0
Number of asset objects unloaded after import = 0
========================================================================
Received Prepare
AcceleratorClientConnectionCallback - disconnected - :0
Refreshing native plugins compatible for Editor in 2.21 ms, found 4 plugins.
Unloading 22 Unused Serialized files (Serialized files now loaded: 0)
Unloading 6685 unused Assets / (6.1 MB). Loaded Objects now: 7787.
Memory consumption went from 384.8 MB to 378.6 MB.
Total: 12.000000 ms (FindLiveObjects: 0.906200 ms CreateObjectMapping: 0.767600 ms MarkObjects: 6.046400 ms  DeleteObjects: 4.278600 ms)

Prepare: number of updated asset objects reloaded= 0
========================================================================
Received Import Request.
  Time of request: 2026-08-31T20:38:35.6179965Z
  Time since last request: 95.2111707 seconds.
  importAddress: GUID: 833168ecb187fc94193bd84b2cdb7aa1 - Path: Assets/_ArchOS/Scripts/Programs/Eraser.cs - Importer: PreviewImporter
Importing 'GUID: 833168ecb187fc94193bd84b2cdb7aa1 - Path: Assets/_ArchOS/Scripts/Programs/Eraser.cs - Importer: PreviewImporter' with importer (PreviewImporter)
Imported 'GUID: 833168ecb187fc94193bd84b2cdb7aa1' -> (Import Result ID: '746a0921c62228bd608ba2d536744686') in 0.008 seconds [static and dynamic dependencies]. Details - ImportResultOutputID=eeb8e8906b5b1ca0f7e2867d83e75953 DependenciesID=9a31eb67940984fe1c6b3540d3258131 StaticDependenciesID=88524361a59f041a70e9f82d58e9bcb3 
Number of updated asset objects reloaded before import = 0
Number of asset objects unloaded after import = 0
========================================================================
Received Prepare
AcceleratorClientConnectionCallback - disconnected - :0
Refreshing native plugins compatible for Editor in 2.01 ms, found 4 plugins.
Unloading 22 Unused Serialized files (Serialized files now loaded: 0)
Unloading 6685 unused Assets / (6.4 MB). Loaded Objects now: 7787.
Memory consumption went from 376.8 MB to 370.4 MB.
Total: 9.613800 ms (FindLiveObjects: 0.799900 ms CreateObjectMapping: 0.659500 ms MarkObjects: 4.674700 ms  DeleteObjects: 3.478200 ms)

Prepare: number of updated asset objects reloaded= 0
========================================================================
Received Prepare
AcceleratorClientConnectionCallback - disconnected - :0
Refreshing native plugins compatible for Editor in 3.16 ms, found 4 plugins.
Unloading 22 Unused Serialized files (Serialized files now loaded: 0)
Unloading 6685 unused Assets / (6.0 MB). Loaded Objects now: 7787.
Memory consumption went from 379.4 MB to 373.4 MB.
Total: 12.811600 ms (FindLiveObjects: 1.082900 ms CreateObjectMapping: 0.768400 ms MarkObjects: 6.432400 ms  DeleteObjects: 4.525700 ms)

Prepare: number of updated asset objects reloaded= 0
========================================================================
Received Prepare
AcceleratorClientConnectionCallback - disconnected - :0
Unloading 22 Unused Serialized files (Serialized files now loaded: 0)
Unloading 6685 unused Assets / (4.9 MB). Loaded Objects now: 7787.
Memory consumption went from 382.1 MB to 377.2 MB.
Total: 9.073300 ms (FindLiveObjects: 0.929500 ms CreateObjectMapping: 0.552900 ms MarkObjects: 5.394800 ms  DeleteObjects: 2.194900 ms)

Prepare: number of updated asset objects reloaded= 0
========================================================================
Received Prepare
AcceleratorClientConnectionCallback - disconnected - :0
Refreshing native plugins compatible for Editor in 2.24 ms, found 4 plugins.
Unloading 22 Unused Serialized files (Serialized files now loaded: 0)
Unloading 6685 unused Assets / (5.6 MB). Loaded Objects now: 7787.
Memory consumption went from 384.8 MB to 379.1 MB.
Total: 8.751300 ms (FindLiveObjects: 0.783400 ms CreateObjectMapping: 0.589600 ms MarkObjects: 4.964500 ms  DeleteObjects: 2.412800 ms)

Prepare: number of updated asset objects reloaded= 0
========================================================================
Received Prepare
AcceleratorClientConnectionCallback - disconnected - :0
Refreshing native plugins compatible for Editor in 2.57 ms, found 4 plugins.
Unloading 22 Unused Serialized files (Serialized files now loaded: 0)
Unloading 6685 unused Assets / (6.8 MB). Loaded Objects now: 7787.
Memory consumption went from 387.4 MB to 380.7 MB.
Total: 11.122800 ms (FindLiveObjects: 0.689300 ms CreateObjectMapping: 1.112900 ms MarkObjects: 5.579600 ms  DeleteObjects: 3.739300 ms)

Prepare: number of updated asset objects reloaded= 0
========================================================================
Received Prepare
AcceleratorClientConnectionCallback - disconnected - :0
Unloading 22 Unused Serialized files (Serialized files now loaded: 0)
Unloading 6685 unused Assets / (4.9 MB). Loaded Objects now: 7787.
Memory consumption went from 390.1 MB to 385.2 MB.
Total: 11.668500 ms (FindLiveObjects: 2.115800 ms CreateObjectMapping: 0.605400 ms MarkObjects: 6.144000 ms  DeleteObjects: 2.801500 ms)

Prepare: number of updated asset objects reloaded= 0
========================================================================
Received Prepare
AcceleratorClientConnectionCallback - disconnected - :0
Unloading 22 Unused Serialized files (Serialized files now loaded: 0)
Unloading 6685 unused Assets / (5.7 MB). Loaded Objects now: 7787.
Memory consumption went from 392.8 MB to 387.0 MB.
Total: 9.444700 ms (FindLiveObjects: 0.650400 ms CreateObjectMapping: 0.470500 ms MarkObjects: 5.870200 ms  DeleteObjects: 2.452100 ms)

Prepare: number of updated asset objects reloaded= 0
========================================================================
Received Prepare
AcceleratorClientConnectionCallback - disconnected - :0
Refreshing native plugins compatible for Editor in 2.02 ms, found 4 plugins.
Unloading 22 Unused Serialized files (Serialized files now loaded: 0)
Unloading 6685 unused Assets / (6.6 MB). Loaded Objects now: 7787.
Memory consumption went from 395.4 MB to 388.8 MB.
Total: 9.986000 ms (FindLiveObjects: 0.600200 ms CreateObjectMapping: 0.442500 ms MarkObjects: 5.764800 ms  DeleteObjects: 3.177400 ms)

Prepare: number of updated asset objects reloaded= 0
========================================================================
Received Prepare
AcceleratorClientConnectionCallback - disconnected - :0
Unloading 22 Unused Serialized files (Serialized files now loaded: 0)
Unloading 6685 unused Assets / (4.6 MB). Loaded Objects now: 7787.
Memory consumption went from 398.1 MB to 393.5 MB.
Total: 7.962300 ms (FindLiveObjects: 0.777700 ms CreateObjectMapping: 0.619200 ms MarkObjects: 4.198900 ms  DeleteObjects: 2.365500 ms)

Prepare: number of updated asset objects reloaded= 0
========================================================================
Received Prepare
AcceleratorClientConnectionCallback - disconnected - :0
Refreshing native plugins compatible for Editor in 2.95 ms, found 4 plugins.
Unloading 22 Unused Serialized files (Serialized files now loaded: 0)
Unloading 6685 unused Assets / (5.4 MB). Loaded Objects now: 7787.
Memory consumption went from 400.7 MB to 395.3 MB.
Total: 8.193300 ms (FindLiveObjects: 0.734900 ms CreateObjectMapping: 0.449500 ms MarkObjects: 4.583300 ms  DeleteObjects: 2.424400 ms)

Prepare: number of updated asset objects reloaded= 0
========================================================================
Received Prepare
AcceleratorClientConnectionCallback - disconnected - :0
Refreshing native plugins compatible for Editor in 2.14 ms, found 4 plugins.
Unloading 22 Unused Serialized files (Serialized files now loaded: 0)
Unloading 6685 unused Assets / (6.9 MB). Loaded Objects now: 7787.
Memory consumption went from 403.4 MB to 396.5 MB.
Total: 10.367100 ms (FindLiveObjects: 0.801500 ms CreateObjectMapping: 0.775800 ms MarkObjects: 5.393000 ms  DeleteObjects: 3.395800 ms)

Prepare: number of updated asset objects reloaded= 0
========================================================================
Received Prepare
AcceleratorClientConnectionCallback - disconnected - :0
Refreshing native plugins compatible for Editor in 2.44 ms, found 4 plugins.
Unloading 22 Unused Serialized files (Serialized files now loaded: 0)
Unloading 6685 unused Assets / (5.8 MB). Loaded Objects now: 7787.
Memory consumption went from 406.1 MB to 400.3 MB.
Total: 9.159800 ms (FindLiveObjects: 0.639800 ms CreateObjectMapping: 0.508900 ms MarkObjects: 4.509700 ms  DeleteObjects: 3.500300 ms)

Prepare: number of updated asset objects reloaded= 0
========================================================================
Received Prepare
AcceleratorClientConnectionCallback - disconnected - :0
Refreshing native plugins compatible for Editor in 5.73 ms, found 4 plugins.
Unloading 22 Unused Serialized files (Serialized files now loaded: 0)
Unloading 6685 unused Assets / (4.9 MB). Loaded Objects now: 7787.
Memory consumption went from 408.7 MB to 403.9 MB.
Total: 8.002200 ms (FindLiveObjects: 0.627900 ms CreateObjectMapping: 0.487200 ms MarkObjects: 4.412800 ms  DeleteObjects: 2.473500 ms)

Prepare: number of updated asset objects reloaded= 0
========================================================================
Received Prepare
AcceleratorClientConnectionCallback - disconnected - :0
Unloading 22 Unused Serialized files (Serialized files now loaded: 0)
Unloading 6685 unused Assets / (6.3 MB). Loaded Objects now: 7787.
Memory consumption went from 411.4 MB to 405.2 MB.
Total: 11.160500 ms (FindLiveObjects: 0.888200 ms CreateObjectMapping: 0.617100 ms MarkObjects: 6.223700 ms  DeleteObjects: 3.430000 ms)

Prepare: number of updated asset objects reloaded= 0
========================================================================
Received Prepare
AcceleratorClientConnectionCallback - disconnected - :0
Refreshing native plugins compatible for Editor in 2.44 ms, found 4 plugins.
Unloading 22 Unused Serialized files (Serialized files now loaded: 0)
Unloading 6685 unused Assets / (5.3 MB). Loaded Objects now: 7787.
Memory consumption went from 414.1 MB to 408.8 MB.
Total: 9.129500 ms (FindLiveObjects: 0.827700 ms CreateObjectMapping: 0.618900 ms MarkObjects: 5.353500 ms  DeleteObjects: 2.328200 ms)

Prepare: number of updated asset objects reloaded= 0
========================================================================
Received Prepare
AcceleratorClientConnectionCallback - disconnected - :0
Refreshing native plugins compatible for Editor in 2.16 ms, found 4 plugins.
Unloading 22 Unused Serialized files (Serialized files now loaded: 0)
Unloading 6685 unused Assets / (5.3 MB). Loaded Objects now: 7787.
Memory consumption went from 416.7 MB to 411.5 MB.
Total: 10.295000 ms (FindLiveObjects: 0.912400 ms CreateObjectMapping: 0.745700 ms MarkObjects: 5.663800 ms  DeleteObjects: 2.971500 ms)

Prepare: number of updated asset objects reloaded= 0
========================================================================
Received Prepare
AcceleratorClientConnectionCallback - disconnected - :0
Refreshing native plugins compatible for Editor in 2.05 ms, found 4 plugins.
Unloading 22 Unused Serialized files (Serialized files now loaded: 0)
Unloading 6685 unused Assets / (5.0 MB). Loaded Objects now: 7787.
Memory consumption went from 419.4 MB to 414.4 MB.
Total: 9.425300 ms (FindLiveObjects: 0.738300 ms CreateObjectMapping: 0.627800 ms MarkObjects: 5.165600 ms  DeleteObjects: 2.892900 ms)

Prepare: number of updated asset objects reloaded= 0
========================================================================
Received Prepare
AcceleratorClientConnectionCallback - disconnected - :0
Unloading 22 Unused Serialized files (Serialized files now loaded: 0)
Unloading 6685 unused Assets / (5.7 MB). Loaded Objects now: 7787.
Memory consumption went from 422.1 MB to 416.4 MB.
Total: 8.904400 ms (FindLiveObjects: 0.630500 ms CreateObjectMapping: 0.506000 ms MarkObjects: 5.484000 ms  DeleteObjects: 2.282900 ms)

Prepare: number of updated asset objects reloaded= 0
========================================================================
Received Prepare
AcceleratorClientConnectionCallback - disconnected - :0
Refreshing native plugins compatible for Editor in 2.08 ms, found 4 plugins.
Unloading 22 Unused Serialized files (Serialized files now loaded: 0)
Unloading 6685 unused Assets / (5.9 MB). Loaded Objects now: 7787.
Memory consumption went from 424.7 MB to 418.8 MB.
Total: 9.337800 ms (FindLiveObjects: 0.661900 ms CreateObjectMapping: 0.493000 ms MarkObjects: 4.591000 ms  DeleteObjects: 3.591000 ms)

Prepare: number of updated asset objects reloaded= 0
========================================================================
Received Prepare
AcceleratorClientConnectionCallback - disconnected - :0
Refreshing native plugins compatible for Editor in 4.06 ms, found 4 plugins.
Unloading 22 Unused Serialized files (Serialized files now loaded: 0)
Unloading 6685 unused Assets / (5.2 MB). Loaded Objects now: 7787.
Memory consumption went from 427.4 MB to 422.2 MB.
Total: 9.514300 ms (FindLiveObjects: 0.657300 ms CreateObjectMapping: 0.486300 ms MarkObjects: 5.032600 ms  DeleteObjects: 3.336500 ms)

Prepare: number of updated asset objects reloaded= 0
========================================================================
Received Prepare
AcceleratorClientConnectionCallback - disconnected - :0
Refreshing native plugins compatible for Editor in 2.54 ms, found 4 plugins.
Unloading 22 Unused Serialized files (Serialized files now loaded: 0)
Unloading 6685 unused Assets / (5.3 MB). Loaded Objects now: 7787.
Memory consumption went from 430.1 MB to 424.7 MB.
Total: 10.056700 ms (FindLiveObjects: 0.753500 ms CreateObjectMapping: 0.988300 ms MarkObjects: 5.265400 ms  DeleteObjects: 3.048400 ms)

Prepare: number of updated asset objects reloaded= 0
========================================================================
Received Prepare
AcceleratorClientConnectionCallback - disconnected - :0
Unloading 22 Unused Serialized files (Serialized files now loaded: 0)
Unloading 6685 unused Assets / (5.4 MB). Loaded Objects now: 7787.
Memory consumption went from 432.7 MB to 427.3 MB.
Total: 8.242900 ms (FindLiveObjects: 0.612100 ms CreateObjectMapping: 0.499400 ms MarkObjects: 4.929400 ms  DeleteObjects: 2.200600 ms)

Prepare: number of updated asset objects reloaded= 0
========================================================================
Received Prepare
AcceleratorClientConnectionCallback - disconnected - :0
Unloading 22 Unused Serialized files (Serialized files now loaded: 0)
Unloading 6685 unused Assets / (5.6 MB). Loaded Objects now: 7787.
Memory consumption went from 435.4 MB to 429.8 MB.
Total: 10.502100 ms (FindLiveObjects: 0.846100 ms CreateObjectMapping: 0.826200 ms MarkObjects: 5.607000 ms  DeleteObjects: 3.221400 ms)

Prepare: number of updated asset objects reloaded= 0
========================================================================
Received Prepare
AcceleratorClientConnectionCallback - disconnected - :0
Unloading 22 Unused Serialized files (Serialized files now loaded: 0)
Unloading 6685 unused Assets / (5.8 MB). Loaded Objects now: 7787.
Memory consumption went from 438.1 MB to 432.3 MB.
Total: 10.485500 ms (FindLiveObjects: 0.748600 ms CreateObjectMapping: 0.557400 ms MarkObjects: 5.957400 ms  DeleteObjects: 3.220800 ms)

Prepare: number of updated asset objects reloaded= 0
========================================================================
Received Prepare
AcceleratorClientConnectionCallback - disconnected - :0
Refreshing native plugins compatible for Editor in 2.30 ms, found 4 plugins.
Unloading 22 Unused Serialized files (Serialized files now loaded: 0)
Unloading 6685 unused Assets / (5.5 MB). Loaded Objects now: 7787.
Memory consumption went from 440.7 MB to 435.2 MB.
Total: 8.533200 ms (FindLiveObjects: 0.720700 ms CreateObjectMapping: 0.594800 ms MarkObjects: 4.327400 ms  DeleteObjects: 2.889100 ms)

Prepare: number of updated asset objects reloaded= 0
========================================================================
Received Import Request.
  Time of request: 2026-08-31T20:45:51.5706286Z
  Time since last request: 435.9348976 seconds.
  importAddress: GUID: 833168ecb187fc94193bd84b2cdb7aa1 - Path: Assets/_ArchOS/Scripts/Programs/Eraser.cs - Importer: PreviewImporter
Importing 'GUID: 833168ecb187fc94193bd84b2cdb7aa1 - Path: Assets/_ArchOS/Scripts/Programs/Eraser.cs - Importer: PreviewImporter' with importer (PreviewImporter)
Imported 'GUID: 833168ecb187fc94193bd84b2cdb7aa1' -> (Import Result ID: '3c053b62396f29322c483f19cbe0f4fd') in 0.003 seconds [static and dynamic dependencies]. Details - ImportResultOutputID=eeb8e8906b5b1ca0f7e2867d83e75953 DependenciesID=8d1a455dc3e55cd084b670d7b2915bc2 StaticDependenciesID=6038cc1b56243a58378e8082574de9ac 
Number of updated asset objects reloaded before import = 0
Number of asset objects unloaded after import = 0
========================================================================
Received Prepare
AcceleratorClientConnectionCallback - disconnected - :0
Refreshing native plugins compatible for Editor in 2.25 ms, found 4 plugins.
Unloading 22 Unused Serialized files (Serialized files now loaded: 0)
Unloading 6685 unused Assets / (6.0 MB). Loaded Objects now: 7787.
Memory consumption went from 440.7 MB to 434.7 MB.
Total: 10.074300 ms (FindLiveObjects: 0.724900 ms CreateObjectMapping: 0.548200 ms MarkObjects: 5.458400 ms  DeleteObjects: 3.341400 ms)

Prepare: number of updated asset objects reloaded= 0
========================================================================
Received Prepare
AcceleratorClientConnectionCallback - disconnected - :0
Refreshing native plugins compatible for Editor in 2.15 ms, found 4 plugins.
Unloading 22 Unused Serialized files (Serialized files now loaded: 0)
Unloading 6685 unused Assets / (5.2 MB). Loaded Objects now: 7787.
Memory consumption went from 443.4 MB to 438.2 MB.
Total: 8.772600 ms (FindLiveObjects: 0.838800 ms CreateObjectMapping: 0.670100 ms MarkObjects: 4.489600 ms  DeleteObjects: 2.772300 ms)

Prepare: number of updated asset objects reloaded= 0
========================================================================
Received Prepare
AcceleratorClientConnectionCallback - disconnected - :0
Refreshing native plugins compatible for Editor in 2.50 ms, found 4 plugins.
Unloading 22 Unused Serialized files (Serialized files now loaded: 0)
Unloading 6685 unused Assets / (6.0 MB). Loaded Objects now: 7787.
Memory consumption went from 446.0 MB to 440.0 MB.
Total: 9.979200 ms (FindLiveObjects: 0.887400 ms CreateObjectMapping: 0.617000 ms MarkObjects: 4.615000 ms  DeleteObjects: 3.858700 ms)

Prepare: number of updated asset objects reloaded= 0
========================================================================
Received Prepare
AcceleratorClientConnectionCallback - disconnected - :0
Refreshing native plugins compatible for Editor in 2.06 ms, found 4 plugins.
Unloading 22 Unused Serialized files (Serialized files now loaded: 0)
Unloading 6685 unused Assets / (6.7 MB). Loaded Objects now: 7787.
Memory consumption went from 448.7 MB to 442.0 MB.
Total: 10.072600 ms (FindLiveObjects: 0.878500 ms CreateObjectMapping: 0.624600 ms MarkObjects: 4.831400 ms  DeleteObjects: 3.736800 ms)

Prepare: number of updated asset objects reloaded= 0
========================================================================
Received Prepare
AcceleratorClientConnectionCallback - disconnected - :0
Unloading 22 Unused Serialized files (Serialized files now loaded: 0)
Unloading 6685 unused Assets / (5.4 MB). Loaded Objects now: 7787.
Memory consumption went from 451.4 MB to 446.0 MB.
Total: 10.064500 ms (FindLiveObjects: 0.808500 ms CreateObjectMapping: 1.198200 ms MarkObjects: 4.755000 ms  DeleteObjects: 3.301200 ms)

Prepare: number of updated asset objects reloaded= 0
========================================================================
Received Import Request.
  Time of request: 2026-08-31T20:46:55.3763576Z
  Time since last request: 63.7941413 seconds.
  importAddress: GUID: 833168ecb187fc94193bd84b2cdb7aa1 - Path: Assets/_ArchOS/Scripts/Programs/Eraser.cs - Importer: PreviewImporter
Importing 'GUID: 833168ecb187fc94193bd84b2cdb7aa1 - Path: Assets/_ArchOS/Scripts/Programs/Eraser.cs - Importer: PreviewImporter' with importer (PreviewImporter)
Imported 'GUID: 833168ecb187fc94193bd84b2cdb7aa1' -> (Import Result ID: '9bc5ff82b918401b5fb48cbc76845314') in 0.039 seconds [static and dynamic dependencies]. Details - ImportResultOutputID=eeb8e8906b5b1ca0f7e2867d83e75953 DependenciesID=77ff5db8f929f0022453d63d18c7ccdd StaticDependenciesID=a95b967678f1002120580e79a5f9a2da 
Number of updated asset objects reloaded before import = 0
Number of asset objects unloaded after import = 0
========================================================================
Received Prepare
AcceleratorClientConnectionCallback - disconnected - :0
Unloading 22 Unused Serialized files (Serialized files now loaded: 0)
Unloading 6685 unused Assets / (5.6 MB). Loaded Objects now: 7787.
Memory consumption went from 387.5 MB to 381.9 MB.
Total: 9.969900 ms (FindLiveObjects: 0.774400 ms CreateObjectMapping: 0.648900 ms MarkObjects: 5.152500 ms  DeleteObjects: 3.391700 ms)

Prepare: number of updated asset objects reloaded= 0
========================================================================
Received Import Request.
  Time of request: 2026-08-31T20:47:17.3341885Z
  Time since last request: 21.9050767 seconds.
  importAddress: GUID: 833168ecb187fc94193bd84b2cdb7aa1 - Path: Assets/_ArchOS/Scripts/Programs/Eraser.cs - Importer: PreviewImporter
Importing 'GUID: 833168ecb187fc94193bd84b2cdb7aa1 - Path: Assets/_ArchOS/Scripts/Programs/Eraser.cs - Importer: PreviewImporter' with importer (PreviewImporter)
Imported 'GUID: 833168ecb187fc94193bd84b2cdb7aa1' -> (Import Result ID: '014c3ef739b970ac1b2e518d9067ee22') in 0.009 seconds [static and dynamic dependencies]. Details - ImportResultOutputID=eeb8e8906b5b1ca0f7e2867d83e75953 DependenciesID=0da294f0cbe3b6f3fc047c6f31c626b6 StaticDependenciesID=3fc2eed4f9672f08492bd5bc63726383 
Number of updated asset objects reloaded before import = 0
Number of asset objects unloaded after import = 0
========================================================================
Received Prepare
AcceleratorClientConnectionCallback - disconnected - :0
Unloading 22 Unused Serialized files (Serialized files now loaded: 0)
Unloading 6685 unused Assets / (5.4 MB). Loaded Objects now: 7787.
Memory consumption went from 376.9 MB to 371.5 MB.
Total: 9.644700 ms (FindLiveObjects: 0.615500 ms CreateObjectMapping: 0.578300 ms MarkObjects: 6.024700 ms  DeleteObjects: 2.425300 ms)

Prepare: number of updated asset objects reloaded= 0
========================================================================
Received Prepare
AcceleratorClientConnectionCallback - disconnected - :0
Refreshing native plugins compatible for Editor in 2.52 ms, found 4 plugins.
Unloading 22 Unused Serialized files (Serialized files now loaded: 0)
Unloading 6685 unused Assets / (5.2 MB). Loaded Objects now: 7787.
Memory consumption went from 379.5 MB to 374.3 MB.
Total: 8.942500 ms (FindLiveObjects: 0.616600 ms CreateObjectMapping: 0.619000 ms MarkObjects: 4.970900 ms  DeleteObjects: 2.734500 ms)

Prepare: number of updated asset objects reloaded= 0
========================================================================
Received Prepare
AcceleratorClientConnectionCallback - disconnected - :0
Unloading 22 Unused Serialized files (Serialized files now loaded: 0)
Unloading 6685 unused Assets / (6.4 MB). Loaded Objects now: 7787.
Memory consumption went from 382.2 MB to 375.8 MB.
Total: 8.472000 ms (FindLiveObjects: 0.596800 ms CreateObjectMapping: 0.467900 ms MarkObjects: 4.502100 ms  DeleteObjects: 2.904500 ms)

Prepare: number of updated asset objects reloaded= 0
========================================================================
Received Prepare
AcceleratorClientConnectionCallback - disconnected - :0
Unloading 22 Unused Serialized files (Serialized files now loaded: 0)
Unloading 6685 unused Assets / (6.4 MB). Loaded Objects now: 7787.
Memory consumption went from 384.8 MB to 378.4 MB.
Total: 11.162300 ms (FindLiveObjects: 0.600700 ms CreateObjectMapping: 0.552400 ms MarkObjects: 6.757500 ms  DeleteObjects: 3.250600 ms)

Prepare: number of updated asset objects reloaded= 0
========================================================================
Received Prepare
AcceleratorClientConnectionCallback - disconnected - :0
Unloading 22 Unused Serialized files (Serialized files now loaded: 0)
Unloading 6685 unused Assets / (5.5 MB). Loaded Objects now: 7787.
Memory consumption went from 387.5 MB to 382.0 MB.
Total: 8.571800 ms (FindLiveObjects: 0.716400 ms CreateObjectMapping: 0.537000 ms MarkObjects: 4.642100 ms  DeleteObjects: 2.675200 ms)

Prepare: number of updated asset objects reloaded= 0
========================================================================
Received Prepare
AcceleratorClientConnectionCallback - disconnected - :0
Unloading 22 Unused Serialized files (Serialized files now loaded: 0)
Unloading 6685 unused Assets / (6.0 MB). Loaded Objects now: 7787.
Memory consumption went from 390.2 MB to 384.2 MB.
Total: 9.856500 ms (FindLiveObjects: 0.797200 ms CreateObjectMapping: 0.605700 ms MarkObjects: 5.491200 ms  DeleteObjects: 2.960700 ms)

Prepare: number of updated asset objects reloaded= 0
========================================================================
Received Prepare
AcceleratorClientConnectionCallback - disconnected - :0
Refreshing native plugins compatible for Editor in 3.33 ms, found 4 plugins.
Unloading 22 Unused Serialized files (Serialized files now loaded: 0)
Unloading 6685 unused Assets / (5.7 MB). Loaded Objects now: 7787.
Memory consumption went from 392.8 MB to 387.1 MB.
Total: 11.273100 ms (FindLiveObjects: 0.770000 ms CreateObjectMapping: 0.645400 ms MarkObjects: 6.878900 ms  DeleteObjects: 2.977300 ms)

Prepare: number of updated asset objects reloaded= 0
========================================================================
Received Prepare
AcceleratorClientConnectionCallback - disconnected - :0
Unloading 22 Unused Serialized files (Serialized files now loaded: 0)
Unloading 6685 unused Assets / (6.3 MB). Loaded Objects now: 7787.
Memory consumption went from 395.5 MB to 389.2 MB.
Total: 10.179700 ms (FindLiveObjects: 0.734500 ms CreateObjectMapping: 0.539100 ms MarkObjects: 4.868300 ms  DeleteObjects: 4.035600 ms)

Prepare: number of updated asset objects reloaded= 0
========================================================================
Received Prepare
AcceleratorClientConnectionCallback - disconnected - :0
Refreshing native plugins compatible for Editor in 2.28 ms, found 4 plugins.
Unloading 22 Unused Serialized files (Serialized files now loaded: 0)
Unloading 6685 unused Assets / (5.4 MB). Loaded Objects now: 7787.
Memory consumption went from 398.2 MB to 392.8 MB.
Total: 9.981800 ms (FindLiveObjects: 0.759200 ms CreateObjectMapping: 0.608100 ms MarkObjects: 5.695400 ms  DeleteObjects: 2.917500 ms)

Prepare: number of updated asset objects reloaded= 0
========================================================================
Received Prepare
AcceleratorClientConnectionCallback - disconnected - :0
Unloading 22 Unused Serialized files (Serialized files now loaded: 0)
Unloading 6685 unused Assets / (5.7 MB). Loaded Objects now: 7787.
Memory consumption went from 400.8 MB to 395.1 MB.
Total: 8.726900 ms (FindLiveObjects: 0.654900 ms CreateObjectMapping: 0.543300 ms MarkObjects: 4.004100 ms  DeleteObjects: 3.523500 ms)

Prepare: number of updated asset objects reloaded= 0
========================================================================
Received Prepare
AcceleratorClientConnectionCallback - disconnected - :0
Unloading 22 Unused Serialized files (Serialized files now loaded: 0)
Unloading 6685 unused Assets / (5.5 MB). Loaded Objects now: 7787.
Memory consumption went from 403.5 MB to 398.0 MB.
Total: 8.017900 ms (FindLiveObjects: 0.682300 ms CreateObjectMapping: 0.569800 ms MarkObjects: 4.375000 ms  DeleteObjects: 2.390100 ms)

Prepare: number of updated asset objects reloaded= 0
========================================================================
Received Prepare
AcceleratorClientConnectionCallback - disconnected - :0
Unloading 22 Unused Serialized files (Serialized files now loaded: 0)
Unloading 6685 unused Assets / (5.4 MB). Loaded Objects now: 7787.
Memory consumption went from 406.2 MB to 400.8 MB.
Total: 7.846700 ms (FindLiveObjects: 0.597600 ms CreateObjectMapping: 0.479900 ms MarkObjects: 4.047800 ms  DeleteObjects: 2.720600 ms)

Prepare: number of updated asset objects reloaded= 0
========================================================================
Received Prepare
AcceleratorClientConnectionCallback - disconnected - :0
Refreshing native plugins compatible for Editor in 3.06 ms, found 4 plugins.
Unloading 22 Unused Serialized files (Serialized files now loaded: 0)
Unloading 6685 unused Assets / (5.8 MB). Loaded Objects now: 7787.
Memory consumption went from 408.8 MB to 403.1 MB.
Total: 9.060100 ms (FindLiveObjects: 0.599100 ms CreateObjectMapping: 0.483100 ms MarkObjects: 5.487000 ms  DeleteObjects: 2.489500 ms)

Prepare: number of updated asset objects reloaded= 0
========================================================================
Received Prepare
AcceleratorClientConnectionCallback - disconnected - :0
Refreshing native plugins compatible for Editor in 2.47 ms, found 4 plugins.
Unloading 22 Unused Serialized files (Serialized files now loaded: 0)
Unloading 6685 unused Assets / (6.6 MB). Loaded Objects now: 7787.
Memory consumption went from 411.5 MB to 404.9 MB.
Total: 8.329300 ms (FindLiveObjects: 0.613300 ms CreateObjectMapping: 0.470000 ms MarkObjects: 3.966000 ms  DeleteObjects: 3.278000 ms)

Prepare: number of updated asset objects reloaded= 0
========================================================================
Received Prepare
AcceleratorClientConnectionCallback - disconnected - :0
Unloading 22 Unused Serialized files (Serialized files now loaded: 0)
Unloading 6685 unused Assets / (5.3 MB). Loaded Objects now: 7787.
Memory consumption went from 414.2 MB to 408.8 MB.
Total: 8.670800 ms (FindLiveObjects: 0.630500 ms CreateObjectMapping: 0.511000 ms MarkObjects: 4.763400 ms  DeleteObjects: 2.764500 ms)

Prepare: number of updated asset objects reloaded= 0
========================================================================
Received Import Request.
  Time of request: 2026-08-31T20:50:54.9230284Z
  Time since last request: 217.57089300000001 seconds.
  importAddress: GUID: 833168ecb187fc94193bd84b2cdb7aa1 - Path: Assets/_ArchOS/Scripts/Programs/Eraser.cs - Importer: PreviewImporter
Importing 'GUID: 833168ecb187fc94193bd84b2cdb7aa1 - Path: Assets/_ArchOS/Scripts/Programs/Eraser.cs - Importer: PreviewImporter' with importer (PreviewImporter)
Imported 'GUID: 833168ecb187fc94193bd84b2cdb7aa1' -> (Import Result ID: '620d25557d87951dfb4e7ef5a37d34cd') in 0.003 seconds [static and dynamic dependencies]. Details - ImportResultOutputID=eeb8e8906b5b1ca0f7e2867d83e75953 DependenciesID=4789a80ad47f79200f23bf81fa380500 StaticDependenciesID=32be95cda2a962849af8b6525d89f158 
Number of updated asset objects reloaded before import = 0
Number of asset objects unloaded after import = 0
========================================================================
Received Prepare
AcceleratorClientConnectionCallback - disconnected - :0
Refreshing native plugins compatible for Editor in 2.05 ms, found 4 plugins.
Unloading 22 Unused Serialized files (Serialized files now loaded: 0)
Unloading 6685 unused Assets / (5.5 MB). Loaded Objects now: 7787.
Memory consumption went from 414.2 MB to 408.7 MB.
Total: 8.363300 ms (FindLiveObjects: 0.656100 ms CreateObjectMapping: 0.570800 ms MarkObjects: 4.602100 ms  DeleteObjects: 2.532900 ms)

Prepare: number of updated asset objects reloaded= 0
========================================================================
Received Prepare
AcceleratorClientConnectionCallback - disconnected - :0
[Licensing::Client] Successfully resolved entitlement details
Begin MonoManager ReloadAssembly
Symbol file LoadedFromMemory is not a mono symbol file
Native extension for WindowsStandalone target not found
[Package Manager] Failed to launch server process. Reason: Unity was launched with the -noUpm command-line argument
[Package Manager] Unable to send message (not connected to server process).
[Package Manager] Cannot connect to Unity Package Manager local server
[Package Manager] Failed to launch server process. Reason: Unity was launched with the -noUpm command-line argument
[Package Manager] Unable to send message (not connected to server process).
[Package Manager] Cannot connect to Unity Package Manager local server
ScheduleIndexationOnStartup MainProcess:False IndexOnStartup:True
Mono: successfully reloaded assembly
- Finished resetting the current domain, in  0.679 seconds
Domain Reload Profiling: 1561ms
	BeginReloadAssembly (238ms)
		DisableScriptedObjects (21ms)
		CreateAndSetChildDomain (52ms)
	RebuildCommonClasses (9ms)
	RebuildNativeTypeToScriptingClass (16ms)
	initialDomainReloadingComplete (66ms)
	LoadAllAssembliesAndSetupDomain (552ms)
		LoadAssemblies (347ms)
		AnalyzeDomain (193ms)
			TypeCache.Refresh (11ms)
			BuildScriptInfoCaches (174ms)
			ResolveRequiredComponents (6ms)
	FinalizeReload (680ms)
		SetupLoadedEditorAssemblies (0ms)
			BeforeProcessingInitializeOnLoad (85ms)
			ProcessInitializeOnLoadAttributes (243ms)
			ProcessInitializeOnLoadMethodAttributes (116ms)
			AfterProcessingInitializeOnLoad (7ms)
		AwakeInstancesAfterBackupRestoration (27ms)
Unloading 22 Unused Serialized files (Serialized files now loaded: 0)
Unloading 6696 unused Assets / (5.6 MB). Loaded Objects now: 7790.
Memory consumption went from 417.3 MB to 411.7 MB.
Total: 9.042400 ms (FindLiveObjects: 0.652400 ms CreateObjectMapping: 0.401900 ms MarkObjects: 5.601800 ms  DeleteObjects: 2.385000 ms)

Prepare: number of updated asset objects reloaded= 0
========================================================================
Received Import Request.
  Time of request: 2026-08-31T20:52:12.8864125Z
  Time since last request: 77.9496417 seconds.
  importAddress: GUID: 833168ecb187fc94193bd84b2cdb7aa1 - Path: Assets/_ArchOS/Scripts/Programs/Eraser.cs - Importer: PreviewImporter
Importing 'GUID: 833168ecb187fc94193bd84b2cdb7aa1 - Path: Assets/_ArchOS/Scripts/Programs/Eraser.cs - Importer: PreviewImporter' with importer (PreviewImporter)
Imported 'GUID: 833168ecb187fc94193bd84b2cdb7aa1' -> (Import Result ID: 'bbbfcd06ab0595ed44176d36cb7b42dd') in 0.018 seconds [static and dynamic dependencies]. Details - ImportResultOutputID=eeb8e8906b5b1ca0f7e2867d83e75953 DependenciesID=20e4c661402e1299b7f3c109418ec579 StaticDependenciesID=1be3b67ea0c954f014f3ec86c9c468aa 
Number of updated asset objects reloaded before import = 0
Number of asset objects unloaded after import = 0
========================================================================
Received Prepare
AcceleratorClientConnectionCallback - disconnected - :0
Refreshing native plugins compatible for Editor in 2.02 ms, found 4 plugins.
Unloading 22 Unused Serialized files (Serialized files now loaded: 0)
Unloading 22 unused Assets / (2.6 MB). Loaded Objects now: 7790.
Memory consumption went from 375.3 MB to 372.7 MB.
Total: 6.674500 ms (FindLiveObjects: 0.552700 ms CreateObjectMapping: 0.240800 ms MarkObjects: 5.380300 ms  DeleteObjects: 0.499400 ms)

Prepare: number of updated asset objects reloaded= 0
========================================================================
Received Prepare
AcceleratorClientConnectionCallback - disconnected - :0
Unloading 22 Unused Serialized files (Serialized files now loaded: 0)
Unloading 6685 unused Assets / (5.6 MB). Loaded Objects now: 7790.
Memory consumption went from 382.9 MB to 377.3 MB.
Total: 7.867200 ms (FindLiveObjects: 0.617100 ms CreateObjectMapping: 0.478000 ms MarkObjects: 4.343600 ms  DeleteObjects: 2.427600 ms)

Prepare: number of updated asset objects reloaded= 0
========================================================================
Received Prepare
AcceleratorClientConnectionCallback - disconnected - :0
Begin MonoManager ReloadAssembly
Symbol file LoadedFromMemory is not a mono symbol file
Native extension for WindowsStandalone target not found
[Package Manager] Failed to launch server process. Reason: Unity was launched with the -noUpm command-line argument
[Package Manager] Unable to send message (not connected to server process).
[Package Manager] Cannot connect to Unity Package Manager local server
[Package Manager] Failed to launch server process. Reason: Unity was launched with the -noUpm command-line argument
[Package Manager] Unable to send message (not connected to server process).
[Package Manager] Cannot connect to Unity Package Manager local server
ScheduleIndexationOnStartup MainProcess:False IndexOnStartup:True
Mono: successfully reloaded assembly
- Finished resetting the current domain, in  0.666 seconds
Domain Reload Profiling: 1521ms
	BeginReloadAssembly (230ms)
		DisableScriptedObjects (24ms)
		CreateAndSetChildDomain (50ms)
	RebuildCommonClasses (8ms)
	RebuildNativeTypeToScriptingClass (14ms)
	initialDomainReloadingComplete (63ms)
	LoadAllAssembliesAndSetupDomain (540ms)
		LoadAssemblies (329ms)
		AnalyzeDomain (190ms)
			TypeCache.Refresh (11ms)
			BuildScriptInfoCaches (171ms)
			ResolveRequiredComponents (6ms)
	FinalizeReload (667ms)
		SetupLoadedEditorAssemblies (0ms)
			BeforeProcessingInitializeOnLoad (78ms)
			ProcessInitializeOnLoadAttributes (227ms)
			ProcessInitializeOnLoadMethodAttributes (122ms)
			AfterProcessingInitializeOnLoad (9ms)
		AwakeInstancesAfterBackupRestoration (28ms)
Unloading 22 Unused Serialized files (Serialized files now loaded: 0)
Unloading 6696 unused Assets / (4.3 MB). Loaded Objects now: 7793.
Memory consumption went from 385.9 MB to 381.5 MB.
Total: 7.150200 ms (FindLiveObjects: 0.785000 ms CreateObjectMapping: 0.421700 ms MarkObjects: 4.031100 ms  DeleteObjects: 1.911400 ms)

Prepare: number of updated asset objects reloaded= 0
========================================================================
Received Prepare
AcceleratorClientConnectionCallback - disconnected - :0
Unloading 22 Unused Serialized files (Serialized files now loaded: 0)
Unloading 22 unused Assets / (2.6 MB). Loaded Objects now: 7793.
Memory consumption went from 383.7 MB to 381.1 MB.
Total: 5.522200 ms (FindLiveObjects: 0.410400 ms CreateObjectMapping: 0.188200 ms MarkObjects: 4.250200 ms  DeleteObjects: 0.672400 ms)

Prepare: number of updated asset objects reloaded= 0
========================================================================
Received Prepare
AcceleratorClientConnectionCallback - disconnected - :0
Refreshing native plugins compatible for Editor in 2.22 ms, found 4 plugins.
Unloading 22 Unused Serialized files (Serialized files now loaded: 0)
Unloading 6686 unused Assets / (5.9 MB). Loaded Objects now: 7794.
Memory consumption went from 391.4 MB to 385.5 MB.
Total: 8.665000 ms (FindLiveObjects: 0.768600 ms CreateObjectMapping: 0.604900 ms MarkObjects: 4.751300 ms  DeleteObjects: 2.538600 ms)

Prepare: number of updated asset objects reloaded= 0
========================================================================
Received Prepare
AcceleratorClientConnectionCallback - disconnected - :0
Refreshing native plugins compatible for Editor in 2.58 ms, found 4 plugins.
Unloading 22 Unused Serialized files (Serialized files now loaded: 0)
Unloading 6686 unused Assets / (6.2 MB). Loaded Objects now: 7794.
Memory consumption went from 394.0 MB to 387.8 MB.
Total: 10.251000 ms (FindLiveObjects: 0.791400 ms CreateObjectMapping: 1.104900 ms MarkObjects: 4.528500 ms  DeleteObjects: 3.824800 ms)

Prepare: number of updated asset objects reloaded= 0
========================================================================
Received Import Request.
  Time of request: 2026-08-31T20:52:53.2663563Z
  Time since last request: 40.3530875 seconds.
  importAddress: GUID: 838a6fc68311b8a439f7ec462a28f37c - Path: Assets/_ArchOS/Scripts/Programs/Defenders/Armor.cs - Importer: PreviewImporter
Importing 'GUID: 838a6fc68311b8a439f7ec462a28f37c - Path: Assets/_ArchOS/Scripts/Programs/Defenders/Armor.cs - Importer: PreviewImporter' with importer (PreviewImporter)
Imported 'GUID: 838a6fc68311b8a439f7ec462a28f37c' -> (Import Result ID: '0422fff12b78008c41e882e9c3148171') in 0.007 seconds [static and dynamic dependencies]. Details - ImportResultOutputID=6caa40de4943ff1544211a9b27903c60 DependenciesID=71c65abc56c69a12d3454b86b687941b StaticDependenciesID=63a20929474b64825a4e602da956d51e 
Number of updated asset objects reloaded before import = 0
Number of asset objects unloaded after import = 0
========================================================================
Received Prepare
AcceleratorClientConnectionCallback - disconnected - :0
Refreshing native plugins compatible for Editor in 2.22 ms, found 4 plugins.
Unloading 22 Unused Serialized files (Serialized files now loaded: 0)
Unloading 6686 unused Assets / (5.3 MB). Loaded Objects now: 7794.
Memory consumption went from 391.4 MB to 386.0 MB.
Total: 8.621100 ms (FindLiveObjects: 0.686400 ms CreateObjectMapping: 0.586400 ms MarkObjects: 4.695200 ms  DeleteObjects: 2.651500 ms)

Prepare: number of updated asset objects reloaded= 0
========================================================================
Received Prepare
AcceleratorClientConnectionCallback - disconnected - :0
Unloading 22 Unused Serialized files (Serialized files now loaded: 0)
Unloading 6686 unused Assets / (5.7 MB). Loaded Objects now: 7794.
Memory consumption went from 394.0 MB to 388.3 MB.
Total: 9.628700 ms (FindLiveObjects: 0.713400 ms CreateObjectMapping: 0.537900 ms MarkObjects: 5.348900 ms  DeleteObjects: 3.026500 ms)

Prepare: number of updated asset objects reloaded= 0
========================================================================
Received Prepare
AcceleratorClientConnectionCallback - disconnected - :0
Refreshing native plugins compatible for Editor in 2.45 ms, found 4 plugins.
Unloading 22 Unused Serialized files (Serialized files now loaded: 0)
Unloading 6686 unused Assets / (5.7 MB). Loaded Objects now: 7794.
Memory consumption went from 396.7 MB to 391.0 MB.
Total: 9.613300 ms (FindLiveObjects: 0.774200 ms CreateObjectMapping: 0.555000 ms MarkObjects: 5.356800 ms  DeleteObjects: 2.926200 ms)

Prepare: number of updated asset objects reloaded= 0
========================================================================
Received Import Request.
  Time of request: 2026-08-31T20:53:04.5727817Z
  Time since last request: 11.2873081 seconds.
  importAddress: GUID: 838a6fc68311b8a439f7ec462a28f37c - Path: Assets/_ArchOS/Scripts/Programs/Defenders/Armor.cs - Importer: PreviewImporter
Importing 'GUID: 838a6fc68311b8a439f7ec462a28f37c - Path: Assets/_ArchOS/Scripts/Programs/Defenders/Armor.cs - Importer: PreviewImporter' with importer (PreviewImporter)
Imported 'GUID: 838a6fc68311b8a439f7ec462a28f37c' -> (Import Result ID: '388144bc4114cbbbe85cedf182558606') in 0.009 seconds [static and dynamic dependencies]. Details - ImportResultOutputID=6caa40de4943ff1544211a9b27903c60 DependenciesID=e58dd934a1bf1d3e36167dfe9ad66b15 StaticDependenciesID=ca5f3b57ff4fd6a231cf1d66f37e7519 
Number of updated asset objects reloaded before import = 0
Number of asset objects unloaded after import = 0
========================================================================
Received Prepare
AcceleratorClientConnectionCallback - disconnected - :0
Unloading 22 Unused Serialized files (Serialized files now loaded: 0)
Unloading 6686 unused Assets / (5.5 MB). Loaded Objects now: 7794.
Memory consumption went from 383.4 MB to 377.9 MB.
Total: 10.247500 ms (FindLiveObjects: 0.807100 ms CreateObjectMapping: 0.756900 ms MarkObjects: 5.630500 ms  DeleteObjects: 3.051400 ms)

Prepare: number of updated asset objects reloaded= 0
========================================================================
Received Prepare
AcceleratorClientConnectionCallback - disconnected - :0
Unloading 22 Unused Serialized files (Serialized files now loaded: 0)
Unloading 6686 unused Assets / (5.2 MB). Loaded Objects now: 7794.
Memory consumption went from 386.1 MB to 380.9 MB.
Total: 8.339400 ms (FindLiveObjects: 0.662500 ms CreateObjectMapping: 0.545700 ms MarkObjects: 4.572500 ms  DeleteObjects: 2.557500 ms)

Prepare: number of updated asset objects reloaded= 0
========================================================================
Received Prepare
AcceleratorClientConnectionCallback - disconnected - :0
Refreshing native plugins compatible for Editor in 2.23 ms, found 4 plugins.
Unloading 22 Unused Serialized files (Serialized files now loaded: 0)
Unloading 6686 unused Assets / (5.5 MB). Loaded Objects now: 7794.
Memory consumption went from 388.7 MB to 383.3 MB.
Total: 10.851300 ms (FindLiveObjects: 1.067900 ms CreateObjectMapping: 0.631500 ms MarkObjects: 6.148300 ms  DeleteObjects: 3.001700 ms)

Prepare: number of updated asset objects reloaded= 0
========================================================================
Received Import Request.
  Time of request: 2026-08-31T20:54:55.9482297Z
  Time since last request: 111.3576474 seconds.
  importAddress: GUID: 838a6fc68311b8a439f7ec462a28f37c - Path: Assets/_ArchOS/Scripts/Programs/Defenders/Armor.cs - Importer: PreviewImporter
Importing 'GUID: 838a6fc68311b8a439f7ec462a28f37c - Path: Assets/_ArchOS/Scripts/Programs/Defenders/Armor.cs - Importer: PreviewImporter' with importer (PreviewImporter)
Imported 'GUID: 838a6fc68311b8a439f7ec462a28f37c' -> (Import Result ID: '149cb4cb1a3534f7a818040f42393f36') in 0.006 seconds [static and dynamic dependencies]. Details - ImportResultOutputID=6caa40de4943ff1544211a9b27903c60 DependenciesID=be8f95d82b4f24e42651ccaacaf66583 StaticDependenciesID=df964d8ca6bd76226f5ee79f1a5433b3 
Number of updated asset objects reloaded before import = 0
Number of asset objects unloaded after import = 0
========================================================================
Received Prepare
AcceleratorClientConnectionCallback - disconnected - :0
Refreshing native plugins compatible for Editor in 2.30 ms, found 4 plugins.
Unloading 22 Unused Serialized files (Serialized files now loaded: 0)
Unloading 6686 unused Assets / (5.3 MB). Loaded Objects now: 7794.
Memory consumption went from 383.4 MB to 378.1 MB.
Total: 8.865900 ms (FindLiveObjects: 0.760300 ms CreateObjectMapping: 0.636700 ms MarkObjects: 4.595300 ms  DeleteObjects: 2.872300 ms)

Prepare: number of updated asset objects reloaded= 0
========================================================================
Received Import Request.
  Time of request: 2026-08-31T20:54:58.0577358Z
  Time since last request: 2.092643 seconds.
  importAddress: GUID: 838a6fc68311b8a439f7ec462a28f37c - Path: Assets/_ArchOS/Scripts/Programs/Defenders/Armor.cs - Importer: PreviewImporter
Importing 'GUID: 838a6fc68311b8a439f7ec462a28f37c - Path: Assets/_ArchOS/Scripts/Programs/Defenders/Armor.cs - Importer: PreviewImporter' with importer (PreviewImporter)
Imported 'GUID: 838a6fc68311b8a439f7ec462a28f37c' -> (Import Result ID: '91a1fe53dedc937d5086887559040bff') in 0.005 seconds [static and dynamic dependencies]. Details - ImportResultOutputID=6caa40de4943ff1544211a9b27903c60 DependenciesID=d430a7dc552e2f12027684821087a9b1 StaticDependenciesID=353d967f68f7984359a3a3946689d1c2 
Number of updated asset objects reloaded before import = 0
Number of asset objects unloaded after import = 0
========================================================================
Received Prepare
AcceleratorClientConnectionCallback - disconnected - :0
Unloading 22 Unused Serialized files (Serialized files now loaded: 0)
Unloading 6686 unused Assets / (6.2 MB). Loaded Objects now: 7794.
Memory consumption went from 378.1 MB to 371.9 MB.
Total: 10.870200 ms (FindLiveObjects: 0.600400 ms CreateObjectMapping: 0.517800 ms MarkObjects: 5.998800 ms  DeleteObjects: 3.752100 ms)

Prepare: number of updated asset objects reloaded= 0
========================================================================
Received Prepare
AcceleratorClientConnectionCallback - disconnected - :0
Refreshing native plugins compatible for Editor in 2.24 ms, found 4 plugins.
Unloading 22 Unused Serialized files (Serialized files now loaded: 0)
Unloading 6686 unused Assets / (5.8 MB). Loaded Objects now: 7794.
Memory consumption went from 380.8 MB to 375.0 MB.
Total: 9.624100 ms (FindLiveObjects: 0.782300 ms CreateObjectMapping: 0.590300 ms MarkObjects: 4.944000 ms  DeleteObjects: 3.306300 ms)

Prepare: number of updated asset objects reloaded= 0
========================================================================
Received Import Request.
  Time of request: 2026-08-31T20:55:25.8335762Z
  Time since last request: 27.7620296 seconds.
  importAddress: GUID: 838a6fc68311b8a439f7ec462a28f37c - Path: Assets/_ArchOS/Scripts/Programs/Defenders/Armor.cs - Importer: PreviewImporter
Importing 'GUID: 838a6fc68311b8a439f7ec462a28f37c - Path: Assets/_ArchOS/Scripts/Programs/Defenders/Armor.cs - Importer: PreviewImporter' with importer (PreviewImporter)
Imported 'GUID: 838a6fc68311b8a439f7ec462a28f37c' -> (Import Result ID: '3a4df318ae9afdd324892615aa05dbd6') in 0.003 seconds [static and dynamic dependencies]. Details - ImportResultOutputID=6caa40de4943ff1544211a9b27903c60 DependenciesID=1ed681b318e3cf4a485380d2444a3ad5 StaticDependenciesID=6f96c194c496648c9d8d31a9a2f89448 
Number of updated asset objects reloaded before import = 0
Number of asset objects unloaded after import = 0
========================================================================
Received Prepare
AcceleratorClientConnectionCallback - disconnected - :0
Unloading 22 Unused Serialized files (Serialized files now loaded: 0)
Unloading 6686 unused Assets / (6.6 MB). Loaded Objects now: 7794.
Memory consumption went from 380.8 MB to 374.2 MB.
Total: 10.554200 ms (FindLiveObjects: 0.989700 ms CreateObjectMapping: 0.670800 ms MarkObjects: 5.021700 ms  DeleteObjects: 3.870900 ms)

Prepare: number of updated asset objects reloaded= 0
========================================================================
Received Prepare
AcceleratorClientConnectionCallback - disconnected - :0
Refreshing native plugins compatible for Editor in 2.31 ms, found 4 plugins.
Unloading 22 Unused Serialized files (Serialized files now loaded: 0)
Unloading 6686 unused Assets / (5.6 MB). Loaded Objects now: 7794.
Memory consumption went from 383.4 MB to 377.8 MB.
Total: 8.181000 ms (FindLiveObjects: 0.683200 ms CreateObjectMapping: 0.524400 ms MarkObjects: 4.702700 ms  DeleteObjects: 2.269300 ms)

Prepare: number of updated asset objects reloaded= 0
========================================================================
Received Prepare
AcceleratorClientConnectionCallback - disconnected - :0
Unloading 22 Unused Serialized files (Serialized files now loaded: 0)
Unloading 6686 unused Assets / (5.0 MB). Loaded Objects now: 7794.
Memory consumption went from 386.1 MB to 381.0 MB.
Total: 7.930200 ms (FindLiveObjects: 0.617700 ms CreateObjectMapping: 0.436200 ms MarkObjects: 4.681400 ms  DeleteObjects: 2.194100 ms)

Prepare: number of updated asset objects reloaded= 0
========================================================================
Received Prepare
AcceleratorClientConnectionCallback - disconnected - :0
Refreshing native plugins compatible for Editor in 2.56 ms, found 4 plugins.
Unloading 22 Unused Serialized files (Serialized files now loaded: 0)
Unloading 6686 unused Assets / (6.5 MB). Loaded Objects now: 7794.
Memory consumption went from 388.8 MB to 382.2 MB.
Total: 9.712700 ms (FindLiveObjects: 0.612600 ms CreateObjectMapping: 0.445000 ms MarkObjects: 5.096400 ms  DeleteObjects: 3.557200 ms)

Prepare: number of updated asset objects reloaded= 0
========================================================================
Received Prepare
AcceleratorClientConnectionCallback - disconnected - :0
Unloading 22 Unused Serialized files (Serialized files now loaded: 0)
Unloading 6686 unused Assets / (5.3 MB). Loaded Objects now: 7794.
Memory consumption went from 391.4 MB to 386.1 MB.
Total: 12.369100 ms (FindLiveObjects: 0.759200 ms CreateObjectMapping: 0.769400 ms MarkObjects: 7.546700 ms  DeleteObjects: 3.292300 ms)

Prepare: number of updated asset objects reloaded= 0
========================================================================
Received Import Request.
  Time of request: 2026-08-31T20:57:11.0845528Z
  Time since last request: 105.23757209999999 seconds.
  importAddress: GUID: 838a6fc68311b8a439f7ec462a28f37c - Path: Assets/_ArchOS/Scripts/Programs/Defenders/Armor.cs - Importer: PreviewImporter
Importing 'GUID: 838a6fc68311b8a439f7ec462a28f37c - Path: Assets/_ArchOS/Scripts/Programs/Defenders/Armor.cs - Importer: PreviewImporter' with importer (PreviewImporter)
Imported 'GUID: 838a6fc68311b8a439f7ec462a28f37c' -> (Import Result ID: 'b1706da7315dac55c0a85b0a4f78abca') in 0.003 seconds [static and dynamic dependencies]. Details - ImportResultOutputID=6caa40de4943ff1544211a9b27903c60 DependenciesID=cc80cc91716f24d0c77990edaea86010 StaticDependenciesID=a172181e2c48ff3187bc05d4ec558609 
Number of updated asset objects reloaded before import = 0
Number of asset objects unloaded after import = 0
========================================================================
Received Prepare
AcceleratorClientConnectionCallback - disconnected - :0
Refreshing native plugins compatible for Editor in 2.93 ms, found 4 plugins.
Unloading 22 Unused Serialized files (Serialized files now loaded: 0)
Unloading 6686 unused Assets / (5.7 MB). Loaded Objects now: 7794.
Memory consumption went from 388.8 MB to 383.1 MB.
Total: 8.780200 ms (FindLiveObjects: 0.618000 ms CreateObjectMapping: 0.527200 ms MarkObjects: 5.204000 ms  DeleteObjects: 2.430100 ms)

Prepare: number of updated asset objects reloaded= 0
========================================================================
Received Prepare
AcceleratorClientConnectionCallback - disconnected - :0
Refreshing native plugins compatible for Editor in 2.23 ms, found 4 plugins.
Unloading 22 Unused Serialized files (Serialized files now loaded: 0)
Unloading 6686 unused Assets / (5.6 MB). Loaded Objects now: 7794.
Memory consumption went from 391.4 MB to 385.8 MB.
Total: 10.641100 ms (FindLiveObjects: 0.717300 ms CreateObjectMapping: 0.566900 ms MarkObjects: 6.258200 ms  DeleteObjects: 3.097300 ms)

Prepare: number of updated asset objects reloaded= 0
========================================================================
Received Prepare
AcceleratorClientConnectionCallback - disconnected - :0
Refreshing native plugins compatible for Editor in 2.89 ms, found 4 plugins.
Unloading 22 Unused Serialized files (Serialized files now loaded: 0)
Unloading 6686 unused Assets / (5.8 MB). Loaded Objects now: 7794.
Memory consumption went from 394.1 MB to 388.3 MB.
Total: 9.581600 ms (FindLiveObjects: 1.031700 ms CreateObjectMapping: 0.634900 ms MarkObjects: 5.044800 ms  DeleteObjects: 2.869100 ms)

Prepare: number of updated asset objects reloaded= 0
========================================================================
Received Prepare
AcceleratorClientConnectionCallback - disconnected - :0
Unloading 22 Unused Serialized files (Serialized files now loaded: 0)
Unloading 6686 unused Assets / (5.0 MB). Loaded Objects now: 7794.
Memory consumption went from 396.7 MB to 391.8 MB.
Total: 8.205100 ms (FindLiveObjects: 0.653600 ms CreateObjectMapping: 0.525600 ms MarkObjects: 4.343500 ms  DeleteObjects: 2.680700 ms)

Prepare: number of updated asset objects reloaded= 0
========================================================================
Received Prepare
AcceleratorClientConnectionCallback - disconnected - :0
Refreshing native plugins compatible for Editor in 2.67 ms, found 4 plugins.
Unloading 22 Unused Serialized files (Serialized files now loaded: 0)
Unloading 6686 unused Assets / (4.7 MB). Loaded Objects now: 7794.
Memory consumption went from 399.4 MB to 394.7 MB.
Total: 9.926300 ms (FindLiveObjects: 0.848100 ms CreateObjectMapping: 0.513600 ms MarkObjects: 5.418000 ms  DeleteObjects: 3.145700 ms)

Prepare: number of updated asset objects reloaded= 0
========================================================================
Received Prepare
AcceleratorClientConnectionCallback - disconnected - :0
Unloading 22 Unused Serialized files (Serialized files now loaded: 0)
Unloading 6686 unused Assets / (5.2 MB). Loaded Objects now: 7794.
Memory consumption went from 402.1 MB to 396.9 MB.
Total: 10.109700 ms (FindLiveObjects: 0.628400 ms CreateObjectMapping: 0.562500 ms MarkObjects: 6.426000 ms  DeleteObjects: 2.491300 ms)

Prepare: number of updated asset objects reloaded= 0
========================================================================
Received Prepare
AcceleratorClientConnectionCallback - disconnected - :0
Unloading 22 Unused Serialized files (Serialized files now loaded: 0)
Unloading 6686 unused Assets / (5.5 MB). Loaded Objects now: 7794.
Memory consumption went from 404.7 MB to 399.3 MB.
Total: 9.584200 ms (FindLiveObjects: 0.683900 ms CreateObjectMapping: 0.542100 ms MarkObjects: 5.720800 ms  DeleteObjects: 2.636200 ms)

Prepare: number of updated asset objects reloaded= 0
========================================================================
Received Prepare
AcceleratorClientConnectionCallback - disconnected - :0
Refreshing native plugins compatible for Editor in 2.81 ms, found 4 plugins.
Unloading 22 Unused Serialized files (Serialized files now loaded: 0)
Unloading 6686 unused Assets / (5.4 MB). Loaded Objects now: 7794.
Memory consumption went from 407.4 MB to 402.0 MB.
Total: 9.471900 ms (FindLiveObjects: 0.641600 ms CreateObjectMapping: 0.616400 ms MarkObjects: 5.375100 ms  DeleteObjects: 2.837500 ms)

Prepare: number of updated asset objects reloaded= 0
========================================================================
Received Import Request.
  Time of request: 2026-08-31T21:01:57.3667238Z
  Time since last request: 286.26940639999998 seconds.
  importAddress: GUID: 838a6fc68311b8a439f7ec462a28f37c - Path: Assets/_ArchOS/Scripts/Programs/Defenders/Armor.cs - Importer: PreviewImporter
Importing 'GUID: 838a6fc68311b8a439f7ec462a28f37c - Path: Assets/_ArchOS/Scripts/Programs/Defenders/Armor.cs - Importer: PreviewImporter' with importer (PreviewImporter)
Imported 'GUID: 838a6fc68311b8a439f7ec462a28f37c' -> (Import Result ID: 'e7d4e91175ac1ffeefde4f0df0035dc3') in 0.008 seconds [static and dynamic dependencies]. Details - ImportResultOutputID=6caa40de4943ff1544211a9b27903c60 DependenciesID=21eec0703509fc3fc29279b5aa53d750 StaticDependenciesID=94da725eb8c752958392de2f5dd5bbed 
Number of updated asset objects reloaded before import = 0
Number of asset objects unloaded after import = 0
========================================================================
Received Prepare
AcceleratorClientConnectionCallback - disconnected - :0
Refreshing native plugins compatible for Editor in 3.23 ms, found 4 plugins.
Unloading 22 Unused Serialized files (Serialized files now loaded: 0)
Unloading 6686 unused Assets / (5.8 MB). Loaded Objects now: 7794.
Memory consumption went from 396.8 MB to 390.9 MB.
Total: 11.501600 ms (FindLiveObjects: 0.794400 ms CreateObjectMapping: 0.696300 ms MarkObjects: 6.269300 ms  DeleteObjects: 3.738800 ms)

Prepare: number of updated asset objects reloaded= 0
========================================================================
Received Prepare
AcceleratorClientConnectionCallback - disconnected - :0
Unloading 22 Unused Serialized files (Serialized files now loaded: 0)
Unloading 6686 unused Assets / (5.4 MB). Loaded Objects now: 7794.
Memory consumption went from 399.4 MB to 394.1 MB.
Total: 11.092600 ms (FindLiveObjects: 0.873400 ms CreateObjectMapping: 1.368000 ms MarkObjects: 5.873800 ms  DeleteObjects: 2.975500 ms)

Prepare: number of updated asset objects reloaded= 0
========================================================================
Received Prepare
AcceleratorClientConnectionCallback - disconnected - :0
Refreshing native plugins compatible for Editor in 2.50 ms, found 4 plugins.
Unloading 22 Unused Serialized files (Serialized files now loaded: 0)
Unloading 6686 unused Assets / (5.1 MB). Loaded Objects now: 7794.
Memory consumption went from 402.1 MB to 397.0 MB.
Total: 7.934500 ms (FindLiveObjects: 0.628000 ms CreateObjectMapping: 0.550100 ms MarkObjects: 4.293900 ms  DeleteObjects: 2.461900 ms)

Prepare: number of updated asset objects reloaded= 0
========================================================================
Received Prepare
AcceleratorClientConnectionCallback - disconnected - :0
[Licensing::Client] Successfully resolved entitlement details
Begin MonoManager ReloadAssembly
Symbol file LoadedFromMemory is not a mono symbol file
Native extension for WindowsStandalone target not found
[Package Manager] Failed to launch server process. Reason: Unity was launched with the -noUpm command-line argument
[Package Manager] Unable to send message (not connected to server process).
[Package Manager] Cannot connect to Unity Package Manager local server
[Package Manager] Failed to launch server process. Reason: Unity was launched with the -noUpm command-line argument
[Package Manager] Unable to send message (not connected to server process).
[Package Manager] Cannot connect to Unity Package Manager local server
ScheduleIndexationOnStartup MainProcess:False IndexOnStartup:True
Mono: successfully reloaded assembly
- Finished resetting the current domain, in  0.689 seconds
Domain Reload Profiling: 1555ms
	BeginReloadAssembly (224ms)
		DisableScriptedObjects (12ms)
		CreateAndSetChildDomain (53ms)
	RebuildCommonClasses (8ms)
	RebuildNativeTypeToScriptingClass (14ms)
	initialDomainReloadingComplete (65ms)
	LoadAllAssembliesAndSetupDomain (554ms)
		LoadAssemblies (342ms)
		AnalyzeDomain (197ms)
			TypeCache.Refresh (11ms)
			BuildScriptInfoCaches (179ms)
			ResolveRequiredComponents (5ms)
	FinalizeReload (690ms)
		SetupLoadedEditorAssemblies (0ms)
			BeforeProcessingInitializeOnLoad (82ms)
			ProcessInitializeOnLoadAttributes (249ms)
			ProcessInitializeOnLoadMethodAttributes (121ms)
			AfterProcessingInitializeOnLoad (7ms)
		AwakeInstancesAfterBackupRestoration (24ms)
Unloading 22 Unused Serialized files (Serialized files now loaded: 0)
Unloading 6697 unused Assets / (5.1 MB). Loaded Objects now: 7797.
Memory consumption went from 405.2 MB to 400.2 MB.
Total: 7.583500 ms (FindLiveObjects: 0.578300 ms CreateObjectMapping: 0.501100 ms MarkObjects: 4.165800 ms  DeleteObjects: 2.337100 ms)

Prepare: number of updated asset objects reloaded= 0
========================================================================
Received Import Request.
  Time of request: 2026-08-31T21:03:07.1450246Z
  Time since last request: 69.7591209 seconds.
  importAddress: GUID: 838a6fc68311b8a439f7ec462a28f37c - Path: Assets/_ArchOS/Scripts/Programs/Defenders/Armor.cs - Importer: PreviewImporter
Importing 'GUID: 838a6fc68311b8a439f7ec462a28f37c - Path: Assets/_ArchOS/Scripts/Programs/Defenders/Armor.cs - Importer: PreviewImporter' with importer (PreviewImporter)
Imported 'GUID: 838a6fc68311b8a439f7ec462a28f37c' -> (Import Result ID: '33ca6a5f4a811b6926f60f0dae4bb533') in 0.010 seconds [static and dynamic dependencies]. Details - ImportResultOutputID=6caa40de4943ff1544211a9b27903c60 DependenciesID=cf4ee99586bd3b931006976d22cf15c0 StaticDependenciesID=7092fd10f56f13cbd65691761fdc3609 
Number of updated asset objects reloaded before import = 0
Number of asset objects unloaded after import = 0
========================================================================
Received Prepare
AcceleratorClientConnectionCallback - disconnected - :0
Unloading 22 Unused Serialized files (Serialized files now loaded: 0)
Unloading 6687 unused Assets / (4.7 MB). Loaded Objects now: 7798.
Memory consumption went from 386.8 MB to 382.1 MB.
Total: 7.705200 ms (FindLiveObjects: 0.562200 ms CreateObjectMapping: 0.494300 ms MarkObjects: 4.415200 ms  DeleteObjects: 2.232700 ms)

Prepare: number of updated asset objects reloaded= 0
========================================================================
Received Prepare
AcceleratorClientConnectionCallback - disconnected - :0
Refreshing native plugins compatible for Editor in 2.51 ms, found 4 plugins.
Unloading 22 Unused Serialized files (Serialized files now loaded: 0)
Unloading 6687 unused Assets / (5.7 MB). Loaded Objects now: 7798.
Memory consumption went from 389.4 MB to 383.7 MB.
Total: 10.698000 ms (FindLiveObjects: 0.786900 ms CreateObjectMapping: 0.882700 ms MarkObjects: 5.501500 ms  DeleteObjects: 3.525400 ms)

Prepare: number of updated asset objects reloaded= 0
========================================================================
Received Import Request.
  Time of request: 2026-08-31T21:03:27.5665189Z
  Time since last request: 20.4016387 seconds.
  importAddress: GUID: 57db4cd940cecd443bf4ffb61953eef0 - Path: Assets/_ArchOS/Scripts/Programs/Boosters/SeeYa.cs - Importer: PreviewImporter
Importing 'GUID: 57db4cd940cecd443bf4ffb61953eef0 - Path: Assets/_ArchOS/Scripts/Programs/Boosters/SeeYa.cs - Importer: PreviewImporter' with importer (PreviewImporter)
Imported 'GUID: 57db4cd940cecd443bf4ffb61953eef0' -> (Import Result ID: '29fd7293c86b02575b40ff2b591f4827') in 0.009 seconds [static and dynamic dependencies]. Details - ImportResultOutputID=5db65ca5f0d92447e12f9bf02faa6bff DependenciesID=d38eaeeab83356002da0b163ebf63cf9 StaticDependenciesID=94b6a091eb537a6f92ef8828bb679009 
Number of updated asset objects reloaded before import = 0
Number of asset objects unloaded after import = 0
========================================================================
Received Prepare
AcceleratorClientConnectionCallback - disconnected - :0
Unloading 22 Unused Serialized files (Serialized files now loaded: 0)
Unloading 6687 unused Assets / (5.4 MB). Loaded Objects now: 7798.
Memory consumption went from 381.4 MB to 376.0 MB.
Total: 8.973800 ms (FindLiveObjects: 0.692700 ms CreateObjectMapping: 0.959100 ms MarkObjects: 4.558800 ms  DeleteObjects: 2.761500 ms)

Prepare: number of updated asset objects reloaded= 0
========================================================================
Received Prepare
AcceleratorClientConnectionCallback - disconnected - :0
Refreshing native plugins compatible for Editor in 2.20 ms, found 4 plugins.
Unloading 22 Unused Serialized files (Serialized files now loaded: 0)
Unloading 6687 unused Assets / (6.3 MB). Loaded Objects now: 7798.
Memory consumption went from 384.1 MB to 377.8 MB.
Total: 9.483400 ms (FindLiveObjects: 0.708800 ms CreateObjectMapping: 0.591100 ms MarkObjects: 4.506600 ms  DeleteObjects: 3.675100 ms)

Prepare: number of updated asset objects reloaded= 0
========================================================================
Received Import Request.
  Time of request: 2026-08-31T21:03:56.9426713Z
  Time since last request: 29.3543298 seconds.
  importAddress: GUID: 57db4cd940cecd443bf4ffb61953eef0 - Path: Assets/_ArchOS/Scripts/Programs/Boosters/SeeYa.cs - Importer: PreviewImporter
Importing 'GUID: 57db4cd940cecd443bf4ffb61953eef0 - Path: Assets/_ArchOS/Scripts/Programs/Boosters/SeeYa.cs - Importer: PreviewImporter' with importer (PreviewImporter)
Imported 'GUID: 57db4cd940cecd443bf4ffb61953eef0' -> (Import Result ID: '31be97c51b5df2a91208423b7450baa1') in 0.005 seconds [static and dynamic dependencies]. Details - ImportResultOutputID=5db65ca5f0d92447e12f9bf02faa6bff DependenciesID=08648dacc886606602c684c3f8a1d152 StaticDependenciesID=794cbcd82e399378b46189a60df0928f 
Number of updated asset objects reloaded before import = 0
Number of asset objects unloaded after import = 0
========================================================================
Received Prepare
AcceleratorClientConnectionCallback - disconnected - :0
Unloading 22 Unused Serialized files (Serialized files now loaded: 0)
Unloading 6687 unused Assets / (5.5 MB). Loaded Objects now: 7798.
Memory consumption went from 381.4 MB to 376.0 MB.
Total: 9.540400 ms (FindLiveObjects: 0.869100 ms CreateObjectMapping: 0.640200 ms MarkObjects: 5.088200 ms  DeleteObjects: 2.941400 ms)

Prepare: number of updated asset objects reloaded= 0
========================================================================
Received Import Request.
  Time of request: 2026-08-31T21:04:09.3360453Z
  Time since last request: 12.3714097 seconds.
  importAddress: GUID: 57db4cd940cecd443bf4ffb61953eef0 - Path: Assets/_ArchOS/Scripts/Programs/Boosters/SeeYa.cs - Importer: PreviewImporter
Importing 'GUID: 57db4cd940cecd443bf4ffb61953eef0 - Path: Assets/_ArchOS/Scripts/Programs/Boosters/SeeYa.cs - Importer: PreviewImporter' with importer (PreviewImporter)
Imported 'GUID: 57db4cd940cecd443bf4ffb61953eef0' -> (Import Result ID: 'afcc027bab368cd0876fe9d3e38e3cc9') in 0.004 seconds [static and dynamic dependencies]. Details - ImportResultOutputID=5db65ca5f0d92447e12f9bf02faa6bff DependenciesID=20b28c1a225b9a39179fb3a1f5141b4d StaticDependenciesID=5cd82a920306390c5982a498db086ae8 
Number of updated asset objects reloaded before import = 0
Number of asset objects unloaded after import = 0
========================================================================
Received Prepare
AcceleratorClientConnectionCallback - disconnected - :0
[Licensing::Client] Successfully resolved entitlement details
Begin MonoManager ReloadAssembly
Symbol file LoadedFromMemory is not a mono symbol file
Native extension for WindowsStandalone target not found
[Package Manager] Failed to launch server process. Reason: Unity was launched with the -noUpm command-line argument
[Package Manager] Unable to send message (not connected to server process).
[Package Manager] Cannot connect to Unity Package Manager local server
[Package Manager] Failed to launch server process. Reason: Unity was launched with the -noUpm command-line argument
[Package Manager] Unable to send message (not connected to server process).
[Package Manager] Cannot connect to Unity Package Manager local server
ScheduleIndexationOnStartup MainProcess:False IndexOnStartup:True
Mono: successfully reloaded assembly
- Finished resetting the current domain, in  0.672 seconds
Domain Reload Profiling: 1577ms
	BeginReloadAssembly (238ms)
		DisableScriptedObjects (14ms)
		CreateAndSetChildDomain (56ms)
	RebuildCommonClasses (8ms)
	RebuildNativeTypeToScriptingClass (14ms)
	initialDomainReloadingComplete (65ms)
	LoadAllAssembliesAndSetupDomain (579ms)
		LoadAssemblies (348ms)
		AnalyzeDomain (210ms)
			TypeCache.Refresh (11ms)
			BuildScriptInfoCaches (191ms)
			ResolveRequiredComponents (5ms)
	FinalizeReload (673ms)
		SetupLoadedEditorAssemblies (0ms)
			BeforeProcessingInitializeOnLoad (82ms)
			ProcessInitializeOnLoadAttributes (234ms)
			ProcessInitializeOnLoadMethodAttributes (120ms)
			AfterProcessingInitializeOnLoad (6ms)
		AwakeInstancesAfterBackupRestoration (23ms)
Unloading 22 Unused Serialized files (Serialized files now loaded: 0)
Unloading 6698 unused Assets / (5.8 MB). Loaded Objects now: 7801.
Memory consumption went from 379.6 MB to 373.8 MB.
Total: 8.391200 ms (FindLiveObjects: 0.612400 ms CreateObjectMapping: 0.437800 ms MarkObjects: 4.354200 ms  DeleteObjects: 2.986000 ms)

Prepare: number of updated asset objects reloaded= 0
========================================================================
Received Prepare
AcceleratorClientConnectionCallback - disconnected - :0
Unloading 22 Unused Serialized files (Serialized files now loaded: 0)
Unloading 6688 unused Assets / (5.6 MB). Loaded Objects now: 7802.
Memory consumption went from 382.4 MB to 376.9 MB.
Total: 7.394800 ms (FindLiveObjects: 0.623000 ms CreateObjectMapping: 0.509400 ms MarkObjects: 3.953100 ms  DeleteObjects: 2.308400 ms)

Prepare: number of updated asset objects reloaded= 0
========================================================================
Received Prepare
AcceleratorClientConnectionCallback - disconnected - :0
Unloading 22 Unused Serialized files (Serialized files now loaded: 0)
Unloading 6688 unused Assets / (5.3 MB). Loaded Objects now: 7802.
Memory consumption went from 385.1 MB to 379.8 MB.
Total: 8.985000 ms (FindLiveObjects: 0.654800 ms CreateObjectMapping: 0.490500 ms MarkObjects: 5.143300 ms  DeleteObjects: 2.694800 ms)

Prepare: number of updated asset objects reloaded= 0
========================================================================
Received Prepare
AcceleratorClientConnectionCallback - disconnected - :0
Unloading 22 Unused Serialized files (Serialized files now loaded: 0)
Unloading 6688 unused Assets / (6.4 MB). Loaded Objects now: 7802.
Memory consumption went from 387.8 MB to 381.3 MB.
Total: 11.356200 ms (FindLiveObjects: 0.840100 ms CreateObjectMapping: 0.796900 ms MarkObjects: 5.872700 ms  DeleteObjects: 3.844900 ms)

Prepare: number of updated asset objects reloaded= 0
========================================================================
Received Prepare
AcceleratorClientConnectionCallback - disconnected - :0
Refreshing native plugins compatible for Editor in 2.04 ms, found 4 plugins.
Unloading 22 Unused Serialized files (Serialized files now loaded: 0)
Unloading 6688 unused Assets / (6.0 MB). Loaded Objects now: 7802.
Memory consumption went from 390.4 MB to 384.4 MB.
Total: 10.381100 ms (FindLiveObjects: 0.788100 ms CreateObjectMapping: 0.884200 ms MarkObjects: 5.017200 ms  DeleteObjects: 3.689800 ms)

Prepare: number of updated asset objects reloaded= 0
========================================================================
Received Prepare
AcceleratorClientConnectionCallback - disconnected - :0
Refreshing native plugins compatible for Editor in 2.01 ms, found 4 plugins.
Unloading 22 Unused Serialized files (Serialized files now loaded: 0)
Unloading 6688 unused Assets / (5.0 MB). Loaded Objects now: 7802.
Memory consumption went from 393.1 MB to 388.1 MB.
Total: 9.601800 ms (FindLiveObjects: 0.657100 ms CreateObjectMapping: 0.726300 ms MarkObjects: 5.425700 ms  DeleteObjects: 2.791000 ms)

Prepare: number of updated asset objects reloaded= 0
========================================================================
Received Prepare
AcceleratorClientConnectionCallback - disconnected - :0
Refreshing native plugins compatible for Editor in 2.02 ms, found 4 plugins.
Unloading 22 Unused Serialized files (Serialized files now loaded: 0)
Unloading 6688 unused Assets / (5.6 MB). Loaded Objects now: 7802.
Memory consumption went from 395.7 MB to 390.1 MB.
Total: 10.320000 ms (FindLiveObjects: 0.837200 ms CreateObjectMapping: 0.991300 ms MarkObjects: 4.933300 ms  DeleteObjects: 3.556000 ms)

Prepare: number of updated asset objects reloaded= 0
========================================================================
Received Prepare
AcceleratorClientConnectionCallback - disconnected - :0
[Licensing::Client] Successfully resolved entitlement details
Begin MonoManager ReloadAssembly
Symbol file LoadedFromMemory is not a mono symbol file
Native extension for WindowsStandalone target not found
[Package Manager] Failed to launch server process. Reason: Unity was launched with the -noUpm command-line argument
[Package Manager] Unable to send message (not connected to server process).
[Package Manager] Cannot connect to Unity Package Manager local server
[Package Manager] Failed to launch server process. Reason: Unity was launched with the -noUpm command-line argument
[Package Manager] Unable to send message (not connected to server process).
[Package Manager] Cannot connect to Unity Package Manager local server
ScheduleIndexationOnStartup MainProcess:False IndexOnStartup:True
Mono: successfully reloaded assembly
- Finished resetting the current domain, in  0.672 seconds
Domain Reload Profiling: 1511ms
	BeginReloadAssembly (213ms)
		DisableScriptedObjects (12ms)
		CreateAndSetChildDomain (49ms)
	RebuildCommonClasses (8ms)
	RebuildNativeTypeToScriptingClass (13ms)
	initialDomainReloadingComplete (59ms)
	LoadAllAssembliesAndSetupDomain (544ms)
		LoadAssemblies (336ms)
		AnalyzeDomain (186ms)
			TypeCache.Refresh (10ms)
			BuildScriptInfoCaches (170ms)
			ResolveRequiredComponents (4ms)
	FinalizeReload (673ms)
		SetupLoadedEditorAssemblies (0ms)
			BeforeProcessingInitializeOnLoad (80ms)
			ProcessInitializeOnLoadAttributes (238ms)
			ProcessInitializeOnLoadMethodAttributes (118ms)
			AfterProcessingInitializeOnLoad (9ms)
		AwakeInstancesAfterBackupRestoration (23ms)
Unloading 22 Unused Serialized files (Serialized files now loaded: 0)
Unloading 6699 unused Assets / (5.4 MB). Loaded Objects now: 7805.
Memory consumption went from 398.9 MB to 393.6 MB.
Total: 9.493300 ms (FindLiveObjects: 0.599900 ms CreateObjectMapping: 0.715700 ms MarkObjects: 5.110900 ms  DeleteObjects: 3.065800 ms)

Prepare: number of updated asset objects reloaded= 0
========================================================================
Received Import Request.
  Time of request: 2026-08-31T21:05:47.8029955Z
  Time since last request: 98.4534166 seconds.
  importAddress: GUID: 07f3cba94a462124894bd5037e23b4f4 - Path: Assets/_ArchOS/Scripts/Programs/Boosters/SpeedyGonzalvez.cs - Importer: PreviewImporter
Importing 'GUID: 07f3cba94a462124894bd5037e23b4f4 - Path: Assets/_ArchOS/Scripts/Programs/Boosters/SpeedyGonzalvez.cs - Importer: PreviewImporter' with importer (PreviewImporter)
Imported 'GUID: 07f3cba94a462124894bd5037e23b4f4' -> (Import Result ID: 'dd40f7b8b67b320b3e758eb5d4216c14') in 0.003 seconds [static and dynamic dependencies]. Details - ImportResultOutputID=936e4d835781e188da6fe89cdbfb9caf DependenciesID=ccc0ff800960be7d32875deb7ea35855 StaticDependenciesID=985190dec88b88ccf17189c7a8e83632 
Number of updated asset objects reloaded before import = 0
Number of asset objects unloaded after import = 0
========================================================================
Received Prepare
AcceleratorClientConnectionCallback - disconnected - :0
Unloading 22 Unused Serialized files (Serialized files now loaded: 0)
Unloading 6689 unused Assets / (5.5 MB). Loaded Objects now: 7806.
Memory consumption went from 399.1 MB to 393.6 MB.
Total: 7.610900 ms (FindLiveObjects: 0.613300 ms CreateObjectMapping: 0.523600 ms MarkObjects: 4.164000 ms  DeleteObjects: 2.309100 ms)

Prepare: number of updated asset objects reloaded= 0
========================================================================
Received Prepare
AcceleratorClientConnectionCallback - disconnected - :0
Refreshing native plugins compatible for Editor in 2.12 ms, found 4 plugins.
Unloading 22 Unused Serialized files (Serialized files now loaded: 0)
Unloading 6689 unused Assets / (5.5 MB). Loaded Objects now: 7806.
Memory consumption went from 401.8 MB to 396.2 MB.
Total: 8.484700 ms (FindLiveObjects: 0.819800 ms CreateObjectMapping: 0.694600 ms MarkObjects: 4.388200 ms  DeleteObjects: 2.580900 ms)

Prepare: number of updated asset objects reloaded= 0
========================================================================
Received Prepare
AcceleratorClientConnectionCallback - disconnected - :0
Refreshing native plugins compatible for Editor in 2.30 ms, found 4 plugins.
Unloading 22 Unused Serialized files (Serialized files now loaded: 0)
Unloading 6689 unused Assets / (6.3 MB). Loaded Objects now: 7806.
Memory consumption went from 404.4 MB to 398.1 MB.
Total: 10.573400 ms (FindLiveObjects: 0.895000 ms CreateObjectMapping: 0.711000 ms MarkObjects: 5.290300 ms  DeleteObjects: 3.675600 ms)

Prepare: number of updated asset objects reloaded= 0
========================================================================
Received Import Request.
  Time of request: 2026-08-31T21:06:34.5063469Z
  Time since last request: 46.6920042 seconds.
  importAddress: GUID: 5499ff50171ce8e4e90c8c06207817f0 - Path: Assets/_ArchOS/Scripts/Programs/Boosters/Worm.cs - Importer: PreviewImporter
Importing 'GUID: 5499ff50171ce8e4e90c8c06207817f0 - Path: Assets/_ArchOS/Scripts/Programs/Boosters/Worm.cs - Importer: PreviewImporter' with importer (PreviewImporter)
Imported 'GUID: 5499ff50171ce8e4e90c8c06207817f0' -> (Import Result ID: '25f6a207f906ef029b525b65ab081a63') in 0.012 seconds [static and dynamic dependencies]. Details - ImportResultOutputID=1ab2ed29d59ae523caea1fea02d7c6cc DependenciesID=d8076220b9db33b85f957041cba0050c StaticDependenciesID=8aa306f412309163db7e624bd82c88eb 
Number of updated asset objects reloaded before import = 0
Number of asset objects unloaded after import = 0
========================================================================
Received Prepare
AcceleratorClientConnectionCallback - disconnected - :0
Refreshing native plugins compatible for Editor in 2.04 ms, found 4 plugins.
Unloading 22 Unused Serialized files (Serialized files now loaded: 0)
Unloading 6689 unused Assets / (5.5 MB). Loaded Objects now: 7806.
Memory consumption went from 385.8 MB to 380.3 MB.
Total: 9.534500 ms (FindLiveObjects: 0.789900 ms CreateObjectMapping: 0.572200 ms MarkObjects: 5.464900 ms  DeleteObjects: 2.706300 ms)

Prepare: number of updated asset objects reloaded= 0
========================================================================
Received Prepare
AcceleratorClientConnectionCallback - disconnected - :0
Unloading 22 Unused Serialized files (Serialized files now loaded: 0)
Unloading 6689 unused Assets / (5.2 MB). Loaded Objects now: 7806.
Memory consumption went from 388.5 MB to 383.2 MB.
Total: 8.839500 ms (FindLiveObjects: 0.618700 ms CreateObjectMapping: 0.759000 ms MarkObjects: 4.806700 ms  DeleteObjects: 2.654100 ms)

Prepare: number of updated asset objects reloaded= 0
========================================================================
Received Prepare
AcceleratorClientConnectionCallback - disconnected - :0
Refreshing native plugins compatible for Editor in 2.40 ms, found 4 plugins.
Unloading 22 Unused Serialized files (Serialized files now loaded: 0)
Unloading 6689 unused Assets / (7.3 MB). Loaded Objects now: 7806.
Memory consumption went from 391.1 MB to 383.9 MB.
Total: 15.689200 ms (FindLiveObjects: 0.927900 ms CreateObjectMapping: 0.857000 ms MarkObjects: 8.862900 ms  DeleteObjects: 5.039600 ms)

Prepare: number of updated asset objects reloaded= 0
========================================================================
Received Import Request.
  Time of request: 2026-08-31T21:07:04.3922813Z
  Time since last request: 29.8627493 seconds.
  importAddress: GUID: 5499ff50171ce8e4e90c8c06207817f0 - Path: Assets/_ArchOS/Scripts/Programs/Boosters/Worm.cs - Importer: PreviewImporter
Importing 'GUID: 5499ff50171ce8e4e90c8c06207817f0 - Path: Assets/_ArchOS/Scripts/Programs/Boosters/Worm.cs - Importer: PreviewImporter' with importer (PreviewImporter)
Imported 'GUID: 5499ff50171ce8e4e90c8c06207817f0' -> (Import Result ID: 'c5f0d464edd650f7f3556ecbcef74200') in 0.006 seconds [static and dynamic dependencies]. Details - ImportResultOutputID=1ab2ed29d59ae523caea1fea02d7c6cc DependenciesID=44842df2a1eb28caca58f4bfafb1a31e StaticDependenciesID=2f383d19e188897999ecde3057b63457 
Number of updated asset objects reloaded before import = 0
Number of asset objects unloaded after import = 0
========================================================================
Received Prepare
AcceleratorClientConnectionCallback - disconnected - :0
Unloading 22 Unused Serialized files (Serialized files now loaded: 0)
Unloading 6689 unused Assets / (7.7 MB). Loaded Objects now: 7806.
Memory consumption went from 385.8 MB to 378.0 MB.
Total: 10.002500 ms (FindLiveObjects: 0.588100 ms CreateObjectMapping: 0.515800 ms MarkObjects: 4.602400 ms  DeleteObjects: 4.294900 ms)

Prepare: number of updated asset objects reloaded= 0
========================================================================
Received Prepare
AcceleratorClientConnectionCallback - disconnected - :0
Unloading 22 Unused Serialized files (Serialized files now loaded: 0)
Unloading 6689 unused Assets / (4.9 MB). Loaded Objects now: 7806.
Memory consumption went from 388.5 MB to 383.6 MB.
Total: 8.957300 ms (FindLiveObjects: 0.587300 ms CreateObjectMapping: 0.542400 ms MarkObjects: 5.404800 ms  DeleteObjects: 2.421400 ms)

Prepare: number of updated asset objects reloaded= 0
========================================================================
Received Import Request.
  Time of request: 2026-08-31T21:07:21.1355656Z
  Time since last request: 16.7274645 seconds.
  importAddress: GUID: 5499ff50171ce8e4e90c8c06207817f0 - Path: Assets/_ArchOS/Scripts/Programs/Boosters/Worm.cs - Importer: PreviewImporter
Importing 'GUID: 5499ff50171ce8e4e90c8c06207817f0 - Path: Assets/_ArchOS/Scripts/Programs/Boosters/Worm.cs - Importer: PreviewImporter' with importer (PreviewImporter)
Imported 'GUID: 5499ff50171ce8e4e90c8c06207817f0' -> (Import Result ID: '5fd0c3500d5bcbda04c4f71403d6cf6c') in 0.005 seconds [static and dynamic dependencies]. Details - ImportResultOutputID=1ab2ed29d59ae523caea1fea02d7c6cc DependenciesID=c71bdc8c01fe7e476226d146ac8f3170 StaticDependenciesID=c7c01cd89bb36f0fc262a0ca177771be 
Number of updated asset objects reloaded before import = 0
Number of asset objects unloaded after import = 0
========================================================================
Received Prepare
AcceleratorClientConnectionCallback - disconnected - :0
Refreshing native plugins compatible for Editor in 2.41 ms, found 4 plugins.
Unloading 22 Unused Serialized files (Serialized files now loaded: 0)
Unloading 6689 unused Assets / (5.8 MB). Loaded Objects now: 7806.
Memory consumption went from 383.1 MB to 377.4 MB.
Total: 9.021000 ms (FindLiveObjects: 0.720600 ms CreateObjectMapping: 0.549800 ms MarkObjects: 4.677100 ms  DeleteObjects: 3.072000 ms)

Prepare: number of updated asset objects reloaded= 0
========================================================================
Received Prepare
AcceleratorClientConnectionCallback - disconnected - :0
Unloading 22 Unused Serialized files (Serialized files now loaded: 0)
Unloading 6689 unused Assets / (5.8 MB). Loaded Objects now: 7806.
Memory consumption went from 385.8 MB to 380.0 MB.
Total: 9.455400 ms (FindLiveObjects: 0.583500 ms CreateObjectMapping: 0.485000 ms MarkObjects: 5.866600 ms  DeleteObjects: 2.519000 ms)

Prepare: number of updated asset objects reloaded= 0
========================================================================
Received Prepare
AcceleratorClientConnectionCallback - disconnected - :0
Unloading 22 Unused Serialized files (Serialized files now loaded: 0)
Unloading 6689 unused Assets / (4.8 MB). Loaded Objects now: 7806.
Memory consumption went from 388.5 MB to 383.7 MB.
Total: 8.036200 ms (FindLiveObjects: 0.612400 ms CreateObjectMapping: 0.473500 ms MarkObjects: 4.951300 ms  DeleteObjects: 1.998000 ms)

Prepare: number of updated asset objects reloaded= 0
========================================================================
Received Prepare
AcceleratorClientConnectionCallback - disconnected - :0
Unloading 22 Unused Serialized files (Serialized files now loaded: 0)
Unloading 6689 unused Assets / (4.3 MB). Loaded Objects now: 7806.
Memory consumption went from 391.1 MB to 386.9 MB.
Total: 7.889600 ms (FindLiveObjects: 0.759000 ms CreateObjectMapping: 0.649000 ms MarkObjects: 4.310300 ms  DeleteObjects: 2.170500 ms)

Prepare: number of updated asset objects reloaded= 0
========================================================================
Received Prepare
AcceleratorClientConnectionCallback - disconnected - :0
Refreshing native plugins compatible for Editor in 2.00 ms, found 4 plugins.
Unloading 22 Unused Serialized files (Serialized files now loaded: 0)
Unloading 6689 unused Assets / (6.7 MB). Loaded Objects now: 7806.
Memory consumption went from 393.8 MB to 387.1 MB.
Total: 9.585900 ms (FindLiveObjects: 0.734200 ms CreateObjectMapping: 0.659200 ms MarkObjects: 4.865100 ms  DeleteObjects: 3.325900 ms)

Prepare: number of updated asset objects reloaded= 0
========================================================================
Received Prepare
AcceleratorClientConnectionCallback - disconnected - :0
Unloading 22 Unused Serialized files (Serialized files now loaded: 0)
Unloading 6689 unused Assets / (4.7 MB). Loaded Objects now: 7806.
Memory consumption went from 396.5 MB to 391.8 MB.
Total: 8.876100 ms (FindLiveObjects: 1.086300 ms CreateObjectMapping: 0.833900 ms MarkObjects: 4.870900 ms  DeleteObjects: 2.083700 ms)

Prepare: number of updated asset objects reloaded= 0
========================================================================
Received Prepare
AcceleratorClientConnectionCallback - disconnected - :0
Refreshing native plugins compatible for Editor in 2.68 ms, found 4 plugins.
Unloading 22 Unused Serialized files (Serialized files now loaded: 0)
Unloading 6689 unused Assets / (5.7 MB). Loaded Objects now: 7806.
Memory consumption went from 399.1 MB to 393.5 MB.
Total: 8.073500 ms (FindLiveObjects: 0.610200 ms CreateObjectMapping: 0.458400 ms MarkObjects: 4.604500 ms  DeleteObjects: 2.399400 ms)

Prepare: number of updated asset objects reloaded= 0
========================================================================
Received Prepare
AcceleratorClientConnectionCallback - disconnected - :0
Refreshing native plugins compatible for Editor in 2.63 ms, found 4 plugins.
Unloading 22 Unused Serialized files (Serialized files now loaded: 0)
Unloading 6689 unused Assets / (5.1 MB). Loaded Objects now: 7806.
Memory consumption went from 401.8 MB to 396.7 MB.
Total: 12.252100 ms (FindLiveObjects: 0.587700 ms CreateObjectMapping: 0.435700 ms MarkObjects: 8.127300 ms  DeleteObjects: 3.098700 ms)

Prepare: number of updated asset objects reloaded= 0
========================================================================
Received Prepare
AcceleratorClientConnectionCallback - disconnected - :0
Refreshing native plugins compatible for Editor in 2.01 ms, found 4 plugins.
Unloading 22 Unused Serialized files (Serialized files now loaded: 0)
Unloading 6689 unused Assets / (6.5 MB). Loaded Objects now: 7806.
Memory consumption went from 404.5 MB to 398.0 MB.
Total: 9.787400 ms (FindLiveObjects: 0.876000 ms CreateObjectMapping: 0.542600 ms MarkObjects: 4.507100 ms  DeleteObjects: 3.860600 ms)

Prepare: number of updated asset objects reloaded= 0
========================================================================
Received Prepare
AcceleratorClientConnectionCallback - disconnected - :0
Refreshing native plugins compatible for Editor in 2.34 ms, found 4 plugins.
Unloading 22 Unused Serialized files (Serialized files now loaded: 0)
Unloading 6689 unused Assets / (5.0 MB). Loaded Objects now: 7806.
Memory consumption went from 407.1 MB to 402.1 MB.
Total: 10.583200 ms (FindLiveObjects: 0.717500 ms CreateObjectMapping: 0.557800 ms MarkObjects: 6.942900 ms  DeleteObjects: 2.363900 ms)

Prepare: number of updated asset objects reloaded= 0
========================================================================
Received Prepare
AcceleratorClientConnectionCallback - disconnected - :0
Unloading 22 Unused Serialized files (Serialized files now loaded: 0)
Unloading 6689 unused Assets / (6.3 MB). Loaded Objects now: 7806.
Memory consumption went from 409.8 MB to 403.4 MB.
Total: 8.973200 ms (FindLiveObjects: 0.624500 ms CreateObjectMapping: 0.441500 ms MarkObjects: 4.709000 ms  DeleteObjects: 3.196900 ms)

Prepare: number of updated asset objects reloaded= 0
========================================================================
Received Prepare
AcceleratorClientConnectionCallback - disconnected - :0
Unloading 22 Unused Serialized files (Serialized files now loaded: 0)
Unloading 6689 unused Assets / (5.3 MB). Loaded Objects now: 7806.
Memory consumption went from 412.4 MB to 407.2 MB.
Total: 9.006100 ms (FindLiveObjects: 0.941100 ms CreateObjectMapping: 0.541400 ms MarkObjects: 5.429700 ms  DeleteObjects: 2.093200 ms)

Prepare: number of updated asset objects reloaded= 0
========================================================================
Received Prepare
AcceleratorClientConnectionCallback - disconnected - :0
Refreshing native plugins compatible for Editor in 3.47 ms, found 4 plugins.
Unloading 22 Unused Serialized files (Serialized files now loaded: 0)
Unloading 6689 unused Assets / (5.5 MB). Loaded Objects now: 7806.
Memory consumption went from 415.1 MB to 409.6 MB.
Total: 15.349000 ms (FindLiveObjects: 1.145300 ms CreateObjectMapping: 1.290000 ms MarkObjects: 9.518800 ms  DeleteObjects: 3.392800 ms)

Prepare: number of updated asset objects reloaded= 0
========================================================================
Received Prepare
AcceleratorClientConnectionCallback - disconnected - :0
Refreshing native plugins compatible for Editor in 2.68 ms, found 4 plugins.
Unloading 22 Unused Serialized files (Serialized files now loaded: 0)
Unloading 6689 unused Assets / (4.6 MB). Loaded Objects now: 7806.
Memory consumption went from 417.8 MB to 413.2 MB.
Total: 9.202700 ms (FindLiveObjects: 0.878900 ms CreateObjectMapping: 0.672400 ms MarkObjects: 4.700400 ms  DeleteObjects: 2.950200 ms)

Prepare: number of updated asset objects reloaded= 0
========================================================================
Received Prepare
AcceleratorClientConnectionCallback - disconnected - :0
Refreshing native plugins compatible for Editor in 3.63 ms, found 4 plugins.
Unloading 22 Unused Serialized files (Serialized files now loaded: 0)
Unloading 6689 unused Assets / (5.8 MB). Loaded Objects now: 7806.
Memory consumption went from 420.4 MB to 414.6 MB.
Total: 9.228400 ms (FindLiveObjects: 0.657900 ms CreateObjectMapping: 0.455000 ms MarkObjects: 5.247500 ms  DeleteObjects: 2.866600 ms)

Prepare: number of updated asset objects reloaded= 0
========================================================================
Received Prepare
AcceleratorClientConnectionCallback - disconnected - :0
Unloading 22 Unused Serialized files (Serialized files now loaded: 0)
Unloading 6689 unused Assets / (4.7 MB). Loaded Objects now: 7806.
Memory consumption went from 423.1 MB to 418.4 MB.
Total: 7.841400 ms (FindLiveObjects: 0.582300 ms CreateObjectMapping: 0.474800 ms MarkObjects: 4.530100 ms  DeleteObjects: 2.252800 ms)

Prepare: number of updated asset objects reloaded= 0
========================================================================
Received Prepare
AcceleratorClientConnectionCallback - disconnected - :0
Unloading 22 Unused Serialized files (Serialized files now loaded: 0)
Unloading 6689 unused Assets / (5.1 MB). Loaded Objects now: 7806.
Memory consumption went from 425.8 MB to 420.7 MB.
Total: 9.034200 ms (FindLiveObjects: 0.646500 ms CreateObjectMapping: 0.472500 ms MarkObjects: 4.887500 ms  DeleteObjects: 3.026300 ms)

Prepare: number of updated asset objects reloaded= 0
========================================================================
Received Prepare
AcceleratorClientConnectionCallback - disconnected - :0
Unloading 22 Unused Serialized files (Serialized files now loaded: 0)
Unloading 6689 unused Assets / (5.2 MB). Loaded Objects now: 7806.
Memory consumption went from 428.4 MB to 423.2 MB.
Total: 9.581100 ms (FindLiveObjects: 0.668700 ms CreateObjectMapping: 0.683700 ms MarkObjects: 4.650700 ms  DeleteObjects: 3.576700 ms)

Prepare: number of updated asset objects reloaded= 0
========================================================================
Received Prepare
AcceleratorClientConnectionCallback - disconnected - :0
Unloading 22 Unused Serialized files (Serialized files now loaded: 0)
Unloading 6689 unused Assets / (5.6 MB). Loaded Objects now: 7806.
Memory consumption went from 431.1 MB to 425.5 MB.
Total: 8.482700 ms (FindLiveObjects: 0.821600 ms CreateObjectMapping: 0.500100 ms MarkObjects: 4.686800 ms  DeleteObjects: 2.473200 ms)

Prepare: number of updated asset objects reloaded= 0
========================================================================
Received Prepare
AcceleratorClientConnectionCallback - disconnected - :0
Unloading 22 Unused Serialized files (Serialized files now loaded: 0)
Unloading 6689 unused Assets / (7.1 MB). Loaded Objects now: 7806.
Memory consumption went from 433.8 MB to 426.7 MB.
Total: 11.072400 ms (FindLiveObjects: 0.603300 ms CreateObjectMapping: 0.469600 ms MarkObjects: 5.251000 ms  DeleteObjects: 4.747200 ms)

Prepare: number of updated asset objects reloaded= 0
========================================================================
Received Prepare
AcceleratorClientConnectionCallback - disconnected - :0
Refreshing native plugins compatible for Editor in 2.14 ms, found 4 plugins.
Unloading 22 Unused Serialized files (Serialized files now loaded: 0)
Unloading 6689 unused Assets / (5.4 MB). Loaded Objects now: 7806.
Memory consumption went from 436.4 MB to 431.0 MB.
Total: 10.245900 ms (FindLiveObjects: 0.728800 ms CreateObjectMapping: 0.773800 ms MarkObjects: 5.722900 ms  DeleteObjects: 3.019600 ms)

Prepare: number of updated asset objects reloaded= 0
========================================================================
Received Prepare
AcceleratorClientConnectionCallback - disconnected - :0
Unloading 22 Unused Serialized files (Serialized files now loaded: 0)
Unloading 6689 unused Assets / (5.9 MB). Loaded Objects now: 7806.
Memory consumption went from 439.1 MB to 433.2 MB.
Total: 9.028900 ms (FindLiveObjects: 0.640100 ms CreateObjectMapping: 0.530200 ms MarkObjects: 4.167900 ms  DeleteObjects: 3.689700 ms)

Prepare: number of updated asset objects reloaded= 0
========================================================================
Received Prepare
AcceleratorClientConnectionCallback - disconnected - :0
Unloading 22 Unused Serialized files (Serialized files now loaded: 0)
Unloading 6689 unused Assets / (5.1 MB). Loaded Objects now: 7806.
Memory consumption went from 441.8 MB to 436.6 MB.
Total: 7.711100 ms (FindLiveObjects: 0.591300 ms CreateObjectMapping: 0.450300 ms MarkObjects: 3.936400 ms  DeleteObjects: 2.732200 ms)

Prepare: number of updated asset objects reloaded= 0
========================================================================
Received Prepare
AcceleratorClientConnectionCallback - disconnected - :0
Unloading 22 Unused Serialized files (Serialized files now loaded: 0)
Unloading 6689 unused Assets / (6.9 MB). Loaded Objects now: 7806.
Memory consumption went from 444.4 MB to 437.5 MB.
Total: 11.388600 ms (FindLiveObjects: 0.797300 ms CreateObjectMapping: 0.597100 ms MarkObjects: 5.011900 ms  DeleteObjects: 4.980800 ms)

Prepare: number of updated asset objects reloaded= 0
========================================================================
Received Prepare
AcceleratorClientConnectionCallback - disconnected - :0
Unloading 22 Unused Serialized files (Serialized files now loaded: 0)
Unloading 6689 unused Assets / (6.5 MB). Loaded Objects now: 7806.
Memory consumption went from 447.1 MB to 440.6 MB.
Total: 9.678200 ms (FindLiveObjects: 0.648000 ms CreateObjectMapping: 0.505400 ms MarkObjects: 4.412200 ms  DeleteObjects: 4.111300 ms)

Prepare: number of updated asset objects reloaded= 0
========================================================================
Received Prepare
AcceleratorClientConnectionCallback - disconnected - :0
Refreshing native plugins compatible for Editor in 4.91 ms, found 4 plugins.
Unloading 22 Unused Serialized files (Serialized files now loaded: 0)
Unloading 6689 unused Assets / (5.6 MB). Loaded Objects now: 7806.
Memory consumption went from 449.7 MB to 444.2 MB.
Total: 9.753900 ms (FindLiveObjects: 0.952500 ms CreateObjectMapping: 0.673800 ms MarkObjects: 5.649900 ms  DeleteObjects: 2.476300 ms)

Prepare: number of updated asset objects reloaded= 0
========================================================================
Received Prepare
AcceleratorClientConnectionCallback - disconnected - :0
Refreshing native plugins compatible for Editor in 3.13 ms, found 4 plugins.
Unloading 22 Unused Serialized files (Serialized files now loaded: 0)
Unloading 6689 unused Assets / (6.7 MB). Loaded Objects now: 7806.
Memory consumption went from 452.4 MB to 445.8 MB.
Total: 10.682100 ms (FindLiveObjects: 0.820800 ms CreateObjectMapping: 0.608700 ms MarkObjects: 5.227400 ms  DeleteObjects: 4.023800 ms)

Prepare: number of updated asset objects reloaded= 0
========================================================================
Received Prepare
AcceleratorClientConnectionCallback - disconnected - :0
Unloading 22 Unused Serialized files (Serialized files now loaded: 0)
Unloading 6689 unused Assets / (5.6 MB). Loaded Objects now: 7806.
Memory consumption went from 455.1 MB to 449.5 MB.
Total: 8.650200 ms (FindLiveObjects: 0.655700 ms CreateObjectMapping: 0.481300 ms MarkObjects: 4.216000 ms  DeleteObjects: 3.295700 ms)

Prepare: number of updated asset objects reloaded= 0
========================================================================
Received Prepare
AcceleratorClientConnectionCallback - disconnected - :0
Refreshing native plugins compatible for Editor in 2.65 ms, found 4 plugins.
Unloading 22 Unused Serialized files (Serialized files now loaded: 0)
Unloading 6689 unused Assets / (6.8 MB). Loaded Objects now: 7806.
Memory consumption went from 457.7 MB to 450.9 MB.
Total: 10.253900 ms (FindLiveObjects: 1.070500 ms CreateObjectMapping: 0.818700 ms MarkObjects: 5.041800 ms  DeleteObjects: 3.321700 ms)

Prepare: number of updated asset objects reloaded= 0
========================================================================
Received Prepare
AcceleratorClientConnectionCallback - disconnected - :0
Unloading 22 Unused Serialized files (Serialized files now loaded: 0)
Unloading 6689 unused Assets / (5.4 MB). Loaded Objects now: 7806.
Memory consumption went from 460.4 MB to 455.0 MB.
Total: 9.319200 ms (FindLiveObjects: 0.840500 ms CreateObjectMapping: 0.678200 ms MarkObjects: 5.074000 ms  DeleteObjects: 2.724900 ms)

Prepare: number of updated asset objects reloaded= 0
========================================================================
Received Prepare
AcceleratorClientConnectionCallback - disconnected - :0
Unloading 22 Unused Serialized files (Serialized files now loaded: 0)
Unloading 6690 unused Assets / (5.0 MB). Loaded Objects now: 7807.
Memory consumption went from 463.1 MB to 458.0 MB.
Total: 7.802200 ms (FindLiveObjects: 0.935100 ms CreateObjectMapping: 0.480900 ms MarkObjects: 4.355100 ms  DeleteObjects: 2.029900 ms)

Prepare: number of updated asset objects reloaded= 0
========================================================================
Received Prepare
AcceleratorClientConnectionCallback - disconnected - :0
Refreshing native plugins compatible for Editor in 2.12 ms, found 4 plugins.
Unloading 22 Unused Serialized files (Serialized files now loaded: 0)
Unloading 6690 unused Assets / (6.2 MB). Loaded Objects now: 7807.
Memory consumption went from 465.7 MB to 459.6 MB.
Total: 9.626300 ms (FindLiveObjects: 0.688100 ms CreateObjectMapping: 0.549500 ms MarkObjects: 5.028900 ms  DeleteObjects: 3.358700 ms)

Prepare: number of updated asset objects reloaded= 0
========================================================================
Received Prepare
AcceleratorClientConnectionCallback - disconnected - :0
Unloading 22 Unused Serialized files (Serialized files now loaded: 0)
Unloading 6690 unused Assets / (5.1 MB). Loaded Objects now: 7807.
Memory consumption went from 468.4 MB to 463.3 MB.
Total: 8.588600 ms (FindLiveObjects: 0.637700 ms CreateObjectMapping: 0.639800 ms MarkObjects: 4.833500 ms  DeleteObjects: 2.476800 ms)

Prepare: number of updated asset objects reloaded= 0
========================================================================
Received Prepare
AcceleratorClientConnectionCallback - disconnected - :0
Refreshing native plugins compatible for Editor in 2.07 ms, found 4 plugins.
Unloading 22 Unused Serialized files (Serialized files now loaded: 0)
Unloading 6690 unused Assets / (6.1 MB). Loaded Objects now: 7807.
Memory consumption went from 471.1 MB to 464.9 MB.
Total: 8.786200 ms (FindLiveObjects: 0.659400 ms CreateObjectMapping: 0.470100 ms MarkObjects: 4.341900 ms  DeleteObjects: 3.313800 ms)

Prepare: number of updated asset objects reloaded= 0
========================================================================
Received Prepare
AcceleratorClientConnectionCallback - disconnected - :0
Refreshing native plugins compatible for Editor in 2.74 ms, found 4 plugins.
Unloading 22 Unused Serialized files (Serialized files now loaded: 0)
Unloading 6690 unused Assets / (5.0 MB). Loaded Objects now: 7807.
Memory consumption went from 473.7 MB to 468.7 MB.
Total: 8.349600 ms (FindLiveObjects: 0.639100 ms CreateObjectMapping: 0.491000 ms MarkObjects: 4.604300 ms  DeleteObjects: 2.614200 ms)

Prepare: number of updated asset objects reloaded= 0
========================================================================
Received Prepare
AcceleratorClientConnectionCallback - disconnected - :0
Unloading 22 Unused Serialized files (Serialized files now loaded: 0)
Unloading 6690 unused Assets / (6.0 MB). Loaded Objects now: 7807.
Memory consumption went from 476.4 MB to 470.4 MB.
Total: 9.016600 ms (FindLiveObjects: 0.640400 ms CreateObjectMapping: 0.475000 ms MarkObjects: 4.215400 ms  DeleteObjects: 3.684800 ms)

Prepare: number of updated asset objects reloaded= 0
========================================================================
Received Prepare
AcceleratorClientConnectionCallback - disconnected - :0
Refreshing native plugins compatible for Editor in 6.13 ms, found 4 plugins.
Unloading 22 Unused Serialized files (Serialized files now loaded: 0)
Unloading 6690 unused Assets / (6.1 MB). Loaded Objects now: 7807.
Memory consumption went from 479.1 MB to 472.9 MB.
Total: 25.731000 ms (FindLiveObjects: 1.918600 ms CreateObjectMapping: 1.681400 ms MarkObjects: 15.281400 ms  DeleteObjects: 6.846900 ms)

Prepare: number of updated asset objects reloaded= 0
========================================================================
Received Prepare
AcceleratorClientConnectionCallback - disconnected - :0
Refreshing native plugins compatible for Editor in 8.12 ms, found 4 plugins.
Unloading 22 Unused Serialized files (Serialized files now loaded: 0)
Unloading 6690 unused Assets / (5.6 MB). Loaded Objects now: 7807.
Memory consumption went from 481.7 MB to 476.1 MB.
Total: 22.870700 ms (FindLiveObjects: 1.905700 ms CreateObjectMapping: 1.466100 ms MarkObjects: 12.181500 ms  DeleteObjects: 7.316200 ms)

Prepare: number of updated asset objects reloaded= 0
========================================================================
Received Prepare
AcceleratorClientConnectionCallback - disconnected - :0
Refreshing native plugins compatible for Editor in 4.96 ms, found 4 plugins.
Unloading 22 Unused Serialized files (Serialized files now loaded: 0)
Unloading 6690 unused Assets / (5.3 MB). Loaded Objects now: 7807.
Memory consumption went from 484.4 MB to 479.1 MB.
Total: 23.576400 ms (FindLiveObjects: 2.912100 ms CreateObjectMapping: 1.905500 ms MarkObjects: 9.254500 ms  DeleteObjects: 9.502500 ms)

Prepare: number of updated asset objects reloaded= 0
========================================================================
Received Prepare
AcceleratorClientConnectionCallback - disconnected - :0
Refreshing native plugins compatible for Editor in 8.73 ms, found 4 plugins.
Unloading 22 Unused Serialized files (Serialized files now loaded: 0)
Unloading 6690 unused Assets / (5.8 MB). Loaded Objects now: 7807.
Memory consumption went from 487.1 MB to 481.3 MB.
Total: 33.277900 ms (FindLiveObjects: 3.346700 ms CreateObjectMapping: 2.585200 ms MarkObjects: 17.947600 ms  DeleteObjects: 9.396500 ms)

Prepare: number of updated asset objects reloaded= 0
========================================================================
Received Prepare
AcceleratorClientConnectionCallback - disconnected - :0
Refreshing native plugins compatible for Editor in 8.37 ms, found 4 plugins.
Unloading 22 Unused Serialized files (Serialized files now loaded: 0)
Unloading 6690 unused Assets / (4.7 MB). Loaded Objects now: 7807.
Memory consumption went from 489.7 MB to 485.0 MB.
Total: 32.110000 ms (FindLiveObjects: 3.255200 ms CreateObjectMapping: 2.450300 ms MarkObjects: 17.865600 ms  DeleteObjects: 8.536700 ms)

Prepare: number of updated asset objects reloaded= 0
========================================================================
Received Prepare
AcceleratorClientConnectionCallback - disconnected - :0
Refreshing native plugins compatible for Editor in 4.62 ms, found 4 plugins.
Unloading 22 Unused Serialized files (Serialized files now loaded: 0)
Unloading 6690 unused Assets / (5.6 MB). Loaded Objects now: 7807.
Memory consumption went from 492.4 MB to 486.8 MB.
Total: 22.024600 ms (FindLiveObjects: 1.832200 ms CreateObjectMapping: 1.834200 ms MarkObjects: 12.212100 ms  DeleteObjects: 6.144300 ms)

Prepare: number of updated asset objects reloaded= 0
========================================================================
Received Prepare
AcceleratorClientConnectionCallback - disconnected - :0
Refreshing native plugins compatible for Editor in 7.24 ms, found 4 plugins.
Unloading 22 Unused Serialized files (Serialized files now loaded: 0)
Unloading 6690 unused Assets / (5.8 MB). Loaded Objects now: 7807.
Memory consumption went from 495.0 MB to 489.3 MB.
Total: 34.346300 ms (FindLiveObjects: 1.906500 ms CreateObjectMapping: 2.117600 ms MarkObjects: 21.803700 ms  DeleteObjects: 8.516700 ms)

Prepare: number of updated asset objects reloaded= 0
========================================================================
Received Prepare
AcceleratorClientConnectionCallback - disconnected - :0
Refreshing native plugins compatible for Editor in 9.22 ms, found 4 plugins.
Unloading 22 Unused Serialized files (Serialized files now loaded: 0)
Unloading 6690 unused Assets / (5.6 MB). Loaded Objects now: 7807.
Memory consumption went from 497.7 MB to 492.2 MB.
Total: 28.110000 ms (FindLiveObjects: 2.032200 ms CreateObjectMapping: 2.097500 ms MarkObjects: 15.705900 ms  DeleteObjects: 8.272000 ms)

Prepare: number of updated asset objects reloaded= 0
========================================================================
Received Prepare
AcceleratorClientConnectionCallback - disconnected - :0
[Licensing::Client] Successfully resolved entitlement details
Begin MonoManager ReloadAssembly
Symbol file LoadedFromMemory is not a mono symbol file
Native extension for WindowsStandalone target not found
[Package Manager] Failed to launch server process. Reason: Unity was launched with the -noUpm command-line argument
[Package Manager] Unable to send message (not connected to server process).
[Package Manager] Cannot connect to Unity Package Manager local server
[Package Manager] Failed to launch server process. Reason: Unity was launched with the -noUpm command-line argument
[Package Manager] Unable to send message (not connected to server process).
[Package Manager] Cannot connect to Unity Package Manager local server
ScheduleIndexationOnStartup MainProcess:False IndexOnStartup:True
Mono: successfully reloaded assembly
- Finished resetting the current domain, in  0.670 seconds
Domain Reload Profiling: 1799ms
	BeginReloadAssembly (364ms)
		DisableScriptedObjects (29ms)
		CreateAndSetChildDomain (95ms)
	RebuildCommonClasses (8ms)
	RebuildNativeTypeToScriptingClass (13ms)
	initialDomainReloadingComplete (82ms)
	LoadAllAssembliesAndSetupDomain (661ms)
		LoadAssemblies (494ms)
		AnalyzeDomain (191ms)
			TypeCache.Refresh (13ms)
			BuildScriptInfoCaches (170ms)
			ResolveRequiredComponents (5ms)
	FinalizeReload (671ms)
		SetupLoadedEditorAssemblies (0ms)
			BeforeProcessingInitializeOnLoad (80ms)
			ProcessInitializeOnLoadAttributes (234ms)
			ProcessInitializeOnLoadMethodAttributes (118ms)
			AfterProcessingInitializeOnLoad (7ms)
		AwakeInstancesAfterBackupRestoration (24ms)
Unloading 22 Unused Serialized files (Serialized files now loaded: 0)
Unloading 6701 unused Assets / (4.7 MB). Loaded Objects now: 7810.
Memory consumption went from 501.0 MB to 496.3 MB.
Total: 7.592600 ms (FindLiveObjects: 0.648800 ms CreateObjectMapping: 0.570100 ms MarkObjects: 3.792500 ms  DeleteObjects: 2.579500 ms)

Prepare: number of updated asset objects reloaded= 0
========================================================================
Received Prepare
AcceleratorClientConnectionCallback - disconnected - :0
Refreshing native plugins compatible for Editor in 5.84 ms, found 4 plugins.
Unloading 22 Unused Serialized files (Serialized files now loaded: 0)
Unloading 6690 unused Assets / (5.3 MB). Loaded Objects now: 7810.
Memory consumption went from 503.8 MB to 498.5 MB.
Total: 30.574800 ms (FindLiveObjects: 2.106500 ms CreateObjectMapping: 1.543600 ms MarkObjects: 18.304000 ms  DeleteObjects: 8.618800 ms)

Prepare: number of updated asset objects reloaded= 0
========================================================================
Received Prepare
AcceleratorClientConnectionCallback - disconnected - :0
Begin MonoManager ReloadAssembly
Symbol file LoadedFromMemory is not a mono symbol file
Native extension for WindowsStandalone target not found
[Package Manager] Failed to launch server process. Reason: Unity was launched with the -noUpm command-line argument
[Package Manager] Unable to send message (not connected to server process).
[Package Manager] Cannot connect to Unity Package Manager local server
[Package Manager] Failed to launch server process. Reason: Unity was launched with the -noUpm command-line argument
[Package Manager] Unable to send message (not connected to server process).
[Package Manager] Cannot connect to Unity Package Manager local server
ScheduleIndexationOnStartup MainProcess:False IndexOnStartup:True
Mono: successfully reloaded assembly
- Finished resetting the current domain, in  0.630 seconds
Domain Reload Profiling: 1469ms
	BeginReloadAssembly (217ms)
		DisableScriptedObjects (11ms)
		CreateAndSetChildDomain (48ms)
	RebuildCommonClasses (7ms)
	RebuildNativeTypeToScriptingClass (15ms)
	initialDomainReloadingComplete (65ms)
	LoadAllAssembliesAndSetupDomain (534ms)
		LoadAssemblies (332ms)
		AnalyzeDomain (191ms)
			TypeCache.Refresh (10ms)
			BuildScriptInfoCaches (173ms)
			ResolveRequiredComponents (5ms)
	FinalizeReload (631ms)
		SetupLoadedEditorAssemblies (0ms)
			BeforeProcessingInitializeOnLoad (75ms)
			ProcessInitializeOnLoadAttributes (223ms)
			ProcessInitializeOnLoadMethodAttributes (114ms)
			AfterProcessingInitializeOnLoad (7ms)
		AwakeInstancesAfterBackupRestoration (22ms)
Unloading 22 Unused Serialized files (Serialized files now loaded: 0)
Unloading 6701 unused Assets / (3.5 MB). Loaded Objects now: 7813.
Memory consumption went from 507.6 MB to 504.1 MB.
Total: 7.811300 ms (FindLiveObjects: 0.724300 ms CreateObjectMapping: 0.483000 ms MarkObjects: 4.601500 ms  DeleteObjects: 2.001300 ms)

Prepare: number of updated asset objects reloaded= 0
========================================================================
Received Prepare
AcceleratorClientConnectionCallback - disconnected - :0
Refreshing native plugins compatible for Editor in 2.00 ms, found 4 plugins.
Unloading 22 Unused Serialized files (Serialized files now loaded: 0)
Unloading 6686 unused Assets / (5.8 MB). Loaded Objects now: 7809.
Memory consumption went from 510.4 MB to 504.6 MB.
Total: 10.357800 ms (FindLiveObjects: 0.733500 ms CreateObjectMapping: 0.612800 ms MarkObjects: 4.826700 ms  DeleteObjects: 4.183400 ms)

Prepare: number of updated asset objects reloaded= 0
